Symbol,As_Of,Catalyst,Score,Catalyst_Score,Alpha,Stage,JdK_RS_Ratio,JdK_RS_Momentum,RRG_Quadrant,RRG_Trajectory,RRG_Next,RRG_Arrow,RRG_Score,RRG_Tradeable,ML_Prob,Rel_Vol,RSI,VCP_Valid,VCP_Score,Pivot_Price,Broke_Pivot,Days_Since_Pivot,Entry,SL_pct,T1_pct,T2_pct,T1_R,T2_R,Regime,Counter_Trend,Suggested_Size,Swing_Pct_Current,Swing_Pct_Prev,IC_Ratio,Leg_Vel_Pct,Prev_Leg_Vel_Pct,Vel_Accel,EMA20_Dist_ATR,Active_Dir,Conviction,Combined_Score,Stale_Data
PHOENIXLTD,2026-06-30,POS-BO,67,67,90,2,104.43,100.41,LEADING,LEADING (stable),LEADING,→,2,True,55.8,1.67,79.8,False,40,1809.6,True,37.0,2018.5,10.98,54.92,109.85,5.0,10.0,BEAR,True,7%,9.69,3.85,2.52,2.42,1.28,UP,2.83,UP,,67.0,False
WELCORP,2026-06-30,POS-BO,67,67,50,2,113.53,100.02,LEADING,LEADING -> WEAKENING,WEAKENING,↙,2,False,62.7,0.78,67.2,False,50,1413.6,True,28.0,1477.6,13.08,65.42,130.84,5.0,10.0,BEAR,True,2%,7.85,4.01,1.96,0.79,4.01,DOWN,1.26,UP,,67.0,False
IKS,2026-06-30,SWG-BO,67,67,90,3,105.2,100.74,LEADING,LEADING -> WEAKENING,WEAKENING,↙,2,False,52.2,4.85,67.8,False,40,1706.0,True,28.0,1800.2,4.61,13.84,23.06,3.0,5.0,BEAR,True,7%,-3.34,7.46,-0.45,-0.84,1.49,DOWN,2.05,DOWN,6.5,66.0,False
RADICO,2026-06-30,POS-BO,57,57,50,2,108.97,100.42,LEADING,LEADING -> WEAKENING,WEAKENING,↙,2,False,69.2,0.54,84.5,False,40,3599.9,True,43.0,3952.6,9.34,46.71,93.42,5.0,10.0,BEAR,True,2%,-3.7,11.06,-0.33,-0.62,1.11,DOWN,2.74,DOWN,7.5,66.0,False
HONASA,2026-06-30,None,37,37,30,2,114.71,100.35,LEADING,LEADING (stable),LEADING,→,2,True,73.0,0.62,76.6,False,50,419.95,True,35.0,466.5,5.48,16.43,27.39,3.0,5.0,BEAR,False,5%,17.15,10.08,1.7,1.91,2.52,DOWN,2.76,UP,9.0,63.5,False
VIJAYA,2026-07-01,None,47,47,80,2,111.97,100.98,LEADING,LEADING -> WEAKENING,WEAKENING,↙,2,False,56.3,1.06,65.7,False,50,1367.8,True,7.0,1397.8,6.5,19.51,32.52,3.0,5.0,BEAR,False,15%,1.22,10.53,0.12,0.61,3.51,DOWN,1.26,DOWN,8.0,63.5,False
WOCKPHARMA,2026-06-30,None,35,35,40,2,117.35,101.48,LEADING,LEADING -> WEAKENING,WEAKENING,↙,2,False,63.5,0.23,66.1,False,60,2022.8,False,14.0,1962.7,7.03,21.1,35.17,3.0,5.0,BEAR,False,5%,2.81,11.05,0.25,1.4,1.84,DOWN,0.38,UP,8.5,60.0,False
OLECTRA,2026-06-30,None,27,27,80,1,110.61,100.29,LEADING,LEADING -> WEAKENING,WEAKENING,↘,2,False,53.8,1.19,77.1,False,50,1321.3,True,27.0,1512.4,6.11,18.33,30.56,3.0,5.0,BEAR,False,15%,4.27,7.07,0.6,1.42,2.36,DOWN,1.74,UP,9.0,58.5,False
NEULANDLAB,2026-06-30,None,32,32,50,2,108.01,100.46,LEADING,LEADING -> WEAKENING,WEAKENING,↙,2,False,67.6,0.7,77.7,False,40,17666.0,True,54.0,18786.0,4.78,14.33,23.88,3.0,5.0,BEAR,False,5%,-0.3,13.1,-0.02,-0.07,2.18,DOWN,2.04,DOWN,8.5,58.5,False
ACUTAAS,2026-07-01,None,30,30,30,2,115.64,99.49,WEAKENING,WEAKENING (stable),WEAKENING,→,0,False,73.0,0.8,79.3,False,40,3328.3,True,27.0,3691.8,5.63,16.89,28.15,3.0,5.0,BEAR,False,5%,24.71,9.79,2.53,2.25,9.79,DOWN,2.91,UP,8.5,57.5,False
GVT&D,2026-07-01,None,30,30,45,2,110.91,99.62,WEAKENING,WEAKENING -> LEADING,LEADING,↑,0,True,57.6,1.1,52.5,False,25,5533.5,False,13.0,4822.8,7.7,23.11,38.52,3.0,5.0,BEAR,False,5%,2.15,19.67,0.11,0.72,6.56,DOWN,-0.67,UP,8.5,57.5,False
GMRAIRPORT,2026-06-30,POS-BO,57,57,40,2,107.66,100.61,LEADING,LEADING (stable),LEADING,↗,2,True,70.8,0.96,80.6,False,40,101.32,True,54.0,113.53,10.61,53.07,106.14,5.0,10.0,BEAR,True,2%,6.73,4.49,1.5,1.68,1.12,UP,2.31,UP,,57.0,False
SOLARINDS,2026-06-30,None,27,27,50,2,108.04,100.18,LEADING,LEADING -> WEAKENING,WEAKENING,↙,2,False,59.2,0.78,59.2,False,50,18441.0,True,9.0,18610.0,4.78,14.34,23.91,3.0,5.0,BEAR,False,5%,7.73,7.32,1.06,3.87,2.44,UP,1.2,UP,8.5,56.0,False
NAVINFLUOR,2026-06-30,None,27,27,50,2,105.57,100.08,LEADING,LEADING -> IMPROVING,IMPROVING,←,2,True,62.8,0.26,68.9,False,50,7445.5,True,37.0,7585.0,4.34,13.01,21.69,3.0,5.0,BEAR,False,5%,11.77,10.89,1.08,0.78,1.21,DOWN,0.93,UP,8.5,56.0,False
NYKAA,2026-06-30,None,27,27,40,2,105.89,100.26,LEADING,LEADING (stable),LEADING,↗,2,True,69.8,0.8,82.8,False,40,277.25,True,40.0,308.65,3.91,11.74,19.57,3.0,5.0,BEAR,False,5%,2.83,3.2,0.89,1.42,1.6,DOWN,2.29,UP,8.5,56.0,False
CGPOWER,2026-06-30,None,37,37,50,2,111.36,100.08,LEADING,LEADING -> IMPROVING,IMPROVING,←,2,True,62.9,0.83,67.3,False,50,963.75,True,14.0,976.5,4.07,12.2,20.33,3.0,5.0,BEAR,False,5%,7.07,6.35,1.11,1.77,1.59,UP,1.6,UP,7.5,56.0,False
CEMPRO,2026-06-30,None,37,37,30,2,136.37,102.95,LEADING,LEADING -> WEAKENING,WEAKENING,↙,2,False,64.0,0.46,62.4,False,60,1273.2,True,9.0,1363.3,6.61,19.83,33.06,3.0,5.0,BEAR,False,5%,-5.26,15.68,-0.34,-1.05,2.24,DOWN,2.93,DOWN,7.5,56.0,False
NETWEB,2026-07-01,None,25,25,15,2,118.28,101.06,LEADING,LEADING (stable),LEADING,↗,2,True,67.7,0.51,55.8,False,35,5111.1,False,10.0,4435.0,8.3,24.89,41.49,3.0,5.0,BEAR,False,5%,1.12,19.56,0.06,0.37,3.91,DOWN,-0.8,UP,8.5,55.0,False
GRANULES,2026-06-30,POS-BO,55,55,50,2,106.23,99.57,WEAKENING,WEAKENING -> LAGGING,LAGGING,↙,0,False,62.7,0.76,65.0,False,50,793.8,True,28.0,811.4,12.61,63.04,126.09,5.0,10.0,BEAR,True,2%,6.97,5.99,1.17,2.32,2.99,DOWN,1.35,UP,,55.0,False
IPCALAB,2026-06-30,POS-BO,55,55,40,2,103.24,99.61,WEAKENING,WEAKENING (stable),WEAKENING,→,0,False,64.0,0.78,62.2,False,40,1649.4,True,23.0,1696.4,12.65,63.24,126.48,5.0,10.0,BEAR,True,2%,10.88,9.15,1.19,1.36,1.31,FLAT,1.53,UP,,55.0,False
AJANTPHARM,2026-06-30,POS-BO,55,55,40,2,104.96,99.92,WEAKENING,WEAKENING -> LEADING,LEADING,↗,0,True,65.7,0.68,67.4,False,30,3259.2,True,48.0,3347.5,14.32,71.61,143.23,5.0,10.0,BEAR,True,2%,10.53,4.97,2.12,1.05,2.48,DOWN,1.45,UP,,55.0,False
ATHERENERG,2026-06-30,POS-BO,55,55,60,2,109.45,99.28,WEAKENING,WEAKENING (stable),WEAKENING,↓,0,False,59.6,1.14,64.1,False,50,1042.0,True,21.0,1130.4,17.57,87.87,175.74,5.0,10.0,BEAR,True,2%,18.95,12.48,1.52,2.37,1.56,UP,2.22,UP,,55.0,False
SAREGAMA,2026-06-30,None,39,39,40,2,119.74,101.18,LEADING,LEADING (stable),LEADING,→,2,True,69.6,0.07,76.6,False,50,476.2,True,26.0,492.35,5.88,17.64,29.41,3.0,5.0,BEAR,False,5%,3.56,10.48,0.34,1.78,5.24,DOWN,1.49,DOWN,7.0,54.5,False
RRKABEL,2026-06-30,None,34,34,60,2,123.8,101.78,LEADING,LEADING -> IMPROVING,IMPROVING,←,2,True,58.4,0.4,70.0,False,50,2502.3,False,2.0,2381.7,6.1,18.3,30.5,3.0,5.0,BEAR,False,5%,7.02,23.5,0.3,3.51,2.14,UP,1.08,DOWN,7.5,54.5,False
REDINGTON,2026-06-30,None,20,20,40,4,111.8,101.66,LEADING,LEADING (stable),LEADING,↗,2,True,63.3,0.62,77.3,False,50,286.4,False,6.0,273.65,5.73,17.18,28.64,3.0,5.0,BEAR,False,5%,6.4,28.21,0.23,2.13,2.82,DOWN,1.27,DOWN,8.5,52.5,False
CAPLIPOINT,2026-07-01,None,39,39,40,2,120.17,101.63,LEADING,LEADING (stable),LEADING,↗,2,True,59.3,0.36,65.4,False,60,2077.9,True,38.0,2538.2,5.49,16.47,27.44,3.0,5.0,BEAR,False,5%,5.39,15.03,0.36,2.69,1.88,UP,1.52,DOWN,6.5,52.0,False
NAM-INDIA,2026-07-01,None,27,27,40,2,109.23,100.64,LEADING,LEADING -> IMPROVING,IMPROVING,←,2,True,71.9,0.67,80.5,False,60,1188.4,True,10.0,1213.2,4.59,13.76,22.94,3.0,5.0,BEAR,False,5%,7.41,5.71,1.3,2.47,1.43,UP,1.8,UP,7.5,51.0,False
ENRIN,2026-06-30,None,17,17,25,2,108.74,99.98,WEAKENING,WEAKENING -> LAGGING,LAGGING,←,0,False,67.6,0.54,60.7,False,50,3863.5,False,9.0,3639.8,6.13,18.38,30.63,3.0,5.0,BEAR,False,5%,2.82,10.45,0.27,1.41,3.48,DOWN,-0.01,UP,8.5,51.0,False
MCX,2026-06-30,None,15,15,85,2,97.14,98.91,LAGGING,LAGGING (stable),LAGGING,↙,0,False,50.0,1.56,66.7,False,25,3441.7,False,42.0,2962.0,5.19,15.56,25.94,3.0,5.0,BEAR,False,15%,5.71,2.88,1.98,1.43,1.44,FLAT,0.69,UP,8.5,50.0,False
LUPIN,2026-06-30,None,15,15,60,2,99.66,99.2,LAGGING,LAGGING -> WEAKENING,WEAKENING,→,0,False,61.5,0.41,73.7,False,30,2460.1,False,55.0,2397.5,3.0,9.0,15.01,3.0,5.0,BEAR,False,5%,6.39,2.24,2.86,0.71,1.12,DOWN,1.33,UP,8.5,50.0,False
BSE,2026-06-30,None,15,15,15,2,104.1,99.45,WEAKENING,WEAKENING -> LAGGING,LAGGING,↙,0,False,64.8,0.6,50.9,False,60,4162.4,False,15.0,3944.1,4.72,14.15,23.59,3.0,5.0,BEAR,False,5%,2.44,3.16,0.77,1.22,3.16,DOWN,-0.13,UP,8.5,50.0,False
POWERINDIA,2026-06-30,None,15,15,0,2,106.16,98.91,WEAKENING,WEAKENING -> LAGGING,LAGGING,↙,0,False,72.7,0.72,55.9,False,50,36880.0,False,12.0,34250.0,6.21,18.64,31.06,3.0,5.0,BEAR,False,5%,3.41,12.73,0.27,1.71,4.24,DOWN,-0.52,UP,8.5,50.0,False
KPIL,2026-06-30,None,24,24,30,2,105.04,100.14,LEADING,LEADING -> IMPROVING,IMPROVING,←,2,True,65.3,0.67,62.0,False,40,1439.7,False,9.0,1355.7,5.37,16.11,26.85,3.0,5.0,BEAR,False,5%,1.31,10.57,0.12,0.65,3.52,DOWN,0.16,UP,7.5,49.5,False
ZYDUSLIFE,2026-06-30,None,32,32,40,2,108.4,100.28,LEADING,LEADING -> IMPROVING,IMPROVING,←,2,True,57.3,0.6,53.5,False,40,1105.9,True,20.0,1109.2,3.37,10.11,16.85,3.0,5.0,BEAR,False,5%,1.51,6.85,0.22,0.38,1.37,DOWN,0.87,DOWN,6.5,48.5,False
RAINBOW,2026-06-30,None,17,17,30,3,105.45,100.06,LEADING,LEADING -> WEAKENING,WEAKENING,↙,2,False,66.1,0.46,69.0,False,50,1470.8,False,12.0,1422.3,4.2,12.59,20.98,3.0,5.0,BEAR,False,5%,2.32,7.55,0.31,1.16,1.51,DOWN,0.47,UP,8.0,48.5,False
OFSS,2026-06-30,None,22,22,50,2,109.28,100.67,LEADING,LEADING -> WEAKENING,WEAKENING,↙,2,False,67.8,0.83,79.0,False,40,10344.5,True,29.0,10863.0,5.01,15.04,25.06,3.0,5.0,BEAR,False,5%,20.03,16.96,1.18,1.54,1.88,DOWN,2.17,UP,7.5,48.5,False
GRSE,2026-06-30,None,20,20,25,2,100.69,100.06,LEADING,LEADING -> IMPROVING,IMPROVING,←,2,True,64.2,0.38,59.6,False,50,2860.6,False,9.0,2738.6,5.1,15.31,25.52,3.0,5.0,BEAR,False,5%,7.16,16.0,0.45,1.19,2.29,DOWN,0.15,DOWN,7.5,47.5,False
SONACOMS,2026-06-30,None,20,20,50,2,103.22,99.6,WEAKENING,WEAKENING -> LAGGING,LAGGING,←,0,False,68.3,0.45,77.4,False,40,618.7,True,35.0,619.4,3.72,11.15,18.58,3.0,5.0,BEAR,False,5%,2.07,8.61,0.24,0.69,0.86,DOWN,0.7,DOWN,7.5,47.5,False
NESTLEIND,2026-07-01,None,20,20,50,2,101.11,99.99,WEAKENING,WEAKENING -> LAGGING,LAGGING,↙,0,False,55.8,0.59,54.9,False,40,1438.3,True,22.0,1446.2,3.31,9.92,16.53,3.0,5.0,BEAR,False,5%,4.75,3.63,1.31,0.95,1.81,DOWN,1.14,UP,7.5,47.5,False
ANTHEM,2026-06-30,None,9,0,0,2,100.0,100.0,n/a,n/a,n/a,•,0,False,72.6,0.43,49.1,True,90,798.1,False,13.0,763.1,4.48,13.44,22.39,3.0,5.0,BEAR,False,5%,1.06,7.91,0.13,0.21,3.95,DOWN,-0.35,UP,8.5,47.0,False
LAURUSLABS,2026-07-01,None,47,47,80,2,113.79,100.64,LEADING,LEADING -> WEAKENING,WEAKENING,↙,2,False,54.9,1.16,73.0,False,50,1446.8,True,27.0,1528.0,4.17,12.52,20.87,3.0,5.0,BEAR,False,15%,13.78,8.5,1.62,1.25,1.42,DOWN,2.17,UP,,47.0,False
WELSPUNLIV,2026-06-30,None,47,47,90,2,111.88,101.12,LEADING,LEADING (stable),LEADING,→,2,True,48.5,1.66,71.2,False,40,169.84,False,7.0,165.26,5.39,16.16,26.94,3.0,5.0,BEAR,False,15%,3.47,28.24,0.12,0.87,3.14,DOWN,1.82,DOWN,,47.0,False
PREMIERENE,2026-06-30,None,7,7,30,3,102.5,98.57,WEAKENING,WEAKENING -> LAGGING,LAGGING,↙,0,False,58.0,0.3,45.6,False,50,1079.6,False,12.0,1051.6,4.6,13.79,22.99,3.0,5.0,BEAR,False,5%,3.25,6.77,0.48,1.62,1.35,UP,0.06,UP,8.5,46.0,False
AIAENG,2026-06-30,None,42,42,70,2,112.99,100.87,LEADING,LEADING (stable),LEADING,→,2,True,59.0,1.31,75.8,False,50,4630.7,True,26.0,4996.0,5.11,15.33,25.55,3.0,5.0,BEAR,False,15%,3.93,5.27,0.75,1.31,2.63,DOWN,1.9,UP,5.0,46.0,False
TITAN,2026-06-30,None,15,15,90,2,99.12,99.44,LAGGING,LAGGING -> WEAKENING,WEAKENING,→,0,False,52.8,1.04,74.6,False,50,4260.2,True,26.0,4398.6,3.48,10.43,17.39,3.0,5.0,BEAR,False,15%,4.11,5.13,0.8,1.37,1.28,FLAT,1.08,UP,7.5,45.0,False
CEATLTD,2026-06-30,None,0,0,90,4,99.5,100.01,IMPROVING,IMPROVING -> LEADING,LEADING,↗,0,True,49.6,1.5,76.8,False,50,3331.3,True,37.0,3634.8,4.2,12.61,21.02,3.0,5.0,BEAR,False,15%,7.57,5.06,1.5,3.79,5.06,DOWN,2.2,UP,9.0,45.0,False
TRITURBINE,2026-07-01,None,30,30,15,2,115.9,101.21,LEADING,LEADING -> WEAKENING,WEAKENING,↙,2,False,68.3,0.27,55.1,False,40,737.3,False,10.0,664.8,7.18,21.55,35.91,3.0,5.0,BEAR,False,5%,5.14,5.83,0.88,2.57,5.83,DOWN,-0.35,DOWN,6.0,45.0,False
VBL,2026-06-30,None,24,24,15,2,103.18,100.66,LEADING,LEADING -> WEAKENING,WEAKENING,↙,2,False,60.8,0.64,44.1,False,50,544.05,False,14.0,515.7,3.94,11.83,19.72,3.0,5.0,BEAR,False,5%,2.66,10.64,0.25,1.33,1.52,DOWN,-0.16,UP,6.5,44.5,False
GESHIP,2026-07-01,None,3,3,10,2,96.04,98.23,LAGGING,LAGGING (stable),LAGGING,↙,0,False,68.2,0.35,55.7,False,60,1523.2,False,3.0,1421.9,6.86,20.58,34.3,3.0,5.0,BEAR,False,5%,8.02,13.6,0.59,2.67,1.24,UP,-0.63,DOWN,8.5,44.0,False
VEDL,2026-06-30,None,3,3,-10,2,97.03,99.15,LAGGING,LAGGING (stable),LAGGING,↙,0,False,60.7,0.45,37.0,False,15,354.7,False,35.0,275.55,6.13,18.39,30.66,3.0,5.0,BEAR,False,5%,1.87,14.23,0.13,0.93,2.37,DOWN,-1.9,UP,8.5,44.0,False
HSCL,2026-06-30,None,37,37,45,2,112.9,100.67,LEADING,LEADING -> WEAKENING,WEAKENING,↙,2,False,50.9,1.32,38.0,False,50,679.2,False,1.0,645.55,7.55,22.66,37.77,3.0,5.0,BEAR,False,5%,2.46,13.96,0.18,0.62,3.49,DOWN,-0.4,UP,5.0,43.5,False
EICHERMOT,2026-06-30,None,27,27,40,2,100.97,100.16,LEADING,LEADING (stable),LEADING,↗,2,True,51.5,1.02,47.2,False,40,7639.5,False,9.0,7139.0,3.97,11.92,19.86,3.0,5.0,BEAR,False,5%,8.61,11.57,0.74,2.87,0.68,UP,-1.17,DOWN,6.0,43.5,False
OBEROIRLTY,2026-06-30,None,2,2,80,1,101.23,99.74,WEAKENING,WEAKENING -> LAGGING,LAGGING,↙,0,False,61.7,1.2,87.9,False,40,1712.4,True,37.0,1804.6,3.88,11.65,19.42,3.0,5.0,BEAR,False,15%,-5.08,8.75,-0.58,-0.51,2.92,DOWN,2.12,DOWN,8.5,43.5,False
KPRMILL,2026-06-30,None,37,37,80,2,113.47,100.82,LEADING,LEADING (stable),LEADING,→,2,True,51.5,1.35,65.4,False,40,1218.45,False,7.0,1191.6,7.59,22.77,37.95,3.0,5.0,BEAR,False,15%,11.95,18.74,0.64,2.99,18.74,DOWN,1.34,DOWN,5.0,43.5,False
EMCURE,2026-06-30,None,22,22,50,2,103.24,99.51,WEAKENING,WEAKENING -> LAGGING,LAGGING,↙,0,False,60.9,0.68,63.3,False,50,1756.8,True,26.0,1830.9,5.18,15.54,25.91,3.0,5.0,BEAR,False,5%,6.18,15.78,0.39,2.06,1.75,UP,0.79,DOWN,6.5,43.5,False
BAJAJ-AUTO,2026-06-30,None,0,0,0,2,98.04,99.62,LAGGING,LAGGING (stable),LAGGING,↙,0,False,61.3,0.49,39.5,False,30,10808.5,False,35.0,9842.0,3.43,10.3,17.17,3.0,5.0,BEAR,False,5%,4.33,3.7,1.17,0.72,0.92,DOWN,-0.7,DOWN,8.5,42.5,False
EMMVEE,2026-06-30,None,0,0,40,0,100.0,100.0,n/a,n/a,n/a,•,0,False,64.0,0.85,60.7,False,60,343.55,True,19.0,351.95,6.19,18.57,30.95,3.0,5.0,BEAR,False,5%,-2.06,6.49,-0.32,-0.69,2.16,DOWN,1.57,DOWN,8.5,42.5,False
CPPLUS,2026-06-30,None,0,0,50,2,100.0,100.0,n/a,n/a,n/a,•,0,False,55.5,0.49,57.1,False,60,3537.6,True,27.0,3572.3,6.57,19.72,32.86,3.0,5.0,BEAR,False,5%,1.75,6.53,0.27,0.88,1.63,DOWN,0.98,UP,8.5,42.5,False
KALYANKJIL,2026-06-30,None,0,0,50,4,95.63,99.38,LAGGING,LAGGING -> WEAKENING,WEAKENING,→,0,False,56.1,0.42,71.3,False,40,371.85,True,26.0,381.05,5.24,15.71,26.19,3.0,5.0,BEAR,False,5%,5.23,6.95,0.75,1.31,3.47,DOWN,0.59,UP,8.5,42.5,False
MAZDOCK,2026-06-30,None,0,0,50,4,97.64,99.52,LAGGING,LAGGING (stable),LAGGING,↙,0,False,57.7,0.65,68.1,False,40,2552.4,False,14.0,2535.7,4.13,12.39,20.66,3.0,5.0,BEAR,False,5%,9.53,7.08,1.35,0.73,1.42,DOWN,0.76,UP,8.5,42.5,False
TRENT,2026-06-30,None,20,20,50,2,108.28,100.72,LEADING,LEADING (stable),LEADING,→,2,True,61.4,0.5,82.8,False,40,2866.68,True,37.0,3290.3,4.09,12.26,20.43,3.0,5.0,BEAR,False,5%,0.66,23.58,0.03,0.33,2.14,DOWN,2.49,DOWN,6.5,42.5,False
GLAND,2026-06-30,None,42,42,40,2,111.65,100.76,LEADING,LEADING -> WEAKENING,WEAKENING,↙,2,False,65.4,0.78,67.4,False,50,2334.0,True,40.0,2465.2,5.3,15.89,26.48,3.0,5.0,BEAR,False,5%,13.09,4.13,3.17,2.18,2.06,FLAT,2.05,UP,,42.0,False
AEGISLOG,2026-06-30,None,42,42,80,2,133.85,102.85,LEADING,LEADING (stable),LEADING,↗,2,True,57.0,1.2,97.1,False,40,739.65,True,55.0,1254.7,6.49,19.46,32.43,3.0,5.0,BEAR,False,15%,-12.84,46.28,-0.28,-2.14,3.86,DOWN,4.57,DOWN,,42.0,False
ADANIENT,2026-06-30,None,42,42,80,2,115.51,101.26,LEADING,LEADING -> WEAKENING,WEAKENING,↙,2,False,52.4,1.29,66.0,False,50,3048.2,True,26.0,3143.6,4.27,12.81,21.34,3.0,5.0,BEAR,False,15%,6.38,5.08,1.26,3.19,5.08,DOWN,1.91,UP,,42.0,False
MINDACORP,2026-06-30,None,42,42,80,2,115.48,101.39,LEADING,LEADING (stable),LEADING,↗,2,True,55.9,1.21,73.8,False,40,537.5,True,54.0,709.5,4.81,14.42,24.04,3.0,5.0,BEAR,False,15%,10.83,6.2,1.75,1.2,3.1,DOWN,2.48,UP,,42.0,False
APARINDS,2026-06-30,None,42,42,45,2,117.58,100.19,LEADING,LEADING (stable),LEADING,↗,2,True,52.9,1.75,54.6,False,25,16665.0,False,7.0,14598.0,7.25,21.75,36.25,3.0,5.0,BEAR,False,5%,17.53,9.9,1.77,4.38,3.3,UP,-0.81,DOWN,,42.0,False
TATATECH,2026-06-30,None,32,32,30,2,112.44,101.41,LEADING,LEADING -> WEAKENING,WEAKENING,↙,2,False,44.9,1.08,29.0,False,25,773.55,False,14.0,670.2,5.55,16.64,27.73,3.0,5.0,BEAR,False,5%,14.46,4.71,3.07,2.89,2.35,UP,-2.24,DOWN,5.0,41.0,False
ECLERX,2026-06-30,None,0,0,-10,4,91.43,100.7,IMPROVING,IMPROVING -> LAGGING,LAGGING,↙,0,False,61.2,0.33,46.4,False,40,1456.4,False,14.0,1332.4,6.49,19.48,32.47,3.0,5.0,BEAR,False,5%,10.48,11.43,0.92,1.16,2.86,DOWN,-1.29,DOWN,8.0,40.0,False
IGIL,2026-06-30,None,0,0,70,3,101.21,99.57,WEAKENING,WEAKENING -> LAGGING,LAGGING,←,0,False,44.8,1.4,48.5,False,40,369.25,False,16.0,358.15,5.23,15.7,26.16,3.0,5.0,BEAR,False,15%,1.14,5.43,0.21,0.38,5.43,DOWN,0.01,DOWN,8.0,40.0,False
ENGINERSIN,2026-06-30,None,15,15,10,2,101.28,99.59,WEAKENING,WEAKENING -> LAGGING,LAGGING,←,0,False,68.9,0.52,53.5,False,40,260.24,False,8.0,237.58,6.21,18.62,31.03,3.0,5.0,BEAR,False,5%,11.54,20.45,0.56,2.31,2.56,FLAT,-0.57,DOWN,6.5,40.0,False
APOLLOHOSP,2026-06-30,None,15,15,50,2,104.44,99.8,WEAKENING,WEAKENING (stable),WEAKENING,•,0,False,57.9,0.39,61.9,False,30,7821.5,True,124.0,8618.5,2.44,7.32,12.2,3.0,5.0,BEAR,False,5%,2.82,2.89,0.98,0.28,0.72,DOWN,1.08,UP,6.5,40.0,False
ACE,2026-06-30,None,15,15,70,1,105.23,100.32,LEADING,LEADING (stable),LEADING,→,2,True,55.2,1.22,76.4,False,50,906.25,True,35.0,999.1,4.87,14.61,24.35,3.0,5.0,BEAR,False,15%,2.07,6.97,0.3,1.04,2.32,DOWN,1.21,UP,6.5,40.0,False
LALPATHLAB,2026-06-30,None,19,19,15,2,103.7,100.07,LEADING,LEADING -> WEAKENING,WEAKENING,↙,2,False,69.4,0.29,60.3,False,40,1703.7,False,43.0,1623.1,5.22,15.67,26.11,3.0,5.0,BEAR,False,5%,4.65,4.7,0.99,1.55,1.17,UP,-0.11,DOWN,6.0,39.5,False
JSWINFRA,2026-06-30,None,39,39,100,2,107.71,100.48,LEADING,LEADING (stable),LEADING,→,2,True,47.7,2.11,76.9,False,40,338.4,False,7.0,330.45,5.15,15.46,25.77,3.0,5.0,BEAR,False,15%,3.93,28.85,0.14,0.98,2.06,DOWN,2.21,DOWN,,39.0,False
DATAPATTNS,2026-06-30,None,27,27,40,2,112.63,99.8,WEAKENING,WEAKENING -> LEADING,LEADING,↗,0,True,59.9,0.55,56.0,False,50,4866.2,False,9.0,4533.5,6.96,20.89,34.82,3.0,5.0,BEAR,False,5%,3.62,13.28,0.27,1.81,2.66,DOWN,0.27,UP,5.0,38.5,False
CUMMINSIND,2026-06-30,None,17,17,30,2,104.66,99.48,WEAKENING,WEAKENING -> LAGGING,LAGGING,←,0,False,60.8,0.45,52.6,False,40,5865.0,False,12.0,5663.0,4.2,12.61,21.01,3.0,5.0,BEAR,False,5%,2.86,7.31,0.39,1.43,1.46,FLAT,0.06,UP,6.0,38.5,False
HEROMOTOCO,2026-06-30,None,0,0,40,4,95.32,99.59,LAGGING,LAGGING -> WEAKENING,WEAKENING,→,0,False,49.1,1.2,47.9,False,40,5031.0,False,15.0,4834.9,3.68,11.04,18.4,3.0,5.0,BEAR,False,5%,4.32,2.27,1.91,1.44,0.57,UP,-0.69,DOWN,7.5,37.5,False
3MINDIA,2026-06-30,None,0,0,40,4,99.48,100.23,IMPROVING,IMPROVING -> LEADING,LEADING,↗,0,True,65.1,0.83,69.5,False,40,33615.0,False,37.0,33435.0,4.01,12.02,20.03,3.0,5.0,BEAR,False,5%,3.42,6.08,0.56,1.71,2.03,DOWN,0.73,UP,7.5,37.5,False
M&M,2026-06-30,None,0,0,30,4,97.42,100.11,IMPROVING,IMPROVING -> LEADING,LEADING,→,0,True,63.9,0.85,64.5,False,15,3370.7,False,55.0,3130.0,3.9,11.69,19.49,3.0,5.0,BEAR,False,5%,2.51,6.07,0.41,0.84,6.07,DOWN,0.54,DOWN,7.5,37.5,False
ABB,2026-06-30,None,15,15,0,2,100.9,98.8,WEAKENING,WEAKENING (stable),WEAKENING,→,0,False,70.5,0.34,55.4,False,50,7258.0,False,9.0,6937.0,4.17,12.52,20.87,3.0,5.0,BEAR,False,5%,0.73,6.06,0.12,0.37,1.21,DOWN,-0.43,UP,6.0,37.5,False
GLENMARK,2026-06-30,None,0,0,10,2,94.95,98.71,LAGGING,LAGGING (stable),LAGGING,↙,0,False,65.9,0.61,52.9,False,30,2384.9,False,35.0,2161.9,4.3,12.9,21.51,3.0,5.0,BEAR,False,5%,0.66,4.06,0.16,0.22,2.03,DOWN,-0.49,UP,7.5,37.5,False
MOTHERSON,2026-06-30,None,37,37,30,2,110.13,100.83,LEADING,LEADING (stable),LEADING,↑,2,True,65.0,0.88,59.5,False,40,145.74,True,33.0,147.51,4.81,14.42,24.04,3.0,5.0,BEAR,False,5%,5.25,9.52,0.55,1.75,4.76,DOWN,0.58,DOWN,,37.0,False
ADANIGREEN,2026-06-30,None,37,37,50,2,113.98,100.63,LEADING,LEADING -> WEAKENING,WEAKENING,↙,2,False,59.3,0.61,58.6,False,60,1534.5,False,22.0,1535.0,4.83,14.5,24.17,3.0,5.0,BEAR,False,5%,4.47,5.97,0.75,2.24,1.99,UP,0.96,UP,,37.0,False
TBOTEK,2026-06-30,None,37,37,100,1,111.19,101.86,LEADING,LEADING (stable),LEADING,↗,2,True,45.3,2.43,77.7,False,40,1489.8,True,12.0,1512.0,5.63,16.88,28.14,3.0,5.0,BEAR,False,15%,6.4,5.83,1.1,1.07,5.83,DOWN,2.15,UP,,37.0,False
NUVAMA,2026-06-30,None,37,37,50,2,114.07,101.24,LEADING,LEADING -> WEAKENING,WEAKENING,↓,2,False,68.4,0.27,84.3,False,50,1574.4,True,26.0,1788.1,4.64,13.93,23.21,3.0,5.0,BEAR,False,5%,-0.51,18.79,-0.03,-0.06,3.76,DOWN,1.95,DOWN,,37.0,False
IDEA,2026-06-30,None,37,37,60,2,120.07,102.27,LEADING,LEADING -> IMPROVING,IMPROVING,←,2,True,55.9,0.59,61.4,False,50,15.01,False,13.0,14.64,5.13,15.39,25.66,3.0,5.0,BEAR,False,5%,5.86,9.62,0.61,2.93,1.92,UP,0.59,UP,,37.0,False
MAHABANK,2026-06-30,None,37,37,50,2,110.49,100.41,LEADING,LEADING (stable),LEADING,↗,2,True,59.8,0.72,65.8,False,50,81.17,True,37.0,91.2,4.55,13.64,22.73,3.0,5.0,BEAR,False,5%,3.62,8.35,0.43,1.81,2.78,DOWN,1.38,DOWN,,37.0,False
KIRLOSENG,2026-06-30,None,37,37,60,2,122.07,100.58,LEADING,LEADING (stable),LEADING,↗,2,True,55.0,1.07,74.9,False,40,2563.6,False,7.0,2341.1,7.76,23.27,38.78,3.0,5.0,BEAR,False,5%,16.18,51.86,0.31,3.24,6.48,DOWN,1.55,DOWN,,37.0,False
YESBANK,2026-06-30,None,37,37,60,2,111.05,101.34,LEADING,LEADING -> IMPROVING,IMPROVING,←,2,True,55.6,0.67,65.1,False,40,25.48,False,13.0,24.58,4.3,12.89,21.48,3.0,5.0,BEAR,False,5%,3.25,3.59,0.91,1.63,1.2,UP,0.72,DOWN,,37.0,False
KAJARIACER,2026-06-30,None,17,17,60,2,102.28,99.55,WEAKENING,WEAKENING (stable),WEAKENING,↘,0,False,67.3,0.64,87.6,False,40,1116.4,True,29.0,1203.6,4.09,12.26,20.44,3.0,5.0,BEAR,False,5%,3.03,5.54,0.55,1.52,5.54,DOWN,1.48,UP,5.5,36.0,False
ACMESOLAR,2026-06-30,None,35,35,80,2,116.01,99.69,WEAKENING,WEAKENING (stable),WEAKENING,↘,0,False,59.5,1.31,78.7,False,50,356.65,True,26.0,390.8,6.0,18.01,30.02,3.0,5.0,BEAR,False,15%,19.51,7.65,2.55,2.44,2.55,FLAT,2.67,UP,,35.0,False
CHAMBLFERT,2026-06-30,None,0,0,30,1,101.43,99.7,WEAKENING,WEAKENING (stable),WEAKENING,↓,0,False,53.5,0.34,46.9,False,50,490.0,False,15.0,472.4,3.99,11.96,19.93,3.0,5.0,BEAR,False,5%,2.57,8.09,0.32,1.29,1.01,UP,0.01,UP,7.0,35.0,False
DELHIVERY,2026-06-30,None,35,35,90,2,100.84,99.39,WEAKENING,WEAKENING (stable),WEAKENING,→,0,False,57.4,4.95,79.3,False,40,483.8,True,9.0,507.7,4.66,13.98,23.31,3.0,5.0,BEAR,False,15%,10.41,6.93,1.5,2.6,3.46,DOWN,2.73,UP,,35.0,False
DEEPAKFERT,2026-06-30,None,34,34,40,2,115.97,101.37,LEADING,LEADING -> WEAKENING,WEAKENING,↙,2,False,60.8,0.55,63.5,False,60,1473.9,True,40.0,1604.6,4.93,14.8,24.66,3.0,5.0,BEAR,False,5%,4.39,5.72,0.77,2.2,5.72,DOWN,1.52,UP,,34.0,False
CRAFTSMAN,2026-06-30,None,34,34,30,2,110.27,100.87,LEADING,LEADING -> IMPROVING,IMPROVING,←,2,True,63.3,0.16,57.4,False,60,9806.5,False,12.0,9305.0,5.06,15.17,25.28,3.0,5.0,BEAR,False,5%,1.1,7.98,0.14,0.55,1.6,DOWN,0.24,UP,,34.0,False
UNOMINDA,2026-06-30,None,0,0,0,4,97.75,100.02,IMPROVING,IMPROVING (stable),IMPROVING,←,0,False,67.6,0.39,51.5,False,40,1136.5,False,6.0,1088.1,5.1,15.29,25.49,3.0,5.0,BEAR,False,5%,6.05,11.89,0.51,2.02,1.32,UP,-0.29,DOWN,6.5,32.5,False
SCHAEFFLER,2026-06-30,None,0,0,0,1,98.99,99.47,LAGGING,LAGGING (stable),LAGGING,•,0,False,71.5,0.38,54.9,False,50,4329.9,False,12.0,4116.2,4.73,14.19,23.65,3.0,5.0,BEAR,False,5%,1.61,9.33,0.17,0.8,2.33,DOWN,-0.22,UP,6.5,32.5,False
ULTRACEMCO,2026-06-30,None,0,0,45,4,96.49,99.97,LAGGING,LAGGING -> IMPROVING,IMPROVING,↖,0,True,60.4,0.33,68.0,False,40,12146.0,False,55.0,11456.0,2.85,8.54,14.23,3.0,5.0,BEAR,False,5%,1.9,3.62,0.53,0.63,1.81,DOWN,0.55,DOWN,6.5,32.5,False
TMCV,2026-06-30,None,0,0,80,0,100.0,100.0,n/a,n/a,n/a,•,0,False,58.1,1.27,75.2,False,30,395.65,True,37.0,431.45,5.23,15.68,26.14,3.0,5.0,BEAR,False,15%,0.82,9.39,0.09,0.27,1.57,DOWN,1.77,DOWN,6.5,32.5,False
DOMS,2026-06-30,None,0,0,40,4,96.23,99.37,LAGGING,LAGGING (stable),LAGGING,↘,0,False,63.0,0.3,66.4,False,50,2337.3,False,13.0,2289.0,5.13,15.38,25.63,3.0,5.0,BEAR,False,5%,3.38,7.57,0.45,1.69,1.26,UP,0.37,UP,6.5,32.5,False
MRF,2026-06-30,None,0,0,80,4,96.58,99.75,LAGGING,LAGGING -> WEAKENING,WEAKENING,→,0,False,45.1,1.2,63.7,False,0,,False,,129430.0,3.27,9.8,16.34,3.0,5.0,BEAR,False,15%,4.71,7.51,0.63,2.36,2.5,FLAT,0.56,UP,6.5,32.5,False
JSL,2026-06-30,None,0,0,30,4,92.21,99.24,LAGGING,LAGGING (stable),LAGGING,↙,0,False,57.6,1.07,56.2,False,40,727.9,False,14.0,681.9,4.6,13.79,22.99,3.0,5.0,BEAR,False,5%,1.12,8.61,0.13,0.56,1.23,DOWN,-0.76,UP,6.5,32.5,False
FLUOROCHEM,2026-06-30,None,32,32,80,2,103.58,100.05,LEADING,LEADING -> WEAKENING,WEAKENING,↙,2,False,58.9,1.26,78.6,False,30,3834.0,True,40.0,3930.9,4.42,13.26,22.1,3.0,5.0,BEAR,False,15%,2.62,3.07,0.85,1.31,1.54,DOWN,1.16,UP,,32.0,False
CARBORUNIV,2026-06-30,None,32,32,50,2,110.86,100.39,LEADING,LEADING -> WEAKENING,WEAKENING,↙,2,False,60.3,0.31,66.8,False,60,1241.7,False,12.0,1163.9,6.85,20.56,34.26,3.0,5.0,BEAR,False,5%,2.55,15.15,0.17,0.85,3.79,DOWN,0.69,UP,,32.0,False
J&KBANK,2026-06-30,None,32,32,70,2,113.03,99.94,WEAKENING,WEAKENING (stable),WEAKENING,→,0,False,47.1,1.06,53.8,False,60,163.56,False,12.0,156.2,5.02,15.05,25.09,3.0,5.0,BEAR,False,15%,7.01,32.53,0.22,0.88,1.48,DOWN,0.18,DOWN,,32.0,False
ZEEL,2026-06-30,None,32,32,80,2,117.86,101.87,LEADING,LEADING (stable),LEADING,↗,2,True,43.2,1.63,56.4,False,40,115.75,False,9.0,108.31,8.05,24.14,40.23,3.0,5.0,BEAR,False,15%,9.27,15.75,0.59,1.85,1.75,FLAT,0.21,DOWN,,32.0,False
HFCL,2026-06-30,None,32,32,40,2,139.53,101.8,LEADING,LEADING -> WEAKENING,WEAKENING,↙,2,False,67.1,0.26,77.5,False,35,199.41,True,28.0,212.09,7.3,21.89,36.48,3.0,5.0,BEAR,False,5%,8.76,12.87,0.68,2.19,6.43,DOWN,1.74,UP,,32.0,False
CGCL,2026-06-30,POS-ACCUM,32,32,70,2,109.6,100.27,LEADING,LEADING -> WEAKENING,WEAKENING,↘,2,False,60.2,1.09,77.2,False,30,200.52,True,56.0,226.82,12.21,61.07,122.13,5.0,10.0,BEAR,True,7%,5.82,5.43,1.07,0.97,5.43,DOWN,1.96,UP,,32.0,False
ATGL,2026-06-30,None,32,32,50,2,110.77,100.25,LEADING,LEADING -> WEAKENING,WEAKENING,↙,2,False,55.2,0.39,52.4,False,50,762.25,False,26.0,734.0,6.25,18.74,31.23,3.0,5.0,BEAR,False,5%,5.13,6.32,0.81,2.56,1.26,UP,0.47,UP,,32.0,False
KIMS,2026-06-30,None,32,32,40,2,108.72,100.34,LEADING,LEADING (stable),LEADING,↖,2,True,70.1,0.55,75.0,False,50,801.2,True,23.0,831.0,4.56,13.69,22.81,3.0,5.0,BEAR,False,5%,6.4,4.73,1.35,0.91,4.73,DOWN,1.59,UP,,32.0,False
ABDL,2026-06-30,None,32,32,80,1,112.66,101.26,LEADING,LEADING (stable),LEADING,→,2,True,57.5,1.18,78.8,False,30,591.3,True,54.0,669.55,4.99,14.96,24.94,3.0,5.0,BEAR,False,15%,9.74,6.96,1.4,1.95,1.16,UP,2.21,UP,,32.0,False
ADANIPORTS,2026-06-30,None,32,32,90,2,105.37,100.3,LEADING,LEADING -> WEAKENING,WEAKENING,↙,2,False,43.1,1.47,54.5,False,40,1767.3,True,51.0,1848.2,3.46,10.37,17.28,3.0,5.0,BEAR,False,15%,4.39,4.46,0.98,2.19,0.74,UP,0.99,UP,,32.0,False
HINDUNILVR,2026-06-30,None,0,0,55,4,96.48,99.89,LAGGING,LAGGING (stable),LAGGING,←,0,False,46.5,1.25,51.9,False,40,2218.5,False,13.0,2182.0,3.08,9.24,15.41,3.0,5.0,BEAR,False,5%,0.87,2.85,0.3,0.29,2.85,DOWN,0.31,DOWN,6.0,30.0,False
IFCI,2026-06-30,None,30,30,15,2,121.12,101.68,LEADING,LEADING (stable),LEADING,↗,2,True,65.6,0.63,55.1,False,35,85.73,False,12.0,76.59,9.18,27.54,45.89,3.0,5.0,BEAR,False,5%,-4.99,18.84,-0.26,-0.62,18.84,DOWN,-0.26,UP,,30.0,False
UNITDSPR,2026-06-30,None,0,0,60,4,99.66,100.0,IMPROVING,IMPROVING -> LEADING,LEADING,↗,0,True,57.0,0.43,68.1,False,40,1320.7,True,47.0,1352.4,3.51,10.54,17.57,3.0,5.0,BEAR,False,5%,3.22,13.56,0.24,1.07,1.04,FLAT,1.01,DOWN,6.0,30.0,False
BEL,2026-06-30,None,0,0,25,3,95.92,99.3,LAGGING,LAGGING -> IMPROVING,IMPROVING,↑,0,True,60.8,0.67,55.2,False,40,431.5,False,9.0,416.25,3.35,10.05,16.75,3.0,5.0,BEAR,False,5%,3.15,7.79,0.4,1.57,2.6,DOWN,0.06,UP,6.0,30.0,False
ICICIAMC,2026-06-30,None,0,0,50,0,100.0,100.0,n/a,n/a,n/a,•,0,False,66.3,0.49,68.4,False,50,3431.7,False,13.0,3406.0,4.88,14.65,24.42,3.0,5.0,BEAR,False,5%,4.76,11.67,0.41,0.68,1.67,DOWN,0.73,DOWN,6.0,30.0,False
COLPAL,2026-06-30,None,0,0,55,4,96.99,100.13,IMPROVING,IMPROVING (stable),IMPROVING,←,0,False,47.6,1.25,52.1,False,40,2096.9,False,15.0,2071.9,3.41,10.24,17.07,3.0,5.0,BEAR,False,5%,5.83,9.13,0.64,1.46,1.3,UP,0.94,UP,6.0,30.0,False
BRITANNIA,2026-06-30,None,0,0,75,4,93.69,99.35,LAGGING,LAGGING -> WEAKENING,WEAKENING,→,0,False,42.9,1.07,57.2,False,25,5837.5,False,71.0,5262.0,2.7,8.11,13.52,3.0,5.0,BEAR,False,15%,0.69,2.29,0.3,0.23,0.57,DOWN,0.47,DOWN,6.0,30.0,False
HDFCAMC,2026-06-30,None,0,0,100,1,97.92,99.94,LAGGING,LAGGING (stable),LAGGING,←,0,False,46.3,1.21,71.1,False,40,2728.2,True,13.0,2745.8,4.11,12.32,20.53,3.0,5.0,BEAR,False,15%,5.84,5.42,1.08,2.92,0.9,UP,1.4,UP,6.0,30.0,False
COALINDIA,2026-07-01,None,0,0,0,2,97.39,98.78,LAGGING,LAGGING (stable),LAGGING,↙,0,False,62.4,0.33,43.8,False,40,481.65,False,28.0,438.9,3.51,10.53,17.55,3.0,5.0,BEAR,False,5%,2.05,3.68,0.56,0.68,3.68,DOWN,-0.86,DOWN,6.0,30.0,False
NMDC,2026-06-30,None,0,0,0,2,97.43,99.34,LAGGING,LAGGING (stable),LAGGING,↙,0,False,56.2,0.91,32.8,False,15,96.04,False,28.0,84.3,4.22,12.67,21.11,3.0,5.0,BEAR,False,5%,0.36,6.25,0.06,0.09,2.08,DOWN,-1.36,UP,6.0,30.0,False
HAL,2026-06-30,None,0,0,40,1,99.65,100.13,IMPROVING,IMPROVING -> LAGGING,LAGGING,↙,0,False,61.2,0.41,63.2,False,25,4788.1,False,54.0,4434.4,3.7,11.1,18.5,3.0,5.0,BEAR,False,5%,3.85,6.21,0.62,1.93,2.07,FLAT,0.62,UP,6.0,30.0,False
TENNIND,2026-06-30,None,0,0,90,0,100.0,100.0,n/a,n/a,n/a,•,0,False,50.2,1.16,58.9,False,50,589.05,True,26.0,603.95,6.06,18.18,30.3,3.0,5.0,BEAR,False,15%,5.59,6.61,0.85,2.79,6.61,DOWN,0.75,UP,6.0,30.0,False
THERMAX,2026-06-30,None,30,30,40,2,110.69,99.58,WEAKENING,WEAKENING -> LAGGING,LAGGING,↙,0,False,67.7,0.43,67.9,False,40,4992.8,True,30.0,5120.5,5.75,17.25,28.74,3.0,5.0,BEAR,False,5%,3.07,12.75,0.24,1.54,6.37,DOWN,1.51,DOWN,,30.0,False
GPIL,2026-06-30,None,3,3,-10,2,93.1,98.59,LAGGING,LAGGING (stable),LAGGING,↙,0,False,53.9,0.48,26.9,False,25,305.85,False,42.0,254.6,4.71,14.13,23.54,3.0,5.0,BEAR,False,5%,9.37,5.47,1.71,1.56,2.74,DOWN,-2.1,DOWN,5.5,29.0,False
SAMMAANCAP,2026-06-30,None,29,29,70,2,109.13,100.27,LEADING,LEADING (stable),LEADING,→,2,True,48.2,1.1,52.3,False,40,180.75,False,16.0,176.29,5.88,17.64,29.4,3.0,5.0,BEAR,False,15%,5.88,7.45,0.79,2.94,1.86,UP,0.57,UP,,29.0,False
BIOCON,2026-06-30,None,29,29,70,2,104.18,100.17,LEADING,LEADING -> IMPROVING,IMPROVING,←,2,True,49.6,1.54,55.2,False,40,436.15,False,36.0,418.2,3.7,11.09,18.48,3.0,5.0,BEAR,False,15%,3.34,6.24,0.53,0.67,1.56,DOWN,0.16,DOWN,,29.0,False
TATACOMM,2026-06-30,None,29,29,15,2,112.89,101.34,LEADING,LEADING -> IMPROVING,IMPROVING,←,2,True,60.4,0.53,41.8,False,40,2061.7,False,9.0,1911.7,6.06,18.17,30.29,3.0,5.0,BEAR,False,5%,10.37,11.63,0.89,1.73,2.91,DOWN,-0.47,DOWN,,29.0,False
SYRMA,2026-06-30,None,29,29,40,2,123.09,101.06,LEADING,LEADING (stable),LEADING,→,2,True,67.0,0.78,76.4,False,50,1440.5,False,6.0,1421.6,5.95,17.85,29.75,3.0,5.0,BEAR,False,5%,5.23,12.34,0.42,2.61,12.34,DOWN,2.03,UP,,29.0,False
AXISBANK,2026-06-30,POS-ACCUM,27,27,50,2,101.67,100.03,LEADING,LEADING (stable),LEADING,↗,2,True,59.3,0.44,65.8,False,40,1311.2,True,37.0,1368.7,7.88,39.41,78.81,5.0,10.0,BEAR,True,2%,2.29,4.1,0.56,0.76,0.82,FLAT,1.03,DOWN,,27.0,False
CARTRADE,2026-06-30,None,27,27,70,4,127.19,103.18,LEADING,LEADING (stable),LEADING,↗,2,True,47.4,1.32,70.9,False,50,2451.4,True,21.0,2813.4,6.91,20.73,34.55,3.0,5.0,BEAR,False,15%,-2.54,19.06,-0.13,-0.51,3.18,DOWN,2.84,DOWN,,27.0,False
ELGIEQUIP,2026-06-30,None,27,27,40,2,107.17,100.01,LEADING,LEADING (stable),LEADING,↗,2,True,58.9,0.71,51.6,False,40,622.15,False,27.0,605.85,4.78,14.35,23.92,3.0,5.0,BEAR,False,5%,2.0,5.81,0.34,1.0,1.94,DOWN,0.31,UP,,27.0,False
POLYCAB,2026-06-30,None,27,27,40,2,109.15,100.71,LEADING,LEADING -> IMPROVING,IMPROVING,←,2,True,58.2,0.85,54.5,False,50,10083.0,False,12.0,9713.5,4.01,12.03,20.05,3.0,5.0,BEAR,False,5%,3.11,7.49,0.42,1.56,1.87,DOWN,0.15,UP,,27.0,False
ADANIENSOL,2026-06-30,None,27,27,50,2,110.19,99.93,WEAKENING,WEAKENING -> LAGGING,LAGGING,↙,0,False,53.3,0.58,47.6,False,60,1579.2,False,22.0,1521.4,5.27,15.81,26.34,3.0,5.0,BEAR,False,5%,3.85,5.87,0.66,1.92,1.96,FLAT,0.52,UP,,27.0,False
FEDERALBNK,2026-06-30,POS-ACCUM,27,27,60,2,106.93,100.34,LEADING,LEADING (stable),LEADING,↗,2,True,62.5,0.48,76.8,False,50,297.25,True,54.0,331.4,7.93,39.65,79.29,5.0,10.0,BEAR,True,2%,4.15,2.11,1.97,1.04,0.7,UP,2.17,UP,,27.0,False
HONAUT,2026-06-30,None,27,27,40,3,113.67,101.39,LEADING,LEADING (stable),LEADING,↗,2,True,64.9,0.62,73.4,False,50,36180.0,True,35.0,39655.0,4.18,12.55,20.92,3.0,5.0,BEAR,False,5%,-7.45,7.18,-1.04,-0.53,2.39,DOWN,2.23,DOWN,,27.0,False
AUBANK,2026-06-30,None,27,27,50,2,101.57,100.2,LEADING,LEADING (stable),LEADING,•,2,True,64.2,0.81,70.2,False,40,1011.8,True,36.0,1051.4,4.08,12.24,20.39,3.0,5.0,BEAR,False,5%,3.53,6.27,0.56,1.77,6.27,DOWN,1.07,UP,,27.0,False
FINCABLES,2026-06-30,None,27,27,40,2,108.83,100.15,LEADING,LEADING (stable),LEADING,↖,2,True,68.4,0.45,70.4,False,60,1190.5,False,9.0,1144.5,6.85,20.56,34.27,3.0,5.0,BEAR,False,5%,3.68,9.06,0.41,1.84,2.26,DOWN,0.64,UP,,27.0,False
INDUSINDBK,2026-06-30,None,27,27,60,2,102.09,100.56,LEADING,LEADING (stable),LEADING,↖,2,True,59.3,0.99,66.0,False,40,947.45,False,12.0,941.6,3.71,11.14,18.57,3.0,5.0,BEAR,False,5%,-0.5,4.08,-0.12,-0.17,4.08,DOWN,0.92,DOWN,,27.0,False
BHEL,2026-06-30,None,27,27,50,2,108.24,100.29,LEADING,LEADING -> WEAKENING,WEAKENING,↙,2,False,66.7,0.57,73.0,False,25,422.35,False,35.0,413.95,4.86,14.57,24.28,3.0,5.0,BEAR,False,5%,5.1,7.58,0.67,2.55,1.52,UP,0.96,UP,,27.0,False
ABCAPITAL,2026-06-30,None,27,27,60,2,105.96,100.59,LEADING,LEADING (stable),LEADING,→,2,True,61.4,0.41,74.2,False,40,364.9,True,35.0,393.15,4.2,12.59,20.98,3.0,5.0,BEAR,False,5%,1.58,8.34,0.19,0.53,2.09,DOWN,1.65,DOWN,,27.0,False
TEJASNET,2026-06-30,None,25,25,40,2,121.56,100.39,LEADING,LEADING (stable),LEADING,→,2,True,62.2,0.27,66.5,False,60,632.35,False,12.0,607.1,7.31,21.94,36.57,3.0,5.0,BEAR,False,5%,2.5,8.86,0.28,1.25,1.77,DOWN,0.68,UP,,25.0,False
JBCHEPHARM,2026-06-30,None,25,25,60,2,103.5,99.52,WEAKENING,WEAKENING (stable),WEAKENING,→,0,False,60.0,0.72,68.6,False,40,2228.4,True,37.0,2298.0,3.59,10.76,17.93,3.0,5.0,BEAR,False,5%,-1.61,4.53,-0.36,-0.32,4.53,DOWN,1.31,DOWN,,25.0,False
SAILIFE,2026-07-01,None,25,25,50,2,108.45,99.57,WEAKENING,WEAKENING (stable),WEAKENING,↘,0,False,63.1,0.5,65.2,False,60,1175.9,True,38.0,1238.0,4.84,14.51,24.19,3.0,5.0,BEAR,False,5%,4.45,5.38,0.83,1.11,2.69,DOWN,0.8,UP,,25.0,False
AUROPHARMA,2026-06-30,None,25,25,60,2,102.72,99.08,WEAKENING,WEAKENING -> LAGGING,LAGGING,↙,0,False,57.0,0.4,64.7,False,30,1546.7,True,41.0,1552.6,3.71,11.13,18.56,3.0,5.0,BEAR,False,5%,11.62,6.47,1.8,1.06,6.47,DOWN,1.42,UP,,25.0,False
ALKEM,2026-06-30,None,0,0,50,4,98.25,99.7,LAGGING,LAGGING (stable),LAGGING,←,0,False,74.3,0.87,92.1,False,40,5599.5,False,51.0,5567.5,3.26,9.77,16.28,3.0,5.0,BEAR,False,5%,3.21,2.16,1.48,1.6,0.72,UP,1.27,UP,5.0,25.0,False
ZFCVINDIA,2026-06-30,None,25,25,55,2,101.82,100.05,LEADING,LEADING (stable),LEADING,↗,2,True,52.9,2.95,52.2,False,40,2686.0,False,2.0,2485.6,7.14,21.42,35.7,3.0,5.0,BEAR,False,5%,22.47,28.65,0.78,5.62,2.39,UP,-0.47,DOWN,,25.0,False
TORNTPHARM,2026-06-30,None,25,25,50,2,102.2,99.6,WEAKENING,WEAKENING -> LEADING,LEADING,↗,0,True,62.1,0.43,65.8,False,0,,False,,4640.8,3.7,11.09,18.48,3.0,5.0,BEAR,False,5%,2.2,8.36,0.26,1.1,2.09,DOWN,1.17,DOWN,,25.0,False
GODREJCP,2026-06-30,None,0,0,50,4,97.09,100.23,IMPROVING,IMPROVING -> LEADING,LEADING,↗,0,True,50.8,0.96,54.6,False,25,1142.95,False,69.0,1043.6,3.56,10.69,17.81,3.0,5.0,BEAR,False,5%,4.92,6.24,0.79,0.7,1.56,DOWN,0.85,UP,5.0,25.0,False
KEI,2026-06-30,None,24,24,15,2,105.94,100.43,LEADING,LEADING (stable),LEADING,↖,2,True,66.9,0.84,52.8,False,40,5660.5,False,9.0,5247.5,5.79,17.36,28.93,3.0,5.0,BEAR,False,5%,1.79,10.73,0.17,0.9,3.58,DOWN,-0.65,UP,,24.0,False
BANDHANBNK,2026-06-30,None,24,24,15,2,106.24,100.22,LEADING,LEADING (stable),LEADING,↖,2,True,68.1,0.39,54.6,False,50,216.74,False,15.0,205.04,5.29,15.87,26.45,3.0,5.0,BEAR,False,5%,3.82,10.45,0.37,1.27,1.49,DOWN,-0.04,UP,,24.0,False
ANGELONE,2026-06-30,None,24,24,30,2,106.52,100.16,LEADING,LEADING -> WEAKENING,WEAKENING,↙,2,False,64.1,0.91,56.4,False,60,354.8,False,9.0,340.4,5.04,15.11,25.19,3.0,5.0,BEAR,False,5%,4.07,10.2,0.4,2.03,2.04,FLAT,0.21,UP,,24.0,False
RBLBANK,2026-06-30,None,24,24,15,2,107.05,100.1,LEADING,LEADING (stable),LEADING,→,2,True,65.1,0.72,53.6,False,40,378.85,False,12.0,361.8,4.25,12.74,21.23,3.0,5.0,BEAR,False,5%,5.5,14.62,0.38,0.92,1.04,DOWN,-0.14,DOWN,,24.0,False
TITAGARH,2026-06-30,None,24,24,30,1,110.26,101.47,LEADING,LEADING -> WEAKENING,WEAKENING,↙,2,False,65.5,0.4,63.2,False,50,932.6,False,13.0,890.7,5.3,15.91,26.52,3.0,5.0,BEAR,False,5%,9.02,19.27,0.47,1.13,3.85,DOWN,0.48,DOWN,,24.0,False
PNBHOUSING,2026-06-30,None,24,24,50,2,101.35,100.08,LEADING,LEADING -> WEAKENING,WEAKENING,↙,2,False,66.4,0.58,74.8,False,25,1092.6,False,36.0,1051.8,4.22,12.65,21.09,3.0,5.0,BEAR,False,5%,2.67,9.11,0.29,0.89,2.28,DOWN,0.99,DOWN,,24.0,False
SHRIRAMFIN,2026-06-30,None,24,24,40,2,101.18,100.13,LEADING,LEADING (stable),LEADING,↗,2,True,72.6,0.76,87.3,False,40,963.2,True,35.0,1048.1,3.94,11.81,19.68,3.0,5.0,BEAR,False,5%,6.89,3.75,1.84,1.72,0.94,UP,2.02,UP,,24.0,False
BOSCHLTD,2026-06-30,None,22,22,90,3,105.07,100.55,LEADING,LEADING (stable),LEADING,→,2,True,55.9,1.08,81.0,False,40,38145.0,True,54.0,40785.0,3.68,11.04,18.4,3.0,5.0,BEAR,False,15%,3.24,4.76,0.68,1.62,4.76,DOWN,1.58,UP,,22.0,False
MMTC,2026-06-30,None,22,22,15,2,104.97,100.66,LEADING,LEADING (stable),LEADING,•,2,True,67.2,0.39,55.7,False,25,76.03,False,14.0,67.73,7.17,21.5,35.84,3.0,5.0,BEAR,False,5%,2.0,18.0,0.11,1.0,2.57,DOWN,-0.5,UP,,22.0,False
BLUEJET,2026-06-30,None,22,22,100,4,111.47,101.38,LEADING,LEADING -> WEAKENING,WEAKENING,↘,2,False,40.5,1.55,77.9,False,40,475.6,True,27.0,549.15,6.27,18.8,31.33,3.0,5.0,BEAR,False,15%,7.92,7.62,1.04,3.96,7.62,DOWN,1.95,UP,,22.0,False
ASTERDM,2026-06-30,None,22,22,30,2,104.49,99.34,WEAKENING,WEAKENING -> LAGGING,LAGGING,↙,0,False,54.5,0.45,39.3,False,60,809.4,False,12.0,776.0,5.46,16.39,27.32,3.0,5.0,BEAR,False,5%,2.89,9.25,0.31,1.45,2.31,DOWN,0.1,UP,,22.0,False
JBMA,2026-06-30,POS-ACCUM,22,22,40,2,106.25,100.13,LEADING,LEADING -> WEAKENING,WEAKENING,↙,2,False,61.6,0.56,60.6,False,50,728.1,False,9.0,702.7,14.54,72.68,145.36,5.0,10.0,BEAR,True,2%,3.34,8.6,0.39,1.67,2.15,DOWN,0.59,UP,,22.0,False
AEGISVOPAK,2026-06-30,None,20,20,40,1,110.48,101.61,LEADING,LEADING (stable),LEADING,↗,2,True,61.3,0.71,74.4,False,50,246.29,False,9.0,235.5,6.34,19.03,31.72,3.0,5.0,BEAR,False,5%,3.73,9.86,0.38,1.86,3.29,DOWN,1.1,UP,,20.0,False
STARHEALTH,2026-06-30,None,20,20,50,2,106.74,99.95,WEAKENING,WEAKENING (stable),WEAKENING,→,0,False,67.1,0.42,78.7,False,50,533.25,True,63.0,586.8,4.72,14.15,23.58,3.0,5.0,BEAR,False,5%,3.12,4.98,0.63,1.04,2.49,DOWN,1.57,UP,,20.0,False
PAGEIND,2026-06-30,None,20,20,100,1,105.43,99.94,WEAKENING,WEAKENING (stable),WEAKENING,↓,0,False,50.1,2.81,80.9,False,40,39455.0,True,40.0,43610.0,4.21,12.63,21.05,3.0,5.0,BEAR,False,15%,-3.91,6.9,-0.57,-1.3,2.3,DOWN,3.04,DOWN,,20.0,False
VTL,2026-06-30,None,20,20,50,2,105.11,99.25,WEAKENING,WEAKENING -> LEADING,LEADING,↗,0,True,62.4,0.55,62.9,False,60,661.4,False,13.0,646.2,5.1,15.29,25.48,3.0,5.0,BEAR,False,5%,3.56,7.38,0.48,1.78,1.48,UP,0.61,UP,,20.0,False
NIACL,2026-06-30,None,20,20,100,1,107.64,100.63,LEADING,LEADING (stable),LEADING,→,2,True,40.4,1.69,65.3,False,25,212.11,False,9.0,183.11,8.13,24.39,40.65,3.0,5.0,BEAR,False,15%,19.05,49.83,0.38,3.18,4.15,DOWN,0.79,DOWN,,20.0,False
HOMEFIRST,2026-06-30,None,20,20,100,1,101.5,100.42,LEADING,LEADING (stable),LEADING,↗,2,True,45.5,1.51,71.5,False,40,1191.7,True,6.0,1201.6,5.58,16.73,27.89,3.0,5.0,BEAR,False,15%,3.3,21.87,0.15,1.65,1.99,DOWN,1.5,DOWN,,20.0,False
ETERNAL,2026-06-30,None,20,20,90,1,103.06,100.67,LEADING,LEADING (stable),LEADING,→,2,True,50.7,1.93,79.6,False,30,256.51,True,35.0,279.7,4.42,13.27,22.12,3.0,5.0,BEAR,False,15%,10.77,5.94,1.81,3.59,1.98,UP,2.71,UP,,20.0,False
JINDALSAW,2026-06-30,None,20,20,60,2,106.98,99.53,WEAKENING,WEAKENING -> LAGGING,LAGGING,↙,0,False,67.0,0.29,79.8,False,35,260.0,False,27.0,260.25,5.86,17.58,29.3,3.0,5.0,BEAR,False,5%,2.94,6.76,0.44,0.74,2.25,DOWN,0.84,UP,,20.0,False
CCL,2026-06-30,None,20,20,50,2,102.49,99.2,WEAKENING,WEAKENING (stable),WEAKENING,→,0,False,52.9,0.67,46.8,False,50,1193.4,False,21.0,1183.0,5.25,15.75,26.25,3.0,5.0,BEAR,False,5%,2.34,5.88,0.4,1.17,1.47,DOWN,0.95,UP,,20.0,False
NSLNISP,2026-06-30,None,20,20,0,2,103.34,100.39,LEADING,LEADING -> WEAKENING,WEAKENING,↙,2,False,53.5,0.31,28.6,False,40,47.85,False,16.0,43.25,5.48,16.43,27.39,3.0,5.0,BEAR,False,5%,13.83,8.8,1.57,1.26,4.4,DOWN,-1.42,DOWN,,20.0,False
LLOYDSME,2026-06-30,None,20,20,50,2,103.15,99.06,WEAKENING,WEAKENING -> LAGGING,LAGGING,↙,0,False,62.8,0.87,64.2,False,50,1785.6,True,9.0,1805.9,4.64,13.92,23.2,3.0,5.0,BEAR,False,5%,6.78,7.26,0.93,2.26,3.63,DOWN,0.77,UP,,20.0,False
ANANDRATHI,2026-07-01,POS-ACCUM,20,20,50,2,102.2,99.46,WEAKENING,WEAKENING -> LAGGING,LAGGING,↙,0,False,70.7,0.68,86.3,False,50,1844.9,True,76.0,1989.7,11.4,57.02,114.04,5.0,10.0,BEAR,True,2%,2.16,9.99,0.22,1.08,5.0,DOWN,2.0,DOWN,,20.0,False
ZYDUSWELL,2026-06-30,None,20,20,40,2,105.04,99.17,WEAKENING,WEAKENING (stable),WEAKENING,↘,0,False,70.8,0.86,74.3,False,50,523.5,True,23.0,568.5,5.91,17.74,29.57,3.0,5.0,BEAR,False,5%,13.06,8.38,1.56,4.35,4.19,FLAT,1.86,UP,,20.0,False
MANKIND,2026-06-30,None,19,19,40,3,104.1,100.12,LEADING,LEADING -> WEAKENING,WEAKENING,↙,2,False,62.9,0.33,63.2,False,40,2583.9,False,42.0,2490.3,4.42,13.27,22.12,3.0,5.0,BEAR,False,5%,1.36,5.98,0.23,0.45,2.99,DOWN,0.65,UP,,19.0,False
MEDANTA,2026-06-30,POS-ACCUM,19,19,60,1,106.13,100.66,LEADING,LEADING -> IMPROVING,IMPROVING,←,2,True,64.7,0.82,82.0,False,40,1249.3,True,37.0,1328.0,10.49,52.46,104.92,5.0,10.0,BEAR,True,2%,0.59,10.53,0.06,0.15,1.5,DOWN,1.66,DOWN,,19.0,False
LTF,2026-06-30,None,19,19,70,3,102.11,100.41,LEADING,LEADING (stable),LEADING,→,2,True,62.6,1.24,82.9,False,30,286.6,True,33.0,312.7,4.44,13.32,22.19,3.0,5.0,BEAR,False,15%,10.73,5.28,2.03,1.53,1.32,UP,2.44,UP,,19.0,False
OLAELEC,2026-06-30,None,17,17,90,1,112.9,101.0,LEADING,LEADING -> WEAKENING,WEAKENING,↙,2,False,31.6,1.99,42.2,False,25,47.34,False,22.0,45.02,8.1,24.3,40.5,3.0,5.0,BEAR,False,15%,12.97,10.87,1.19,6.49,3.62,UP,1.0,UP,,17.0,False
PIDILITIND,2026-06-30,None,17,17,50,2,106.63,100.67,LEADING,LEADING (stable),LEADING,↗,2,True,63.5,0.51,74.3,False,35,1362.8,True,98.0,1581.9,2.88,8.65,14.41,3.0,5.0,BEAR,False,5%,1.73,2.06,0.84,0.29,0.51,DOWN,1.04,UP,,17.0,False
PRESTIGE,2026-06-30,None,17,17,90,1,106.21,101.21,LEADING,LEADING (stable),LEADING,↗,2,True,56.3,1.45,87.4,False,40,1402.2,True,36.0,1625.3,4.68,14.05,23.41,3.0,5.0,BEAR,False,15%,-2.75,7.3,-0.38,-0.55,3.65,DOWN,2.66,DOWN,,17.0,False
CREDITACC,2026-06-30,None,17,17,50,1,104.78,100.34,LEADING,LEADING (stable),LEADING,→,2,True,65.4,0.39,76.9,False,40,1434.9,True,14.0,1502.3,4.74,14.22,23.71,3.0,5.0,BEAR,False,5%,10.94,9.56,1.14,2.74,9.56,DOWN,2.23,UP,,17.0,False
SCHNEIDER,2026-06-30,None,17,17,40,2,107.97,99.08,WEAKENING,WEAKENING -> LAGGING,LAGGING,↙,0,False,67.4,0.89,69.6,False,50,1453.6,False,2.0,1387.0,8.32,24.95,41.59,3.0,5.0,BEAR,False,5%,5.08,11.27,0.45,2.54,11.27,DOWN,1.08,UP,,17.0,False
BHARATFORG,2026-06-30,POS-ACCUM,17,17,40,2,106.25,99.7,WEAKENING,WEAKENING -> LEADING,LEADING,↗,0,True,65.5,0.79,69.9,False,50,1992.9,True,55.0,2108.8,12.61,63.05,126.11,5.0,10.0,BEAR,True,2%,6.13,19.23,0.32,3.06,1.6,UP,0.88,DOWN,,17.0,False
USHAMART,2026-06-30,None,17,17,30,2,103.46,99.95,WEAKENING,WEAKENING -> LAGGING,LAGGING,↙,0,False,63.7,0.49,56.2,False,40,519.8,False,27.0,492.8,4.83,14.5,24.17,3.0,5.0,BEAR,False,5%,7.13,9.87,0.72,1.78,1.97,FLAT,0.5,UP,,17.0,False
ABSLAMC,2026-06-30,POS-ACCUM,17,17,40,2,107.0,99.38,WEAKENING,WEAKENING (stable),WEAKENING,→,0,False,59.3,0.3,54.5,False,50,1199.0,False,8.0,1144.6,16.82,84.12,168.23,5.0,10.0,BEAR,True,2%,7.02,21.81,0.32,1.17,1.68,DOWN,0.36,DOWN,,17.0,False
TIINDIA,2026-06-30,None,17,17,15,2,104.82,99.67,WEAKENING,WEAKENING -> LAGGING,LAGGING,←,0,False,64.9,0.98,52.2,False,30,3307.9,False,9.0,3097.0,4.94,14.83,24.72,3.0,5.0,BEAR,False,5%,7.69,12.6,0.61,1.92,1.4,UP,-0.26,DOWN,,17.0,False
CHOICEIN,2026-06-30,None,17,17,90,1,103.23,100.85,LEADING,LEADING (stable),LEADING,↗,2,True,55.7,1.17,87.2,False,40,689.3,True,37.0,763.85,3.73,11.18,18.64,3.0,5.0,BEAR,False,15%,8.35,4.26,1.96,1.67,4.26,DOWN,2.8,UP,,17.0,False
BELRISE,2026-06-30,None,17,17,30,2,107.18,99.73,WEAKENING,WEAKENING (stable),WEAKENING,→,0,False,63.6,0.51,59.3,False,60,247.5,False,9.0,237.0,5.22,15.67,26.11,3.0,5.0,BEAR,False,5%,6.33,15.37,0.41,2.11,1.54,UP,0.33,DOWN,,17.0,False
CHENNPETRO,2026-06-30,None,17,17,30,2,107.56,99.47,WEAKENING,WEAKENING (stable),WEAKENING,→,0,False,57.2,0.3,43.2,False,40,1210.6,False,16.0,1134.0,6.08,18.25,30.42,3.0,5.0,BEAR,False,5%,3.0,4.11,0.73,1.0,2.05,DOWN,0.06,UP,,17.0,False
GRASIM,2026-06-30,None,17,17,40,2,104.54,100.29,LEADING,LEADING -> IMPROVING,IMPROVING,←,2,True,61.6,0.55,60.9,False,40,2723.1,True,105.0,3140.4,2.84,8.52,14.2,3.0,5.0,BEAR,False,5%,2.22,3.7,0.6,1.11,1.23,DOWN,0.51,UP,,17.0,False
JSWENERGY,2026-06-30,None,17,17,35,2,102.45,99.53,WEAKENING,WEAKENING -> LAGGING,LAGGING,↙,0,False,60.8,0.52,54.1,False,40,602.05,False,35.0,569.45,4.44,13.31,22.19,3.0,5.0,BEAR,False,5%,3.96,4.57,0.87,1.98,2.28,DOWN,-0.14,DOWN,,17.0,False
CHOLAFIN,2026-06-30,POS-ACCUM,17,17,50,1,105.58,100.94,LEADING,LEADING (stable),LEADING,↗,2,True,69.4,0.35,89.5,False,30,1591.0,True,37.0,1803.3,10.44,52.21,104.41,5.0,10.0,BEAR,True,2%,1.14,25.85,0.04,0.57,2.35,DOWN,2.62,DOWN,,17.0,False
CUB,2026-06-30,None,17,17,80,3,101.6,100.4,LEADING,LEADING (stable),LEADING,↗,2,True,54.0,1.28,71.8,False,40,205.45,True,15.0,216.05,5.05,15.16,25.27,3.0,5.0,BEAR,False,15%,11.05,7.17,1.54,1.84,1.2,UP,2.27,UP,,17.0,False
BALRAMCHIN,2026-06-30,None,15,15,30,2,101.58,99.12,WEAKENING,WEAKENING -> LAGGING,LAGGING,↙,0,False,61.7,0.66,53.3,False,50,559.05,False,15.0,545.75,4.98,14.93,24.88,3.0,5.0,BEAR,False,5%,4.35,8.99,0.48,2.17,1.0,UP,0.34,UP,,15.0,False
GODREJPROP,2026-06-30,None,15,15,90,1,101.44,100.28,LEADING,LEADING (stable),LEADING,→,2,True,54.0,1.25,84.2,False,30,1788.6,True,35.0,1959.6,4.38,13.13,21.89,3.0,5.0,BEAR,False,15%,10.15,2.57,3.95,2.54,0.64,UP,2.83,UP,,15.0,False
SUNPHARMA,2026-06-30,None,15,15,40,2,100.74,99.49,WEAKENING,WEAKENING -> LAGGING,LAGGING,←,0,False,69.6,0.33,78.2,False,50,1905.8,False,44.0,1866.2,2.49,7.48,12.47,3.0,5.0,BEAR,False,5%,0.55,2.51,0.22,0.28,0.84,DOWN,0.86,UP,,15.0,False
MARUTI,2026-06-30,None,15,15,100,1,100.93,100.65,LEADING,LEADING (stable),LEADING,→,2,True,43.8,2.8,70.6,False,40,13805.0,True,16.0,14395.0,3.74,11.23,18.71,3.0,5.0,BEAR,False,15%,9.04,5.76,1.57,2.26,0.82,UP,2.41,UP,,15.0,False
ZENTEC,2026-06-30,None,15,15,15,2,108.78,99.95,WEAKENING,WEAKENING (stable),WEAKENING,→,0,False,64.4,0.34,50.1,False,35,1997.0,False,12.0,1763.1,6.86,20.58,34.29,3.0,5.0,BEAR,False,5%,14.8,18.59,0.8,2.47,2.66,FLAT,-0.39,DOWN,,15.0,False
DLF,2026-06-30,None,15,15,80,4,103.03,100.77,LEADING,LEADING (stable),LEADING,→,2,True,50.0,1.28,74.6,False,40,640.7,True,13.0,648.7,4.32,12.96,21.6,3.0,5.0,BEAR,False,15%,6.45,5.68,1.14,1.61,1.42,UP,2.0,UP,,15.0,False
DMART,2026-07-01,None,15,8,40,2,96.86,98.74,LAGGING,LAGGING (stable),LAGGING,↙,0,False,61.3,2.55,62.1,True,75,4392.9,False,9.0,4187.0,3.94,11.81,19.69,3.0,5.0,BEAR,False,5%,5.79,11.99,0.48,1.16,1.5,DOWN,-0.61,DOWN,,15.0,False
TARIL,2026-06-30,None,15,15,90,2,104.66,99.88,WEAKENING,WEAKENING (stable),WEAKENING,→,0,False,43.6,2.99,70.8,False,40,357.55,True,12.0,358.95,6.33,18.99,31.65,3.0,5.0,BEAR,False,15%,9.91,13.9,0.71,4.95,2.78,UP,1.73,UP,,15.0,False
ADANIPOWER,2026-06-30,None,15,15,25,2,104.52,99.08,WEAKENING,WEAKENING -> LAGGING,LAGGING,↙,0,False,65.1,0.88,56.8,False,60,233.78,False,9.0,226.86,4.79,14.37,23.95,3.0,5.0,BEAR,False,5%,0.32,4.14,0.08,0.06,4.14,DOWN,-0.01,UP,,15.0,False
APTUS,2026-06-30,None,15,15,80,4,104.63,101.14,LEADING,LEADING -> WEAKENING,WEAKENING,↙,2,False,55.3,1.12,77.4,False,40,269.1,True,42.0,286.9,4.84,14.51,24.19,3.0,5.0,BEAR,False,15%,10.73,7.28,1.47,2.68,1.04,UP,2.0,UP,,15.0,False
KARURVYSYA,2026-06-30,None,15,15,100,2,99.74,99.88,LAGGING,LAGGING -> IMPROVING,IMPROVING,↗,0,True,49.8,1.71,75.3,False,30,299.05,True,47.0,300.1,4.44,13.32,22.2,3.0,5.0,BEAR,False,15%,4.17,4.7,0.89,2.08,0.78,UP,0.83,UP,,15.0,False
NIVABUPA,2026-06-30,None,14,14,40,2,103.16,100.11,LEADING,LEADING -> WEAKENING,WEAKENING,↙,2,False,58.0,0.24,54.9,False,50,85.99,False,40.0,85.12,3.97,11.92,19.87,3.0,5.0,BEAR,False,5%,4.56,10.3,0.44,0.65,1.14,DOWN,0.23,DOWN,,14.0,False
IDFCFIRSTB,2026-06-30,None,14,14,50,4,108.97,101.74,LEADING,LEADING (stable),LEADING,↗,2,True,59.0,0.6,69.9,False,40,71.27,True,54.0,78.93,3.43,10.28,17.13,3.0,5.0,BEAR,False,5%,1.35,4.6,0.29,0.67,1.15,DOWN,1.26,UP,,14.0,False
THELEELA,2026-06-30,None,14,14,40,2,106.46,100.3,LEADING,LEADING (stable),LEADING,↗,2,True,67.8,0.44,77.3,False,50,495.4,False,9.0,479.9,5.35,16.05,26.75,3.0,5.0,BEAR,False,5%,6.48,13.45,0.48,1.08,13.45,DOWN,1.2,DOWN,,14.0,False
MANAPPURAM,2026-06-30,None,14,14,30,2,103.97,100.63,LEADING,LEADING -> WEAKENING,WEAKENING,↙,2,False,70.3,0.53,69.5,False,15,330.25,False,36.0,316.65,4.84,14.53,24.21,3.0,5.0,BEAR,False,5%,2.36,6.97,0.34,0.79,3.48,DOWN,0.1,UP,,14.0,False
ASIANPAINT,2026-06-30,None,14,14,30,2,104.12,100.57,LEADING,LEADING -> WEAKENING,WEAKENING,↙,2,False,57.7,0.84,50.2,False,40,2755.0,False,13.0,2716.4,3.23,9.7,16.16,3.0,5.0,BEAR,False,5%,4.28,8.62,0.5,0.39,0.96,DOWN,0.67,DOWN,,14.0,False
GODREJIND,2026-06-30,None,14,14,50,3,106.2,101.14,LEADING,LEADING -> IMPROVING,IMPROVING,←,2,True,68.4,0.41,80.8,False,25,1160.6,True,37.0,1197.4,5.49,16.47,27.46,3.0,5.0,BEAR,False,5%,-4.38,9.66,-0.45,-0.63,9.66,DOWN,1.87,DOWN,,14.0,False
EXIDEIND,2026-06-30,None,14,14,50,1,107.67,100.73,LEADING,LEADING -> WEAKENING,WEAKENING,↙,2,False,54.0,0.39,53.1,False,40,406.25,False,29.0,390.35,4.33,13.0,21.67,3.0,5.0,BEAR,False,5%,5.16,8.68,0.59,1.72,8.68,DOWN,0.46,DOWN,,14.0,False
SHYAMMETL,2026-06-30,None,14,14,15,2,104.9,100.18,LEADING,LEADING -> WEAKENING,WEAKENING,↙,2,False,60.9,0.33,44.6,False,50,1002.0,False,27.0,956.8,3.82,11.45,19.08,3.0,5.0,BEAR,False,5%,2.55,6.96,0.37,0.85,1.39,DOWN,-0.01,UP,,14.0,False
RITES,2026-06-30,None,13,13,80,1,99.87,100.38,IMPROVING,IMPROVING (stable),IMPROVING,•,0,False,55.6,36.45,77.9,False,40,213.71,True,9.0,233.19,5.2,15.59,25.98,3.0,5.0,BEAR,False,15%,-7.31,5.67,-1.29,-2.44,5.67,DOWN,2.82,DOWN,,13.0,False
NLCINDIA,2026-06-30,None,13,13,10,2,100.56,99.25,WEAKENING,WEAKENING -> LAGGING,LAGGING,↙,0,False,67.5,0.19,56.1,False,35,370.9,False,48.0,317.1,5.42,16.25,27.08,3.0,5.0,BEAR,False,5%,3.78,6.9,0.55,0.63,2.3,DOWN,-0.64,DOWN,,13.0,False
BEML,2026-06-30,None,13,13,100,4,99.43,100.33,IMPROVING,IMPROVING -> LAGGING,LAGGING,↙,0,False,38.5,4.1,57.0,False,40,1808.3,True,14.0,1825.7,5.28,15.85,26.42,3.0,5.0,BEAR,False,15%,7.83,7.44,1.05,3.91,1.24,UP,0.91,UP,,13.0,False
SCI,2026-06-30,None,13,13,0,2,101.53,99.8,WEAKENING,WEAKENING -> LAGGING,LAGGING,↙,0,False,73.5,0.27,59.8,False,60,323.1,False,7.0,301.15,6.39,19.18,31.97,3.0,5.0,BEAR,False,5%,9.58,16.07,0.6,2.39,1.79,UP,-0.56,DOWN,,13.0,False
DRREDDY,2026-06-30,None,12,12,50,2,100.03,99.51,WEAKENING,WEAKENING (stable),WEAKENING,•,0,False,63.3,0.56,70.7,False,40,1336.7,True,47.0,1339.9,3.42,10.26,17.09,3.0,5.0,BEAR,False,5%,5.6,12.21,0.46,2.8,1.74,UP,0.98,DOWN,,12.0,False
INDIGO,2026-06-30,None,12,12,50,1,108.85,100.99,LEADING,LEADING (stable),LEADING,↗,2,True,61.8,0.53,81.4,False,40,4570.0,True,35.0,5399.0,3.79,11.36,18.93,3.0,5.0,BEAR,False,5%,1.22,10.49,0.12,0.41,5.25,DOWN,3.16,DOWN,,12.0,False
BERGEPAINT,2026-06-30,None,12,12,25,4,104.16,100.53,LEADING,LEADING -> WEAKENING,WEAKENING,↙,2,False,59.5,0.62,49.5,False,50,550.7,False,12.0,515.35,5.56,16.68,27.8,3.0,5.0,BEAR,False,5%,2.23,6.75,0.33,0.28,2.25,DOWN,-0.18,UP,,12.0,False
PTCIL,2026-06-30,None,12,12,15,3,104.51,100.64,LEADING,LEADING (stable),LEADING,↗,2,True,56.4,0.38,36.6,False,50,18333.0,False,12.0,17386.0,5.44,16.33,27.22,3.0,5.0,BEAR,False,5%,3.18,10.68,0.3,1.59,2.14,DOWN,-0.37,UP,,12.0,False
CONCORDBIO,2026-06-30,None,12,12,30,4,110.67,101.22,LEADING,LEADING (stable),LEADING,↗,2,True,46.2,0.3,41.2,False,40,1380.2,False,16.0,1286.2,5.89,17.68,29.46,3.0,5.0,BEAR,False,5%,2.42,9.72,0.25,1.21,2.43,DOWN,0.17,UP,,12.0,False
NHPC,2026-06-30,None,12,0,50,1,96.73,99.29,LAGGING,LAGGING (stable),LAGGING,↙,0,False,65.8,0.25,75.5,True,75,76.12,True,27.0,79.57,3.99,11.97,19.95,3.0,5.0,BEAR,False,5%,3.18,14.63,0.22,1.59,1.33,UP,0.87,DOWN,,12.0,False
SUZLON,2026-06-30,None,12,12,50,1,106.19,100.56,LEADING,LEADING -> WEAKENING,WEAKENING,↙,2,False,59.3,0.56,66.5,False,50,57.53,True,35.0,58.35,4.46,13.39,22.31,3.0,5.0,BEAR,False,5%,2.6,6.3,0.41,0.87,1.57,DOWN,0.77,UP,,12.0,False
MOTILALOFS,2026-06-30,None,12,12,50,4,109.05,100.92,LEADING,LEADING -> WEAKENING,WEAKENING,↙,2,False,65.5,0.52,83.2,False,40,894.1,True,35.0,955.95,4.01,12.02,20.04,3.0,5.0,BEAR,False,5%,1.28,4.32,0.3,0.64,2.16,DOWN,1.48,DOWN,,12.0,False
GABRIEL,2026-06-30,None,12,12,40,3,109.75,100.79,LEADING,LEADING (stable),LEADING,•,2,True,66.3,0.53,76.6,False,40,1054.3,True,22.0,1245.9,6.02,18.07,30.12,3.0,5.0,BEAR,False,5%,3.14,7.41,0.42,1.57,3.7,DOWN,1.58,DOWN,,12.0,False
ELECON,2026-06-30,None,10,10,30,3,107.68,100.65,LEADING,LEADING -> WEAKENING,WEAKENING,↙,2,False,64.0,0.6,60.6,False,50,560.35,False,16.0,549.95,5.7,17.1,28.5,3.0,5.0,BEAR,False,5%,6.71,11.77,0.57,3.36,1.47,UP,0.84,UP,,10.0,False
NBCC,2026-06-30,None,10,10,15,4,108.11,101.17,LEADING,LEADING -> WEAKENING,WEAKENING,↓,2,False,62.4,0.43,52.7,False,50,112.83,False,14.0,104.44,4.98,14.93,24.89,3.0,5.0,BEAR,False,5%,9.43,14.82,0.64,1.18,2.96,DOWN,-0.31,DOWN,,10.0,False
HUDCO,2026-06-30,None,10,10,15,4,100.44,100.36,LEADING,LEADING -> WEAKENING,WEAKENING,↙,2,False,65.5,0.95,55.2,False,50,213.65,False,14.0,208.77,4.26,12.77,21.28,3.0,5.0,BEAR,False,5%,2.79,4.43,0.63,0.93,4.43,DOWN,0.11,DOWN,,10.0,False
PAYTM,2026-06-30,None,10,10,90,4,99.1,100.21,IMPROVING,IMPROVING -> LAGGING,LAGGING,↙,0,False,50.6,1.53,71.8,False,30,1155.6,True,41.0,1203.7,4.77,14.3,23.84,3.0,5.0,BEAR,False,15%,13.11,6.53,2.01,1.64,2.18,DOWN,2.39,UP,,10.0,False
MARICO,2026-06-30,None,10,10,50,2,101.39,99.75,WEAKENING,WEAKENING -> LAGGING,LAGGING,←,0,False,61.7,0.74,64.9,False,0,,False,,851.0,3.01,9.03,15.05,3.0,5.0,BEAR,False,5%,-2.35,4.4,-0.53,-0.29,4.4,DOWN,1.62,DOWN,,10.0,False
RECLTD,2026-06-30,None,9,9,90,1,101.02,100.09,LEADING,LEADING (stable),LEADING,→,2,True,45.2,1.15,65.2,False,40,352.1,True,22.0,370.1,3.4,10.19,16.99,3.0,5.0,BEAR,False,15%,2.81,3.14,0.89,0.94,1.57,DOWN,1.59,UP,,9.0,False
CANHLIFE,2026-06-30,None,9,0,50,2,100.0,100.0,n/a,n/a,n/a,•,0,False,57.8,0.7,48.9,True,90,143.37,False,9.0,140.39,4.67,14.0,23.34,3.0,5.0,BEAR,False,5%,5.12,7.94,0.65,2.56,1.98,UP,0.27,UP,,9.0,False
ASHOKLEY,2026-06-30,None,8,8,100,3,95.57,100.35,IMPROVING,IMPROVING -> LEADING,LEADING,↗,0,True,41.9,1.5,70.5,False,40,159.57,True,14.0,162.32,4.94,14.82,24.7,3.0,5.0,BEAR,False,15%,-0.07,7.92,-0.01,-0.02,3.96,DOWN,1.25,DOWN,,8.0,False
IOC,2026-06-30,None,8,0,0,4,98.24,100.51,IMPROVING,IMPROVING -> LEADING,LEADING,↗,0,True,67.2,0.74,54.9,True,80,146.3,False,7.0,139.83,3.71,11.13,18.54,3.0,5.0,BEAR,False,5%,6.01,3.9,1.54,2.0,0.98,UP,-0.51,DOWN,,8.0,False
GMDCLTD,2026-06-30,None,8,8,40,2,91.95,98.61,LAGGING,LAGGING (stable),LAGGING,↙,0,False,51.5,1.17,52.3,False,50,620.55,False,14.0,610.65,5.32,15.95,26.58,3.0,5.0,BEAR,False,5%,3.48,7.92,0.44,0.39,1.98,DOWN,-0.16,DOWN,,8.0,False
HEXT,2026-06-30,None,7,7,90,4,104.28,101.86,LEADING,LEADING -> WEAKENING,WEAKENING,↙,2,False,40.8,5.52,64.2,False,30,549.65,True,29.0,551.65,5.9,17.7,29.49,3.0,5.0,BEAR,False,15%,14.64,5.87,2.49,4.88,1.96,UP,1.99,UP,,7.0,False
LICI,2026-06-30,POS-ACCUM,7,7,90,1,102.42,100.3,LEADING,LEADING (stable),LEADING,↗,2,True,48.6,1.04,73.5,False,40,442.4,False,9.0,434.7,9.68,48.39,96.79,5.0,10.0,BEAR,True,7%,3.4,7.09,0.48,1.13,1.77,DOWN,1.21,UP,,7.0,False
INDHOTEL,2026-06-30,None,7,7,90,4,105.07,100.56,LEADING,LEADING (stable),LEADING,→,2,True,45.9,1.1,70.7,False,40,673.05,True,54.0,718.75,3.24,9.71,16.18,3.0,5.0,BEAR,False,15%,2.96,14.62,0.2,0.49,1.46,DOWN,1.31,DOWN,,7.0,False
FORTIS,2026-06-30,None,7,7,0,1,102.03,100.2,LEADING,LEADING -> IMPROVING,IMPROVING,←,2,True,57.2,0.93,32.6,False,40,990.35,False,19.0,949.05,3.69,11.07,18.45,3.0,5.0,BEAR,False,5%,1.44,5.54,0.26,0.72,1.85,DOWN,-0.55,UP,,7.0,False
CIPLA,2026-06-30,None,7,7,50,1,104.15,100.45,LEADING,LEADING -> IMPROVING,IMPROVING,←,2,True,61.0,0.37,71.9,False,40,1436.7,True,48.0,1456.7,3.15,9.45,15.75,3.0,5.0,BEAR,False,5%,2.29,11.11,0.21,1.15,1.59,DOWN,1.52,DOWN,,7.0,False
SBILIFE,2026-06-30,None,7,0,35,4,94.58,99.58,LAGGING,LAGGING (stable),LAGGING,←,0,False,62.3,0.46,62.8,True,70,1901.9,False,37.0,1790.9,3.17,9.51,15.85,3.0,5.0,BEAR,False,5%,3.11,4.78,0.65,1.55,1.2,UP,0.23,UP,,7.0,False
KOTAKBANK,2026-06-30,None,7,7,70,4,101.94,100.54,LEADING,LEADING (stable),LEADING,↗,2,True,47.7,1.22,59.6,False,40,409.0,False,6.0,400.45,3.14,9.41,15.69,3.0,5.0,BEAR,False,15%,3.33,11.03,0.3,1.11,0.85,UP,0.48,DOWN,,7.0,False
BAJAJHLDNG,2026-06-30,None,7,7,100,4,100.73,100.5,LEADING,LEADING (stable),LEADING,↖,2,True,41.4,1.83,70.5,False,40,10705.0,True,36.0,10719.0,3.89,11.66,19.43,3.0,5.0,BEAR,False,15%,1.86,4.49,0.42,0.47,4.49,DOWN,0.8,UP,,7.0,False
MAXHEALTH,2026-06-30,None,7,7,40,1,105.16,100.4,LEADING,LEADING (stable),LEADING,↗,2,True,66.9,0.49,80.1,False,15,1091.1,True,41.0,1139.9,3.92,11.76,19.6,3.0,5.0,BEAR,False,5%,1.68,8.02,0.21,0.84,2.67,DOWN,2.32,DOWN,,7.0,False
CASTROLIND,2026-06-30,None,6,0,15,1,99.27,99.67,LAGGING,LAGGING -> WEAKENING,WEAKENING,→,0,False,63.3,0.57,57.0,True,65,193.48,False,187.0,184.33,1.87,5.62,9.37,3.0,5.0,BEAR,False,5%,2.37,2.7,0.88,0.59,0.67,DOWN,-0.13,DOWN,,6.0,False
UNIONBANK,2026-06-30,None,5,5,40,2,99.19,99.63,LAGGING,LAGGING -> IMPROVING,IMPROVING,↗,0,True,62.7,0.88,68.5,False,15,194.05,False,70.0,174.88,3.46,10.39,17.32,3.0,5.0,BEAR,False,5%,0.59,2.15,0.27,0.12,0.72,DOWN,0.71,UP,,5.0,False
360ONE,2026-06-30,None,5,5,30,1,100.22,100.32,LEADING,LEADING -> IMPROVING,IMPROVING,←,2,True,59.1,1.41,53.8,False,40,1145.1,False,12.0,1065.9,4.37,13.1,21.84,3.0,5.0,BEAR,False,5%,9.31,12.97,0.72,0.93,4.32,DOWN,-1.03,DOWN,,5.0,False
PFC,2026-06-30,None,5,5,25,2,96.6,98.97,LAGGING,LAGGING (stable),LAGGING,←,0,False,58.9,0.7,49.7,False,40,435.6,False,22.0,430.75,3.83,11.49,19.14,3.0,5.0,BEAR,False,5%,2.03,5.35,0.38,1.01,1.34,DOWN,0.05,UP,,5.0,False
NH,2026-06-30,None,5,5,60,3,102.04,100.12,LEADING,LEADING -> WEAKENING,WEAKENING,↙,2,False,50.4,0.63,56.8,False,40,1980.6,False,28.0,1959.6,4.26,12.78,21.3,3.0,5.0,BEAR,False,5%,3.79,5.3,0.72,1.9,5.3,DOWN,0.81,UP,,5.0,False
AARTIIND,2026-06-30,None,5,5,0,2,99.1,99.33,LAGGING,LAGGING (stable),LAGGING,←,0,False,73.1,0.4,61.7,False,40,498.15,False,16.0,467.6,5.07,15.22,25.37,3.0,5.0,BEAR,False,5%,7.98,19.08,0.42,0.73,9.54,DOWN,-0.03,DOWN,,5.0,False
LT,2026-06-30,None,4,4,15,3,101.11,100.22,LEADING,LEADING (stable),LEADING,↗,2,True,67.9,0.63,63.9,False,40,4076.5,True,33.0,4092.6,2.84,8.53,14.22,3.0,5.0,BEAR,False,5%,4.39,2.66,1.65,1.46,0.67,UP,-0.18,DOWN,,4.0,False
ICICIBANK,2026-06-30,POS-ACCUM,4,4,50,1,101.83,100.15,LEADING,LEADING (stable),LEADING,↗,2,True,63.0,0.7,76.1,False,0,,False,,1379.8,7.56,37.8,75.6,5.0,10.0,BEAR,True,2%,1.75,5.44,0.32,0.58,2.72,DOWN,1.65,DOWN,,4.0,False
BAJFINANCE,2026-06-30,None,4,4,50,1,102.4,100.49,LEADING,LEADING (stable),LEADING,↗,2,True,67.3,0.73,83.8,False,40,941.9,True,37.0,1014.9,3.6,10.79,17.98,3.0,5.0,BEAR,False,5%,6.56,1.21,5.43,1.64,0.2,UP,2.42,UP,,4.0,False
RAMCOCEM,2026-06-30,None,3,3,100,4,95.86,100.12,IMPROVING,IMPROVING -> LEADING,LEADING,↗,0,True,43.9,3.27,72.7,False,30,959.95,False,55.0,931.75,4.23,12.7,21.16,3.0,5.0,BEAR,False,15%,0.67,7.64,0.09,0.22,3.82,DOWN,1.16,DOWN,,3.0,False
DEEPAKNTR,2026-06-30,None,3,3,20,1,97.13,100.17,IMPROVING,IMPROVING -> LAGGING,LAGGING,↙,0,False,49.7,2.05,35.2,False,15,1824.0,False,42.0,1548.8,5.13,15.38,25.63,3.0,5.0,BEAR,False,5%,9.27,5.11,1.81,1.32,2.56,DOWN,-1.64,DOWN,,3.0,False
JSWDULUX,2026-06-30,None,3,3,80,1,104.43,99.94,WEAKENING,WEAKENING (stable),WEAKENING,↘,0,False,43.5,1.72,55.1,False,40,3045.2,True,51.0,3224.0,4.83,14.48,24.13,3.0,5.0,BEAR,False,15%,1.38,4.71,0.29,0.69,1.18,DOWN,0.36,UP,,3.0,False
DABUR,2026-06-30,None,3,3,100,4,96.1,100.28,IMPROVING,IMPROVING (stable),IMPROVING,↖,0,False,37.1,3.69,62.2,False,15,487.7,False,54.0,444.75,3.29,9.86,16.43,3.0,5.0,BEAR,False,15%,-2.99,3.35,-0.89,-1.0,3.35,DOWN,1.53,DOWN,,3.0,False
SAIL,2026-06-30,None,3,3,-10,2,95.9,99.11,LAGGING,LAGGING (stable),LAGGING,↙,0,False,57.5,0.72,32.0,False,25,206.06,False,35.0,168.27,5.44,16.33,27.21,3.0,5.0,BEAR,False,5%,5.12,6.97,0.73,2.56,3.49,DOWN,-1.82,DOWN,,3.0,False
NATIONALUM,2026-06-30,None,3,3,-10,2,88.81,98.04,LAGGING,LAGGING (stable),LAGGING,↙,0,False,55.1,0.51,33.1,False,15,436.9,False,28.0,334.65,6.51,19.53,32.55,3.0,5.0,BEAR,False,5%,0.98,14.57,0.07,0.33,4.86,DOWN,-2.25,UP,,3.0,False
SOBHA,2026-06-30,None,3,3,100,4,99.37,100.43,IMPROVING,IMPROVING (stable),IMPROVING,←,0,False,43.7,2.03,68.4,False,25,1451.8,False,56.0,1410.4,4.68,14.05,23.42,3.0,5.0,BEAR,False,15%,2.44,4.25,0.57,0.81,2.12,DOWN,0.5,DOWN,,3.0,False
HINDALCO,2026-06-30,None,3,3,-10,2,95.36,99.23,LAGGING,LAGGING (stable),LAGGING,↙,0,False,49.9,0.93,23.0,False,15,1149.7,False,35.0,939.7,4.47,13.4,22.34,3.0,5.0,BEAR,False,5%,8.34,4.96,1.68,1.39,1.24,UP,-2.39,DOWN,,3.0,False
AMBER,2026-06-30,None,3,3,0,2,98.48,99.59,LAGGING,LAGGING -> IMPROVING,IMPROVING,↖,0,True,65.6,0.4,45.4,False,50,7965.5,False,13.0,7451.0,5.58,16.73,27.89,3.0,5.0,BEAR,False,5%,0.69,11.05,0.06,0.34,2.21,DOWN,-0.77,UP,,3.0,False
IGL,2026-06-30,None,2,2,20,1,100.21,100.29,LEADING,LEADING (stable),LEADING,→,2,True,52.5,1.0,42.6,False,30,170.78,False,14.0,156.81,4.62,13.85,23.08,3.0,5.0,BEAR,False,5%,9.51,3.11,3.06,3.17,0.78,UP,-1.73,DOWN,,2.0,False
LODHA,2026-06-30,None,2,2,80,1,104.59,101.74,LEADING,LEADING (stable),LEADING,↗,2,True,51.1,1.19,77.6,False,30,938.1,True,33.0,992.3,4.86,14.59,24.31,3.0,5.0,BEAR,False,15%,-2.05,7.98,-0.26,-0.68,1.33,DOWN,2.09,DOWN,,2.0,False
GAIL,2026-06-30,None,2,2,30,4,104.83,100.65,LEADING,LEADING (stable),LEADING,•,2,True,62.5,0.49,60.9,False,50,167.26,True,55.0,174.5,3.37,10.11,16.84,3.0,5.0,BEAR,False,5%,2.64,4.98,0.53,1.32,1.24,FLAT,0.71,UP,,2.0,False
AADHARHFC,2026-06-30,None,2,2,90,1,101.58,99.79,WEAKENING,WEAKENING (stable),WEAKENING,→,0,False,49.3,1.31,67.3,False,15,517.45,False,57.0,517.75,4.9,14.71,24.52,3.0,5.0,BEAR,False,15%,4.68,10.84,0.43,1.56,10.84,DOWN,1.3,DOWN,,2.0,False
CDSL,2026-06-30,None,2,2,80,4,101.32,100.24,LEADING,LEADING (stable),LEADING,→,2,True,46.4,1.11,71.6,False,50,1371.8,False,9.0,1332.4,3.79,11.38,18.96,3.0,5.0,BEAR,False,15%,2.88,7.85,0.37,1.44,1.31,UP,1.21,UP,,2.0,False
PETRONET,2026-06-30,None,2,2,15,1,100.91,100.33,LEADING,LEADING (stable),LEADING,↗,2,True,65.6,0.43,60.0,False,40,292.0,False,14.0,279.1,3.55,10.65,17.75,3.0,5.0,BEAR,False,5%,5.37,12.62,0.43,0.6,3.15,DOWN,-0.19,DOWN,,2.0,False
POLYMED,2026-06-30,None,2,2,40,1,104.58,100.54,LEADING,LEADING -> WEAKENING,WEAKENING,↘,2,False,65.9,0.57,81.2,False,25,1598.2,True,40.0,1666.1,5.84,17.52,29.2,3.0,5.0,BEAR,False,5%,3.42,32.54,0.1,0.68,2.17,DOWN,1.4,DOWN,,2.0,False
DIVISLAB,2026-06-30,None,2,2,0,2,99.81,99.69,LAGGING,LAGGING (stable),LAGGING,↙,0,False,64.4,0.93,43.2,False,40,6921.5,False,48.0,6545.5,3.13,9.4,15.67,3.0,5.0,BEAR,False,5%,5.22,4.82,1.08,1.04,0.96,FLAT,-0.85,DOWN,,2.0,False
COHANCE,2026-06-30,None,2,2,40,4,102.52,100.58,LEADING,LEADING -> WEAKENING,WEAKENING,↙,2,False,50.2,0.13,58.4,False,25,488.2,False,54.0,451.15,6.99,20.96,34.94,3.0,5.0,BEAR,False,5%,7.79,20.55,0.38,1.56,20.55,DOWN,0.64,DOWN,,2.0,False
TORNTPOWER,2026-06-30,None,0,0,0,2,92.05,98.89,LAGGING,LAGGING (stable),LAGGING,←,0,False,64.2,0.42,51.2,False,50,1475.2,False,9.0,1404.5,4.73,14.18,23.63,3.0,5.0,BEAR,False,5%,0.8,6.94,0.12,0.4,2.31,DOWN,-0.7,UP,,0.0,False
TRAVELFOOD,2026-06-30,None,0,0,30,1,102.74,99.34,WEAKENING,WEAKENING (stable),WEAKENING,→,0,False,69.8,0.45,67.0,False,50,1286.1,True,27.0,1328.2,5.34,16.01,26.68,3.0,5.0,BEAR,False,5%,4.2,6.1,0.69,0.7,3.05,DOWN,0.7,DOWN,,0.0,False
ABFRL,2026-06-30,None,0,0,0,4,93.9,99.97,LAGGING,LAGGING (stable),LAGGING,↙,0,False,61.0,0.69,49.6,False,40,61.72,False,14.0,58.67,5.08,15.24,25.39,3.0,5.0,BEAR,False,5%,6.02,5.42,1.11,2.01,2.71,DOWN,-0.9,DOWN,,0.0,False
FORCEMOT,2026-06-30,None,0,0,0,3,89.99,98.85,LAGGING,LAGGING -> IMPROVING,IMPROVING,↖,0,True,68.4,0.62,59.9,False,40,18691.0,False,14.0,18323.0,5.92,17.75,29.58,3.0,5.0,BEAR,False,5%,3.37,6.9,0.49,1.12,6.9,DOWN,-0.12,DOWN,,0.0,False
FIVESTAR,2026-06-30,None,0,0,50,4,103.74,101.12,LEADING,LEADING -> WEAKENING,WEAKENING,↙,2,False,57.5,0.65,74.7,False,50,519.45,False,12.0,517.35,5.83,17.5,29.17,3.0,5.0,BEAR,False,5%,7.55,9.73,0.78,3.77,1.95,UP,1.77,UP,,0.0,False
FSL,2026-06-30,None,0,0,-10,4,99.24,101.0,IMPROVING,IMPROVING -> LAGGING,LAGGING,↙,0,False,49.7,0.3,23.3,False,25,280.29,False,37.0,229.69,6.23,18.69,31.15,3.0,5.0,BEAR,False,5%,8.54,6.93,1.23,2.13,2.31,FLAT,-1.45,DOWN,,0.0,False
FACT,2026-06-30,None,0,0,0,1,99.68,99.35,LAGGING,LAGGING (stable),LAGGING,↙,0,False,66.8,0.29,46.4,False,25,997.8,False,15.0,878.45,6.25,18.75,31.25,3.0,5.0,BEAR,False,5%,3.23,24.39,0.13,1.61,3.05,DOWN,-0.45,UP,,0.0,False
IRCTC,2026-06-30,None,0,0,0,4,94.49,100.05,IMPROVING,IMPROVING (stable),IMPROVING,←,0,False,52.7,0.51,40.3,False,25,572.75,False,56.0,502.7,2.92,8.76,14.59,3.0,5.0,BEAR,False,5%,-1.64,3.06,-0.54,-0.33,3.06,DOWN,-1.42,UP,,0.0,False
IOB,2026-06-30,None,0,0,25,1,98.39,99.75,LAGGING,LAGGING -> WEAKENING,WEAKENING,→,0,False,60.0,0.45,57.2,False,50,35.58,False,14.0,34.17,3.19,9.57,15.95,3.0,5.0,BEAR,False,5%,0.77,7.73,0.1,0.38,1.1,DOWN,-0.05,UP,,0.0,False
IEX,2026-06-30,None,0,0,10,4,96.71,99.47,LAGGING,LAGGING (stable),LAGGING,↙,0,False,63.7,0.43,65.6,False,25,134.12,False,54.0,123.86,3.42,10.27,17.12,3.0,5.0,BEAR,False,5%,0.37,4.25,0.09,0.19,1.42,DOWN,-0.08,UP,,0.0,False
INDIANB,2026-06-30,None,0,0,0,4,95.59,99.15,LAGGING,LAGGING -> IMPROVING,IMPROVING,↗,0,True,62.6,0.77,45.1,False,40,876.35,False,14.0,820.95,3.96,11.89,19.81,3.0,5.0,BEAR,False,5%,1.36,9.27,0.15,0.68,1.54,DOWN,-0.91,UP,,0.0,False
ACC,2026-06-30,None,0,0,0,4,95.8,100.33,IMPROVING,IMPROVING (stable),IMPROVING,•,0,False,62.2,0.34,54.8,False,30,1426.6,False,35.0,1332.2,2.87,8.6,14.33,3.0,5.0,BEAR,False,5%,3.16,5.96,0.53,0.29,2.98,DOWN,-0.46,DOWN,,0.0,False
TECHM,2026-06-30,None,0,0,20,1,96.73,99.82,LAGGING,LAGGING (stable),LAGGING,↙,0,False,48.5,1.39,32.5,False,15,1571.4,False,29.0,1362.2,4.89,14.68,24.46,3.0,5.0,BEAR,False,5%,8.35,9.82,0.85,2.78,2.46,UP,-1.66,DOWN,,0.0,False
ASAHIINDIA,2026-06-30,None,0,0,0,4,100.27,100.33,LEADING,LEADING (stable),LEADING,•,2,True,65.3,0.44,46.2,False,40,898.9,False,6.0,855.05,5.28,15.85,26.42,3.0,5.0,BEAR,False,5%,2.99,10.46,0.29,1.5,10.46,DOWN,-0.38,UP,,0.0,False
APOLLOTYRE,2026-06-30,None,0,0,50,4,99.96,100.37,IMPROVING,IMPROVING -> LEADING,LEADING,↗,0,True,60.2,0.47,73.4,False,50,399.75,True,35.0,431.65,4.16,12.48,20.79,3.0,5.0,BEAR,False,5%,1.8,5.02,0.36,0.6,5.02,DOWN,1.33,DOWN,,0.0,False
ANURAS,2026-06-30,None,0,0,50,2,95.61,99.2,LAGGING,LAGGING (stable),LAGGING,↙,0,False,51.1,1.12,49.4,False,50,1348.2,False,27.0,1270.5,4.25,12.74,21.23,3.0,5.0,BEAR,False,5%,3.42,8.75,0.39,0.43,2.19,DOWN,-0.45,DOWN,,0.0,False
HINDPETRO,2026-06-30,None,0,0,15,4,102.11,101.33,LEADING,LEADING (stable),LEADING,↑,2,True,64.3,0.53,58.2,False,40,412.9,False,7.0,392.1,4.58,13.74,22.91,3.0,5.0,BEAR,False,5%,0.93,8.11,0.11,0.46,8.11,DOWN,-0.11,UP,,0.0,False
HINDCOPPER,2026-06-30,None,0,0,0,2,92.67,99.81,LAGGING,LAGGING (stable),LAGGING,←,0,False,53.5,0.51,38.4,False,15,606.45,False,48.0,490.6,4.83,14.49,24.16,3.0,5.0,BEAR,False,5%,1.12,9.7,0.12,0.28,1.39,DOWN,-1.32,UP,,0.0,False
HAVELLS,2026-06-30,None,0,0,75,4,94.46,99.64,LAGGING,LAGGING -> IMPROVING,IMPROVING,↗,0,True,42.4,1.23,58.3,False,25,1348.7,False,70.0,1188.8,3.57,10.72,17.87,3.0,5.0,BEAR,False,15%,0.61,2.38,0.25,0.2,0.59,DOWN,0.43,DOWN,,0.0,False
EIHOTEL,2026-06-30,None,0,0,100,4,98.24,99.95,LAGGING,LAGGING -> WEAKENING,WEAKENING,→,0,False,42.9,1.82,73.9,False,15,335.4,False,54.0,325.2,4.28,12.84,21.41,3.0,5.0,BEAR,False,15%,2.77,17.59,0.16,0.55,1.6,DOWN,1.03,DOWN,,0.0,False
EIDPARRY,2026-06-30,None,0,0,40,4,89.31,99.22,LAGGING,LAGGING (stable),LAGGING,↙,0,False,43.2,1.3,48.8,False,25,872.5,False,70.0,720.75,4.25,12.75,21.25,3.0,5.0,BEAR,False,5%,3.23,7.37,0.44,0.46,1.84,DOWN,-0.37,UP,,0.0,False
DIXON,2026-06-30,None,0,0,30,4,104.26,100.29,LEADING,LEADING -> WEAKENING,WEAKENING,↘,2,False,54.8,0.46,57.7,False,40,12833.0,False,14.0,11956.0,4.71,14.13,23.55,3.0,5.0,BEAR,False,5%,2.05,10.36,0.2,0.51,2.59,DOWN,0.14,UP,,0.0,False
JKCEMENT,2026-06-30,None,0,0,50,4,95.95,99.61,LAGGING,LAGGING (stable),LAGGING,←,0,False,56.3,0.43,69.3,False,40,5577.0,False,6.0,5413.0,5.03,15.09,25.15,3.0,5.0,BEAR,False,5%,2.81,6.89,0.41,1.41,6.89,DOWN,0.45,UP,,0.0,False
INTELLECT,2026-06-30,None,0,0,0,4,102.06,100.98,LEADING,LEADING -> WEAKENING,WEAKENING,↙,2,False,58.0,0.58,42.4,False,50,764.9,False,14.0,726.0,5.38,16.14,26.89,3.0,5.0,BEAR,False,5%,5.7,5.1,1.12,1.9,1.28,UP,-0.48,DOWN,,0.0,False
INOXWIND,2026-06-30,None,0,0,15,4,94.64,100.58,IMPROVING,IMPROVING -> LAGGING,LAGGING,↙,0,False,60.4,0.61,65.0,False,50,92.89,False,9.0,89.85,5.47,16.4,27.34,3.0,5.0,BEAR,False,5%,2.1,7.61,0.28,1.05,1.9,DOWN,0.01,UP,,0.0,False
INFY,2026-06-30,None,0,0,-10,4,89.31,99.51,LAGGING,LAGGING (stable),LAGGING,↙,0,False,44.6,0.85,25.7,False,15,1270.8,False,29.0,985.3,5.28,15.85,26.41,3.0,5.0,BEAR,False,5%,8.39,4.09,2.05,2.8,2.05,UP,-2.97,DOWN,,0.0,False
NAUKRI,2026-06-30,None,0,0,30,4,98.58,100.47,IMPROVING,IMPROVING -> LEADING,LEADING,↘,0,True,56.7,0.45,56.0,False,40,1015.7,False,29.0,993.55,4.73,14.18,23.64,3.0,5.0,BEAR,False,5%,3.15,7.31,0.43,0.63,3.65,DOWN,0.15,DOWN,,0.0,False
INDUSTOWER,2026-06-30,None,0,0,30,3,95.56,99.38,LAGGING,LAGGING (stable),LAGGING,←,0,False,41.2,1.11,26.8,False,15,442.05,False,33.0,388.85,4.05,12.14,20.23,3.0,5.0,BEAR,False,5%,-4.93,4.28,-1.15,-0.55,2.14,DOWN,-1.8,UP,,0.0,False
IREDA,2026-06-30,None,0,0,35,4,97.51,99.9,LAGGING,LAGGING (stable),LAGGING,↙,0,False,60.2,0.33,66.5,False,40,133.25,False,33.0,127.93,3.77,11.32,18.87,3.0,5.0,BEAR,False,5%,1.53,5.71,0.27,0.38,2.85,DOWN,0.34,UP,,0.0,False
ICICIGI,2026-06-30,None,0,0,0,4,97.37,99.72,LAGGING,LAGGING (stable),LAGGING,←,0,False,67.5,0.97,53.6,False,40,1870.1,False,12.0,1757.6,3.78,11.34,18.9,3.0,5.0,BEAR,False,5%,7.73,13.26,0.58,1.29,2.21,DOWN,-0.67,DOWN,,0.0,False
HYUNDAI,2026-06-30,None,0,0,15,4,102.45,101.0,LEADING,LEADING (stable),LEADING,↗,2,True,58.2,0.57,53.5,False,50,2030.1,False,16.0,1918.3,4.01,12.02,20.03,3.0,5.0,BEAR,False,5%,7.33,10.52,0.7,0.67,5.26,DOWN,-0.28,DOWN,,0.0,False
HINDZINC,2026-06-30,None,0,0,-10,3,91.35,99.82,LAGGING,LAGGING (stable),LAGGING,↙,0,False,58.5,0.56,40.9,False,40,573.2,False,9.0,524.4,4.98,14.94,24.89,3.0,5.0,BEAR,False,5%,1.46,12.09,0.12,0.49,1.51,DOWN,-1.99,UP,,0.0,False
IRFC,2026-06-30,None,0,0,0,4,94.34,100.18,IMPROVING,IMPROVING -> LAGGING,LAGGING,↙,0,False,53.3,0.97,41.7,False,30,100.9,False,9.0,91.18,3.81,11.44,19.07,3.0,5.0,BEAR,False,5%,10.99,9.2,1.19,1.83,1.31,UP,-1.86,DOWN,,0.0,False
GICRE,2026-06-30,None,0,0,10,3,94.5,99.04,LAGGING,LAGGING (stable),LAGGING,↙,0,False,55.8,0.47,38.6,False,40,387.25,False,16.0,358.95,4.4,13.21,22.02,3.0,5.0,BEAR,False,5%,0.5,5.05,0.1,0.25,1.68,DOWN,-1.04,UP,,0.0,False
GALLANTT,2026-06-30,None,0,0,20,2,91.57,98.6,LAGGING,LAGGING (stable),LAGGING,↙,0,False,60.6,0.07,58.6,False,50,741.8,False,9.0,679.75,6.54,19.62,32.7,3.0,5.0,BEAR,False,5%,0.55,10.79,0.05,0.27,2.7,DOWN,-0.58,UP,,0.0,False
JUBLPHARMA,2026-06-30,None,0,0,30,4,99.92,100.07,IMPROVING,IMPROVING -> LAGGING,LAGGING,↙,0,False,58.6,0.77,53.1,False,50,1014.2,False,42.0,975.9,4.29,12.86,21.43,3.0,5.0,BEAR,False,5%,2.7,4.97,0.54,1.35,1.66,DOWN,0.15,UP,,0.0,False
JUBLINGREA,2026-06-30,None,0,0,65,4,92.53,99.33,LAGGING,LAGGING (stable),LAGGING,↙,0,False,47.0,1.69,58.2,False,50,650.0,False,15.0,640.8,5.06,15.17,25.28,3.0,5.0,BEAR,False,5%,2.98,7.3,0.41,0.6,0.91,DOWN,0.12,DOWN,,0.0,False
JUBLFOOD,2026-06-30,None,0,0,0,4,92.88,99.77,LAGGING,LAGGING (stable),LAGGING,←,0,False,56.9,0.44,47.1,False,25,473.0,False,43.0,421.45,4.11,12.33,20.55,3.0,5.0,BEAR,False,5%,4.09,5.44,0.75,0.82,2.72,DOWN,-0.35,DOWN,,0.0,False
JIOFIN,2026-06-30,None,0,0,30,4,97.6,99.98,LAGGING,LAGGING (stable),LAGGING,↘,0,False,59.9,0.47,64.7,False,50,242.89,False,35.0,240.01,3.06,9.18,15.31,3.0,5.0,BEAR,False,5%,2.0,4.91,0.41,0.5,1.64,DOWN,0.29,UP,,0.0,False
JINDALSTEL,2026-06-30,None,0,0,20,3,90.41,98.63,LAGGING,LAGGING (stable),LAGGING,↙,0,False,41.0,2.49,26.0,False,15,1288.8,False,71.0,1028.8,4.39,13.16,21.94,3.0,5.0,BEAR,False,5%,11.78,2.62,4.49,1.96,0.66,UP,-2.95,DOWN,,0.0,False
JPPOWER,2026-06-30,None,0,0,0,2,97.96,99.31,LAGGING,LAGGING (stable),LAGGING,↙,0,False,63.2,0.63,49.1,False,50,18.47,False,16.0,17.95,6.17,18.51,30.85,3.0,5.0,BEAR,False,5%,5.18,6.79,0.76,0.86,2.26,DOWN,-0.39,DOWN,,0.0,False
JAINREC,2026-06-30,None,0,0,0,4,100.0,100.0,n/a,n/a,n/a,•,0,False,74.0,0.23,53.9,False,40,380.2,False,9.0,350.6,8.97,26.91,44.85,3.0,5.0,BEAR,False,5%,4.04,13.66,0.3,2.02,2.28,DOWN,-0.71,UP,,0.0,False
JSWSTEEL,2026-06-30,None,0,0,0,2,98.28,99.68,LAGGING,LAGGING (stable),LAGGING,←,0,False,56.8,0.9,32.3,False,40,1312.9,False,28.0,1216.2,3.14,9.43,15.72,3.0,5.0,BEAR,False,5%,2.84,2.35,1.21,1.42,1.17,UP,-1.69,DOWN,,0.0,False
JSWCEMENT,2026-06-30,None,0,0,50,2,100.0,100.0,n/a,n/a,n/a,•,0,False,65.5,0.35,70.8,False,40,137.99,False,40.0,136.7,4.11,12.32,20.53,3.0,5.0,BEAR,False,5%,0.15,6.79,0.02,0.05,1.7,DOWN,1.58,DOWN,,0.0,False
JMFINANCIL,2026-06-30,None,0,0,85,4,94.36,99.42,LAGGING,LAGGING (stable),LAGGING,↙,0,False,43.6,1.73,67.8,False,50,128.78,True,9.0,128.97,5.36,16.08,26.8,3.0,5.0,BEAR,False,15%,1.26,5.71,0.22,0.21,5.71,DOWN,0.77,DOWN,,0.0,False
JKTYRE,2026-06-30,None,0,0,40,4,97.45,100.81,IMPROVING,IMPROVING -> LEADING,LEADING,↗,0,True,57.5,0.69,65.2,False,50,410.5,False,9.0,396.5,5.05,15.15,25.25,3.0,5.0,BEAR,False,5%,5.31,18.96,0.28,0.88,2.71,DOWN,0.32,DOWN,,0.0,False
ESCORTS,2026-06-30,None,0,0,55,4,94.38,100.15,IMPROVING,IMPROVING -> LEADING,LEADING,↗,0,True,56.9,1.29,74.0,False,25,3345.9,False,55.0,2945.3,4.18,12.54,20.89,3.0,5.0,BEAR,False,5%,2.27,4.93,0.46,1.13,4.93,DOWN,0.71,UP,,0.0,False
ERIS,2026-06-30,None,0,0,40,4,100.71,99.89,WEAKENING,WEAKENING (stable),WEAKENING,↘,0,False,59.5,0.45,64.0,False,50,1466.4,False,7.0,1446.4,4.54,13.62,22.7,3.0,5.0,BEAR,False,5%,3.93,6.92,0.57,1.97,3.46,DOWN,0.69,UP,,0.0,False
INDIAMART,2026-06-30,None,0,0,20,4,94.94,99.47,LAGGING,LAGGING (stable),LAGGING,•,0,False,45.2,1.29,35.1,False,15,2137.7,False,13.0,1866.5,4.16,12.47,20.78,3.0,5.0,BEAR,False,5%,16.53,10.91,1.51,2.07,2.18,FLAT,-2.43,DOWN,,0.0,False
ENDURANCE,2026-06-30,None,0,0,15,1,102.21,100.24,LEADING,LEADING -> IMPROVING,IMPROVING,←,2,True,67.0,0.7,60.0,False,40,2710.6,False,7.0,2593.3,4.68,14.03,23.38,3.0,5.0,BEAR,False,5%,7.55,12.87,0.59,2.52,0.99,UP,-0.41,DOWN,,0.0,False
EMAMILTD,2026-06-30,None,0,0,85,4,94.03,100.07,IMPROVING,IMPROVING (stable),IMPROVING,•,0,False,39.4,1.69,61.9,False,40,413.5,True,12.0,414.7,4.39,13.18,21.96,3.0,5.0,BEAR,False,15%,5.56,6.61,0.84,1.85,2.2,DOWN,0.88,UP,,0.0,False
CAMS,2026-06-30,None,0,0,30,1,102.23,100.08,LEADING,LEADING -> WEAKENING,WEAKENING,↙,2,False,64.6,0.86,63.6,False,40,832.8,False,13.0,792.2,4.08,12.23,20.38,3.0,5.0,BEAR,False,5%,1.3,6.91,0.19,0.65,1.15,DOWN,0.15,UP,,0.0,False
COFORGE,2026-06-30,None,0,0,45,4,106.27,101.52,LEADING,LEADING -> WEAKENING,WEAKENING,↙,2,False,46.2,1.14,45.3,False,30,1497.9,False,7.0,1370.7,5.89,17.66,29.43,3.0,5.0,BEAR,False,5%,11.15,9.0,1.24,5.58,1.8,UP,-1.3,DOWN,,0.0,False
COCHINSHIP,2026-06-30,None,0,0,35,4,94.14,99.83,LAGGING,LAGGING (stable),LAGGING,↙,0,False,58.5,0.71,63.6,False,50,1500.2,True,14.0,1504.4,5.08,15.23,25.39,3.0,5.0,BEAR,False,5%,6.09,7.45,0.82,1.02,3.72,DOWN,0.59,UP,,0.0,False
DEVYANI,2026-06-30,None,0,0,0,4,98.87,100.68,IMPROVING,IMPROVING (stable),IMPROVING,←,0,False,65.5,0.54,57.1,False,50,117.25,False,9.0,112.82,5.36,16.09,26.82,3.0,5.0,BEAR,False,5%,2.01,8.39,0.24,1.0,2.1,DOWN,-0.15,UP,,0.0,False
DALBHARAT,2026-06-30,None,0,0,0,4,91.78,99.47,LAGGING,LAGGING (stable),LAGGING,•,0,False,66.6,0.8,61.8,False,30,1822.6,False,37.0,1708.9,3.85,11.54,19.23,3.0,5.0,BEAR,False,5%,3.3,5.64,0.59,1.1,5.64,DOWN,-0.13,DOWN,,0.0,False
DCMSHRIRAM,2026-06-30,None,0,0,30,4,90.06,98.69,LAGGING,LAGGING (stable),LAGGING,↙,0,False,47.8,5.29,42.7,False,40,1053.7,False,12.0,1014.0,5.04,15.12,25.21,3.0,5.0,BEAR,False,5%,7.06,10.19,0.69,0.64,2.04,DOWN,-0.83,DOWN,,0.0,False
CYIENT,2026-06-30,None,0,0,0,4,97.19,100.7,IMPROVING,IMPROVING -> LAGGING,LAGGING,↙,0,False,63.6,0.26,53.3,False,50,907.65,False,15.0,860.9,4.41,13.22,22.03,3.0,5.0,BEAR,False,5%,4.53,5.42,0.84,1.51,1.36,UP,-0.78,DOWN,,0.0,False
CROMPTON,2026-06-30,None,0,0,10,1,98.45,99.73,LAGGING,LAGGING (stable),LAGGING,↙,0,False,69.1,0.78,66.0,False,25,301.95,False,47.0,269.45,4.51,13.53,22.56,3.0,5.0,BEAR,False,5%,4.47,11.82,0.38,0.75,1.69,DOWN,-0.35,DOWN,,0.0,False
KFINTECH,2026-06-30,None,0,0,50,4,96.8,99.88,LAGGING,LAGGING -> WEAKENING,WEAKENING,→,0,False,53.4,0.6,67.2,False,50,915.35,False,12.0,881.65,4.25,12.76,21.26,3.0,5.0,BEAR,False,5%,1.69,7.04,0.24,0.84,1.76,DOWN,0.39,UP,,0.0,False
KEC,2026-06-30,None,0,0,15,4,94.87,99.97,LAGGING,LAGGING (stable),LAGGING,↘,0,False,60.3,0.81,61.3,False,40,545.2,False,9.0,521.45,5.28,15.83,26.39,3.0,5.0,BEAR,False,5%,1.98,7.75,0.25,0.99,1.94,DOWN,0.04,UP,,0.0,False
KAYNES,2026-06-30,None,0,0,0,4,85.57,98.41,LAGGING,LAGGING (stable),LAGGING,↙,0,False,55.8,0.61,54.5,False,40,3385.5,False,13.0,3152.1,5.92,17.76,29.6,3.0,5.0,BEAR,False,5%,7.83,12.62,0.62,0.98,2.52,DOWN,-0.54,DOWN,,0.0,False
KPITTECH,2026-06-30,None,0,0,10,4,94.73,101.27,IMPROVING,IMPROVING -> LAGGING,LAGGING,↙,0,False,37.6,10.11,16.9,False,15,809.25,False,29.0,557.55,9.08,27.24,45.4,3.0,5.0,BEAR,False,5%,38.27,8.42,4.55,6.38,8.42,DOWN,-4.89,DOWN,,0.0,False
JYOTICNC,2026-06-30,None,0,0,50,4,99.92,100.43,IMPROVING,IMPROVING -> LEADING,LEADING,↗,0,True,59.8,0.49,79.8,False,15,773.2,True,55.0,779.5,5.92,17.76,29.6,3.0,5.0,BEAR,False,5%,12.0,3.39,3.54,1.71,0.85,UP,1.9,UP,,0.0,False
M&MFIN,2026-06-30,None,0,0,50,4,97.09,100.62,IMPROVING,IMPROVING (stable),IMPROVING,↑,0,False,61.7,0.47,73.2,False,40,328.55,False,6.0,315.15,5.44,16.33,27.22,3.0,5.0,BEAR,False,5%,5.47,15.14,0.36,2.74,5.05,DOWN,1.0,DOWN,,0.0,False
MGL,2026-06-30,None,0,0,30,1,103.34,100.56,LEADING,LEADING (stable),LEADING,↗,2,True,58.7,0.78,61.5,False,30,1245.5,False,9.0,1162.0,4.95,14.84,24.73,3.0,5.0,BEAR,False,5%,2.38,10.31,0.23,1.19,2.58,DOWN,0.2,UP,,0.0,False
JWL,2026-06-30,None,0,0,0,4,96.96,100.19,IMPROVING,IMPROVING -> LAGGING,LAGGING,↙,0,False,61.5,0.58,46.1,False,50,279.55,False,9.0,266.85,5.34,16.02,26.7,3.0,5.0,BEAR,False,5%,2.5,9.85,0.25,0.83,1.97,DOWN,-0.72,UP,,0.0,False
CRISIL,2026-06-30,None,0,0,55,4,97.37,100.19,IMPROVING,IMPROVING -> LEADING,LEADING,↗,0,True,46.5,1.14,56.5,False,30,4213.7,False,42.0,4081.7,3.98,11.94,19.9,3.0,5.0,BEAR,False,5%,0.98,5.14,0.19,0.49,1.71,DOWN,0.2,UP,,0.0,False
NTPC,2026-06-30,None,0,0,10,2,92.06,98.52,LAGGING,LAGGING (stable),LAGGING,↙,0,False,64.5,0.57,56.5,False,0,,False,,357.9,3.26,9.78,16.31,3.0,5.0,BEAR,False,5%,1.84,5.06,0.36,0.61,2.53,DOWN,-0.56,UP,,0.0,False
NTPCGREEN,2026-06-30,None,0,0,0,3,91.35,98.16,LAGGING,LAGGING (stable),LAGGING,↙,0,False,55.0,0.4,37.9,False,25,118.86,False,65.0,95.08,3.62,10.87,18.12,3.0,5.0,BEAR,False,5%,0.97,3.76,0.26,0.48,0.94,DOWN,-1.12,UP,,0.0,False
NCC,2026-06-30,None,0,0,0,4,96.35,99.54,LAGGING,LAGGING (stable),LAGGING,↙,0,False,64.5,0.7,58.0,False,50,159.55,False,9.0,149.61,4.61,13.83,23.04,3.0,5.0,BEAR,False,5%,7.67,14.04,0.55,1.28,2.01,DOWN,-0.55,DOWN,,0.0,False
NATCOPHARM,2026-06-30,None,0,0,35,2,84.08,97.37,LAGGING,LAGGING (stable),LAGGING,↙,0,False,63.4,0.7,74.1,False,15,1186.0,False,36.0,926.2,5.51,16.53,27.55,3.0,5.0,BEAR,False,5%,-4.02,5.96,-0.67,-0.37,2.98,DOWN,0.1,DOWN,,0.0,False
MUTHOOTFIN,2026-06-30,None,0,0,-10,4,90.47,99.21,LAGGING,LAGGING (stable),LAGGING,↙,0,False,64.7,0.97,51.0,False,30,3216.0,False,9.0,2914.9,5.06,15.19,25.32,3.0,5.0,BEAR,False,5%,10.71,4.78,2.24,1.78,4.78,DOWN,-1.93,DOWN,,0.0,False
LINDEINDIA,2026-06-30,None,0,0,35,2,97.57,98.64,LAGGING,LAGGING (stable),LAGGING,←,0,False,64.7,0.25,64.4,False,40,7460.5,False,12.0,7212.0,4.45,13.36,22.27,3.0,5.0,BEAR,False,5%,3.03,6.27,0.48,1.51,6.27,DOWN,0.24,UP,,0.0,False
LENSKART,2026-06-30,None,0,0,90,1,100.0,100.0,n/a,n/a,n/a,•,0,False,55.0,1.04,70.5,False,50,524.2,True,29.0,530.55,4.58,13.74,22.91,3.0,5.0,BEAR,False,15%,-1.23,8.68,-0.14,-0.41,8.68,DOWN,1.23,DOWN,,0.0,False
LEMONTREE,2026-06-30,None,0,0,40,4,98.82,100.47,IMPROVING,IMPROVING -> LAGGING,LAGGING,↓,0,False,58.6,0.5,69.8,False,25,119.58,False,35.0,118.34,4.36,13.09,21.82,3.0,5.0,BEAR,False,5%,2.63,12.19,0.22,0.53,3.05,DOWN,1.12,DOWN,,0.0,False
LATENTVIEW,2026-06-30,None,0,0,10,4,94.8,101.27,IMPROVING,IMPROVING -> LAGGING,LAGGING,↙,0,False,47.5,1.63,33.7,False,15,309.3,False,13.0,264.25,7.01,21.04,35.07,3.0,5.0,BEAR,False,5%,19.17,11.41,1.68,2.4,2.28,FLAT,-2.44,DOWN,,0.0,False
LTM,2026-06-30,None,0,0,-10,4,89.1,100.03,IMPROVING,IMPROVING -> LAGGING,LAGGING,↙,0,False,46.3,0.73,26.7,False,30,4006.7,False,15.0,3546.7,5.17,15.52,25.86,3.0,5.0,BEAR,False,5%,-5.1,9.43,-0.54,-1.02,2.36,DOWN,-2.43,UP,,0.0,False
LTFOODS,2026-06-30,None,0,0,0,4,93.0,98.94,LAGGING,LAGGING (stable),LAGGING,↙,0,False,66.0,0.9,55.2,False,40,387.3,False,7.0,375.15,4.75,14.25,23.75,3.0,5.0,BEAR,False,5%,5.56,8.78,0.63,0.51,4.39,DOWN,-0.63,DOWN,,0.0,False
LICHSGFIN,2026-06-30,None,0,0,80,1,99.8,99.65,LAGGING,LAGGING (stable),LAGGING,↙,0,False,46.1,1.04,58.3,False,30,586.35,False,55.0,554.45,3.81,11.43,19.05,3.0,5.0,BEAR,False,15%,2.96,5.99,0.49,0.74,0.86,DOWN,0.23,UP,,0.0,False
LGEINDIA,2026-06-30,None,0,0,15,1,100.0,100.0,n/a,n/a,n/a,•,0,False,67.8,0.78,52.9,False,50,1647.8,False,12.0,1556.5,4.33,12.99,21.65,3.0,5.0,BEAR,False,5%,-0.57,8.93,-0.06,-0.08,8.93,DOWN,-0.1,UP,,0.0,False
LTTS,2026-06-30,None,0,0,20,4,91.41,99.54,LAGGING,LAGGING (stable),LAGGING,↙,0,False,42.4,1.39,28.7,False,30,3462.9,False,15.0,3047.7,5.64,16.91,28.18,3.0,5.0,BEAR,False,5%,-6.94,7.02,-0.99,-0.99,3.51,DOWN,-2.26,UP,,0.0,False
CONCOR,2026-06-30,None,0,0,45,4,94.16,99.66,LAGGING,LAGGING (stable),LAGGING,↙,0,False,61.9,0.51,77.1,False,25,534.75,False,54.0,480.25,3.33,9.99,16.66,3.0,5.0,BEAR,False,5%,3.18,4.13,0.77,1.59,1.38,UP,0.85,UP,,0.0,False
ONESOURCE,2026-06-30,None,0,0,20,1,95.5,98.85,LAGGING,LAGGING (stable),LAGGING,↙,0,False,53.3,0.2,43.4,False,25,1867.4,False,42.0,1650.1,6.1,18.31,30.52,3.0,5.0,BEAR,False,5%,7.83,8.93,0.88,3.91,1.49,UP,-0.03,UP,,0.0,False
OIL,2026-06-30,None,0,0,20,3,90.27,98.53,LAGGING,LAGGING (stable),LAGGING,↙,0,False,48.4,0.51,43.9,False,25,518.3,False,47.0,419.8,4.08,12.25,20.42,3.0,5.0,BEAR,False,5%,3.89,5.17,0.75,1.3,1.72,DOWN,-1.14,UP,,0.0,False
ONGC,2026-06-30,None,0,0,-10,3,87.15,97.97,LAGGING,LAGGING (stable),LAGGING,↙,0,False,47.4,0.67,24.9,False,15,300.9,False,48.0,234.99,3.9,11.71,19.51,3.0,5.0,BEAR,False,5%,5.43,2.04,2.66,0.91,0.41,UP,-2.21,DOWN,,0.0,False
NUVOCO,2026-06-30,None,0,0,20,4,98.21,100.18,IMPROVING,IMPROVING -> LAGGING,LAGGING,↙,0,False,57.4,0.46,51.1,False,50,320.25,False,14.0,311.3,5.06,15.19,25.32,3.0,5.0,BEAR,False,5%,4.0,7.84,0.51,0.36,3.92,DOWN,-0.1,DOWN,,0.0,False
HDFCLIFE,2026-06-30,None,0,0,30,4,95.22,100.16,IMPROVING,IMPROVING (stable),IMPROVING,←,0,False,56.4,1.51,60.5,False,50,597.45,False,8.0,569.95,3.32,9.97,16.61,3.0,5.0,BEAR,False,5%,6.15,11.42,0.54,1.23,1.43,DOWN,-1.03,DOWN,,0.0,False
HDFCBANK,2026-06-30,None,0,0,50,4,98.95,100.43,IMPROVING,IMPROVING -> LEADING,LEADING,↗,0,True,57.5,0.7,70.3,False,40,786.85,True,37.0,796.15,2.97,8.9,14.83,3.0,5.0,BEAR,False,5%,3.05,3.94,0.78,0.61,1.31,DOWN,0.97,UP,,0.0,False
HDBFS,2026-06-30,None,0,0,50,1,105.07,100.98,LEADING,LEADING (stable),LEADING,↗,2,True,71.1,0.9,88.8,False,30,700.55,True,55.0,752.4,4.33,12.98,21.64,3.0,5.0,BEAR,False,5%,9.72,5.17,1.88,1.39,1.72,DOWN,2.1,UP,,0.0,False
HCLTECH,2026-06-30,None,0,0,-10,4,88.46,99.2,LAGGING,LAGGING (stable),LAGGING,↘,0,False,48.7,0.82,28.2,False,30,1166.8,False,14.0,1034.2,4.73,14.18,23.63,3.0,5.0,BEAR,False,5%,9.6,3.86,2.49,3.2,0.96,UP,-2.73,DOWN,,0.0,False
HBLENGINE,2026-06-30,None,0,0,50,1,101.6,100.27,LEADING,LEADING -> WEAKENING,WEAKENING,↙,2,False,60.8,0.73,71.3,False,40,827.25,False,6.0,822.3,5.06,15.18,25.3,3.0,5.0,BEAR,False,5%,2.75,15.41,0.18,0.92,1.54,DOWN,0.7,DOWN,,0.0,False
CLEAN,2026-06-30,None,0,0,0,4,99.54,100.29,IMPROVING,IMPROVING -> LAGGING,LAGGING,↙,0,False,60.5,0.28,51.9,False,50,821.1,False,9.0,759.3,5.47,16.42,27.37,3.0,5.0,BEAR,False,5%,12.52,16.09,0.78,2.09,2.3,FLAT,-0.68,DOWN,,0.0,False
CHOLAHLDNG,2026-06-30,None,0,0,50,4,97.88,100.22,IMPROVING,IMPROVING (stable),IMPROVING,←,0,False,68.6,0.44,91.5,False,25,1780.7,False,54.0,1661.4,4.59,13.76,22.93,3.0,5.0,BEAR,False,5%,18.83,19.59,0.96,1.18,2.45,DOWN,1.34,UP,,0.0,False
MEESHO,2026-06-30,None,0,0,80,0,100.0,100.0,n/a,n/a,n/a,•,0,False,59.9,1.09,72.5,False,15,199.01,False,40.0,188.88,6.99,20.97,34.95,3.0,5.0,BEAR,False,15%,15.61,7.03,2.22,1.73,1.41,UP,0.92,UP,,0.0,False
MFSL,2026-06-30,None,0,0,0,3,97.81,99.9,LAGGING,LAGGING -> IMPROVING,IMPROVING,↖,0,True,67.6,0.37,51.4,False,40,1688.6,False,8.0,1608.9,4.36,13.08,21.8,3.0,5.0,BEAR,False,5%,2.88,9.57,0.3,1.44,3.19,DOWN,-0.39,UP,,0.0,False
MRPL,2026-06-30,None,0,0,0,3,93.62,98.7,LAGGING,LAGGING -> IMPROVING,IMPROVING,↗,0,True,54.8,0.22,33.9,False,25,168.95,False,16.0,148.13,5.89,17.68,29.47,3.0,5.0,BEAR,False,5%,15.61,13.67,1.14,1.42,2.73,DOWN,-1.13,DOWN,,0.0,False
CANBK,2026-06-30,None,0,0,0,4,96.3,99.98,LAGGING,LAGGING -> IMPROVING,IMPROVING,↗,0,True,52.8,0.99,30.4,False,30,137.51,False,22.0,126.28,3.99,11.97,19.95,3.0,5.0,BEAR,False,5%,7.96,5.85,1.36,0.99,1.46,DOWN,-1.29,DOWN,,0.0,False
CANFINHOME,2026-06-30,None,0,0,40,4,98.7,99.88,LAGGING,LAGGING -> WEAKENING,WEAKENING,→,0,False,62.0,0.73,62.0,False,40,892.4,False,9.0,882.35,4.4,13.21,22.02,3.0,5.0,BEAR,False,5%,7.13,9.12,0.78,3.56,2.28,UP,0.67,UP,,0.0,False
UCOBANK,2026-06-30,None,0,0,50,1,101.08,100.57,LEADING,LEADING (stable),LEADING,↗,2,True,52.5,0.37,59.3,False,50,28.2,False,14.0,26.88,4.13,12.38,20.64,3.0,5.0,BEAR,False,5%,1.2,13.1,0.09,0.6,1.87,DOWN,0.37,UP,,0.0,False
TRIDENT,2026-06-30,None,0,0,90,1,99.4,99.85,LAGGING,LAGGING -> WEAKENING,WEAKENING,→,0,False,45.9,1.1,70.8,False,15,26.82,False,55.0,26.31,4.18,12.55,20.92,3.0,5.0,BEAR,False,15%,2.81,6.72,0.42,0.7,6.72,DOWN,1.12,UP,,0.0,False
AFFLE,2026-06-30,None,0,0,0,4,97.87,100.09,IMPROVING,IMPROVING -> LAGGING,LAGGING,↙,0,False,59.8,0.28,43.9,False,50,1502.2,False,22.0,1430.9,4.86,14.58,24.31,3.0,5.0,BEAR,False,5%,2.91,10.39,0.28,1.45,1.3,UP,-0.53,UP,,0.0,False
AFCONS,2026-06-30,None,0,0,0,4,97.91,100.18,IMPROVING,IMPROVING -> LAGGING,LAGGING,↙,0,False,53.3,0.27,32.4,False,50,330.05,False,21.0,309.0,5.29,15.87,26.45,3.0,5.0,BEAR,False,5%,5.15,4.44,1.16,1.72,2.22,DOWN,-0.78,DOWN,,0.0,False
GRAVITA,2026-06-30,None,0,0,0,1,100.17,100.38,LEADING,LEADING -> WEAKENING,WEAKENING,↙,2,False,71.5,0.62,57.6,False,50,1740.0,False,9.0,1627.2,5.38,16.14,26.91,3.0,5.0,BEAR,False,5%,9.67,15.88,0.61,1.61,1.59,FLAT,-0.55,DOWN,,0.0,False
GRAPHITE,2026-06-30,None,0,0,-10,2,90.64,98.98,LAGGING,LAGGING (stable),LAGGING,↙,0,False,59.2,0.21,40.3,False,40,662.25,False,14.0,611.6,5.56,16.67,27.79,3.0,5.0,BEAR,False,5%,2.33,12.67,0.18,0.78,1.58,DOWN,-1.62,UP,,0.0,False
GODFRYPHLP,2026-06-30,None,0,0,0,4,99.15,99.88,LAGGING,LAGGING (stable),LAGGING,↙,0,False,54.4,0.27,40.8,False,50,2301.0,False,19.0,2159.6,4.5,13.5,22.5,3.0,5.0,BEAR,False,5%,7.38,4.1,1.8,1.48,0.82,UP,-1.18,DOWN,,0.0,False
GODIGIT,2026-06-30,None,0,0,50,4,97.91,99.42,LAGGING,LAGGING -> WEAKENING,WEAKENING,→,0,False,62.3,0.67,68.8,False,15,344.5,False,111.0,316.05,5.23,15.68,26.13,3.0,5.0,BEAR,False,5%,5.35,7.39,0.72,2.67,7.39,DOWN,0.54,DOWN,,0.0,False
IDBI,2026-06-30,None,0,0,40,1,107.02,102.71,LEADING,LEADING (stable),LEADING,↗,2,True,53.1,0.99,59.2,False,40,87.65,False,9.0,82.28,6.63,19.9,33.17,3.0,5.0,BEAR,False,5%,12.12,27.86,0.43,1.35,6.96,DOWN,0.29,DOWN,,0.0,False
APLAPOLLO,2026-06-30,None,0,0,30,3,93.48,99.44,LAGGING,LAGGING -> IMPROVING,IMPROVING,↑,0,True,56.6,1.05,55.7,False,40,1871.6,False,12.0,1785.1,3.58,10.75,17.92,3.0,5.0,BEAR,False,5%,5.23,7.73,0.68,0.75,1.29,DOWN,-0.91,DOWN,,0.0,False
AMBUJACEM,2026-06-30,None,0,0,0,4,95.42,100.38,IMPROVING,IMPROVING (stable),IMPROVING,←,0,False,64.1,0.94,55.8,False,30,459.75,False,35.0,418.85,3.74,11.21,18.68,3.0,5.0,BEAR,False,5%,3.69,4.9,0.75,1.23,2.45,DOWN,-0.59,DOWN,,0.0,False
AAVAS,2026-06-30,POS-ACCUM,0,0,50,1,104.46,100.86,LEADING,LEADING -> WEAKENING,WEAKENING,↓,2,False,64.6,0.64,86.5,False,30,1396.9,True,40.0,1518.3,13.26,66.32,132.63,5.0,10.0,BEAR,True,2%,12.77,7.31,1.75,2.13,1.22,UP,1.66,UP,,0.0,False
TMPV,2026-06-30,None,0,0,0,4,101.45,100.47,LEADING,LEADING -> IMPROVING,IMPROVING,←,2,True,56.1,0.97,34.5,False,15,396.4,False,16.0,347.8,5.24,15.72,26.2,3.0,5.0,BEAR,False,5%,6.53,4.37,1.49,1.09,1.46,DOWN,-1.34,DOWN,,0.0,False
COROMANDEL,2026-06-30,None,0,0,30,4,98.27,100.19,IMPROVING,IMPROVING -> LEADING,LEADING,↗,0,True,58.6,0.89,59.9,False,40,2068.2,False,13.0,1993.2,5.26,15.79,26.31,3.0,5.0,BEAR,False,5%,4.89,9.51,0.51,2.44,1.19,UP,0.61,UP,,0.0,False
PCBL,2026-06-30,None,0,0,60,1,105.0,100.65,LEADING,LEADING (stable),LEADING,↗,2,True,56.4,0.46,73.6,False,40,294.25,True,37.0,319.0,5.13,15.4,25.67,3.0,5.0,BEAR,False,5%,1.41,6.55,0.22,0.35,2.18,DOWN,1.2,DOWN,,0.0,False
POLICYBZR,2026-06-30,None,0,0,60,4,97.66,99.76,LAGGING,LAGGING (stable),LAGGING,↙,0,False,62.0,0.6,76.1,False,25,1830.0,False,42.0,1684.2,4.85,14.55,24.25,3.0,5.0,BEAR,False,5%,6.04,7.74,0.78,3.02,1.94,UP,1.07,UP,,0.0,False
RHIM,2026-06-30,None,0,0,85,4,96.67,100.35,IMPROVING,IMPROVING (stable),IMPROVING,←,0,False,44.8,20.87,59.6,False,40,389.0,False,9.0,387.7,6.92,20.77,34.62,3.0,5.0,BEAR,False,15%,1.08,9.96,0.11,0.22,1.25,DOWN,0.44,DOWN,,0.0,False
HEG,2026-06-30,None,0,0,0,3,89.84,98.82,LAGGING,LAGGING (stable),LAGGING,↙,0,False,63.6,0.35,52.3,False,50,545.6,False,14.0,522.45,4.73,14.2,23.66,3.0,5.0,BEAR,False,5%,2.26,8.22,0.28,0.75,1.64,DOWN,-0.82,UP,,0.0,False
INDIACEM,2026-06-30,None,0,0,0,4,95.06,100.24,IMPROVING,IMPROVING -> LAGGING,LAGGING,↙,0,False,62.9,0.18,48.9,False,50,394.35,False,16.0,374.7,3.84,11.52,19.2,3.0,5.0,BEAR,False,5%,3.28,3.59,0.92,1.09,0.9,UP,-0.86,DOWN,,0.0,False
INDGN,2026-06-30,None,0,0,0,1,100.78,99.95,WEAKENING,WEAKENING -> LAGGING,LAGGING,↙,0,False,67.1,0.78,47.4,False,50,541.45,False,9.0,513.75,4.72,14.15,23.58,3.0,5.0,BEAR,False,5%,7.12,7.85,0.91,1.42,2.62,DOWN,-0.4,DOWN,,0.0,False
ITI,2026-06-30,None,0,0,30,1,101.82,100.03,LEADING,LEADING -> WEAKENING,WEAKENING,↙,2,False,61.8,0.56,57.9,False,50,312.45,False,12.0,301.8,4.71,14.12,23.54,3.0,5.0,BEAR,False,5%,2.29,10.44,0.22,1.14,2.09,DOWN,0.04,UP,,0.0,False
ITC,2026-06-30,None,0,0,15,4,95.06,99.62,LAGGING,LAGGING (stable),LAGGING,↙,0,False,61.3,0.38,63.8,False,40,316.25,False,63.0,290.3,2.34,7.02,11.71,3.0,5.0,BEAR,False,5%,1.46,7.09,0.21,0.21,0.64,DOWN,0.08,DOWN,,0.0,False
ITCHOTELS,2026-06-30,None,0,0,40,1,104.22,101.13,LEADING,LEADING (stable),LEADING,↗,2,True,61.0,0.44,78.7,False,40,169.08,True,56.0,177.37,4.55,13.66,22.76,3.0,5.0,BEAR,False,5%,2.59,6.54,0.4,1.29,2.18,DOWN,1.91,UP,,0.0,False
IRCON,2026-06-30,None,0,0,50,4,94.59,100.34,IMPROVING,IMPROVING -> LAGGING,LAGGING,↙,0,False,46.4,2.28,54.2,False,40,140.72,False,14.0,135.64,4.47,13.42,22.36,3.0,5.0,BEAR,False,5%,5.35,9.92,0.54,0.67,1.98,DOWN,-0.16,DOWN,,0.0,False
IRB,2026-06-30,None,0,0,15,1,97.7,99.15,LAGGING,LAGGING (stable),LAGGING,↓,0,False,68.6,0.31,62.7,False,40,22.84,False,41.0,21.3,3.96,11.88,19.79,3.0,5.0,BEAR,False,5%,1.57,4.86,0.32,0.79,1.62,DOWN,0.02,UP,,0.0,False
IIFL,2026-06-30,None,0,0,15,4,105.98,101.05,LEADING,LEADING (stable),LEADING,→,2,True,60.1,0.31,49.8,False,40,537.8,False,9.0,495.65,6.07,18.22,30.37,3.0,5.0,BEAR,False,5%,1.88,12.26,0.15,0.94,4.09,DOWN,-0.6,UP,,0.0,False
NEWGEN,2026-06-30,None,0,0,0,4,100.28,101.38,LEADING,LEADING -> WEAKENING,WEAKENING,↘,2,False,57.8,0.53,51.6,False,50,488.05,False,14.0,473.7,5.71,17.14,28.57,3.0,5.0,BEAR,False,5%,1.87,5.55,0.34,0.94,1.39,DOWN,-0.02,UP,,0.0,False
NAVA,2026-06-30,None,0,0,15,2,94.58,99.03,LAGGING,LAGGING (stable),LAGGING,↙,0,False,70.7,0.52,68.8,False,40,627.35,False,42.0,612.85,4.86,14.59,24.32,3.0,5.0,BEAR,False,5%,2.67,6.89,0.39,1.34,1.72,DOWN,0.22,UP,,0.0,False
CHALET,2026-06-30,None,0,0,60,1,100.41,100.37,LEADING,LEADING -> IMPROVING,IMPROVING,←,2,True,55.8,0.4,71.5,False,30,801.4,True,41.0,819.65,4.45,13.35,22.25,3.0,5.0,BEAR,False,5%,2.0,3.91,0.51,1.0,1.95,DOWN,1.06,UP,,0.0,False
CENTRALBK,2026-06-30,None,0,0,35,4,94.68,99.68,LAGGING,LAGGING -> IMPROVING,IMPROVING,↗,0,True,58.4,0.55,60.6,False,40,33.87,False,14.0,32.68,4.47,13.41,22.35,3.0,5.0,BEAR,False,5%,2.57,8.22,0.31,1.29,1.17,FLAT,0.3,UP,,0.0,False
MPHASIS,2026-06-30,None,0,0,-10,4,97.72,100.34,IMPROVING,IMPROVING -> LAGGING,LAGGING,↙,0,False,54.7,0.43,27.1,False,30,2387.7,False,29.0,2126.8,5.02,15.07,25.11,3.0,5.0,BEAR,False,5%,8.09,6.93,1.17,2.7,1.73,UP,-1.75,DOWN,,0.0,False
MSUMI,2026-06-30,None,0,0,80,4,97.74,100.25,IMPROVING,IMPROVING (stable),IMPROVING,•,0,False,47.9,1.14,66.8,False,15,42.83,False,55.0,41.12,4.72,14.15,23.58,3.0,5.0,BEAR,False,15%,2.14,13.64,0.16,0.71,2.27,DOWN,1.7,DOWN,,0.0,False
BANKINDIA,2026-06-30,None,0,0,0,3,98.43,100.06,IMPROVING,IMPROVING -> LEADING,LEADING,↗,0,True,60.8,0.37,42.2,False,50,147.67,False,13.0,141.64,3.79,11.36,18.94,3.0,5.0,BEAR,False,5%,6.61,12.18,0.54,0.6,1.35,DOWN,-0.54,DOWN,,0.0,False
POWERGRID,2026-06-30,None,0,0,10,3,93.95,98.61,LAGGING,LAGGING (stable),LAGGING,←,0,False,62.6,0.7,50.6,False,0,,False,,287.55,2.97,8.9,14.83,3.0,5.0,BEAR,False,5%,1.59,4.31,0.37,0.53,4.31,DOWN,-0.26,UP,,0.0,False
POONAWALLA,2026-06-30,None,0,0,40,4,99.26,100.16,IMPROVING,IMPROVING -> LEADING,LEADING,↗,0,True,66.3,0.57,79.1,False,50,399.3,True,28.0,442.15,4.69,14.07,23.46,3.0,5.0,BEAR,False,5%,0.11,6.34,0.02,0.04,6.34,DOWN,1.79,DOWN,,0.0,False
ABLBL,2026-06-30,None,0,0,0,4,94.85,99.85,LAGGING,LAGGING (stable),LAGGING,↙,0,False,58.5,0.51,47.0,False,50,100.71,False,15.0,96.12,5.14,15.42,25.7,3.0,5.0,BEAR,False,5%,2.04,9.01,0.23,1.02,4.51,DOWN,-0.73,UP,,0.0,False
PPLPHARMA,2026-06-30,None,0,0,40,4,99.18,100.26,IMPROVING,IMPROVING -> LAGGING,LAGGING,↙,0,False,57.5,0.59,55.8,False,15,184.15,False,51.0,168.54,5.59,16.76,27.93,3.0,5.0,BEAR,False,5%,2.03,6.47,0.31,1.01,3.24,DOWN,0.29,UP,,0.0,False
PIRAMALFIN,2026-06-30,None,0,0,40,1,100.0,100.0,n/a,n/a,n/a,•,0,False,67.9,0.86,72.1,False,60,2017.6,True,54.0,2197.1,4.71,14.13,23.55,3.0,5.0,BEAR,False,5%,-1.01,9.35,-0.11,-0.17,4.68,DOWN,1.89,DOWN,,0.0,False
PINELABS,2026-06-30,None,0,0,35,0,100.0,100.0,n/a,n/a,n/a,•,0,False,64.5,0.5,56.2,False,40,152.36,True,22.0,155.81,6.79,20.37,33.95,3.0,5.0,BEAR,False,5%,5.51,12.22,0.45,1.84,1.75,FLAT,0.23,DOWN,,0.0,False
PWL,2026-06-30,None,0,0,40,0,100.0,100.0,n/a,n/a,n/a,•,0,False,70.9,0.83,79.4,False,50,129.98,False,8.0,128.87,6.93,20.8,34.67,3.0,5.0,BEAR,False,5%,7.68,9.81,0.78,3.84,2.45,UP,1.86,UP,,0.0,False
PFIZER,2026-06-30,None,0,0,0,4,93.53,98.99,LAGGING,LAGGING (stable),LAGGING,↙,0,False,59.0,0.77,43.2,False,30,4954.7,False,47.0,4473.6,3.35,10.05,16.76,3.0,5.0,BEAR,False,5%,2.6,4.81,0.54,1.3,1.6,DOWN,-0.38,UP,,0.0,False
ABREL,2026-06-30,None,0,0,100,4,96.71,100.04,IMPROVING,IMPROVING -> LAGGING,LAGGING,↙,0,False,39.7,2.69,73.3,False,15,1591.2,False,55.0,1396.0,5.65,16.94,28.24,3.0,5.0,BEAR,False,15%,-2.06,8.67,-0.24,-0.41,4.34,DOWN,1.81,DOWN,,0.0,False
PERSISTENT,2026-06-30,None,0,0,20,4,91.54,99.46,LAGGING,LAGGING (stable),LAGGING,↙,0,False,43.0,1.2,28.3,False,15,5045.0,False,14.0,4330.2,6.4,19.2,31.99,3.0,5.0,BEAR,False,5%,14.93,8.14,1.83,3.73,2.71,UP,-2.47,DOWN,,0.0,False
PATANJALI,2026-06-30,None,0,0,0,4,91.16,99.37,LAGGING,LAGGING (stable),LAGGING,←,0,False,52.8,0.49,40.7,False,15,471.1,False,43.0,413.2,3.44,10.31,17.18,3.0,5.0,BEAR,False,5%,-0.74,4.5,-0.17,-0.08,2.25,DOWN,-1.06,UP,,0.0,False
PARADEEP,2026-06-30,None,0,0,50,1,103.81,100.52,LEADING,LEADING -> WEAKENING,WEAKENING,↘,2,False,55.6,0.53,73.7,False,50,128.61,True,37.0,138.29,4.61,13.83,23.04,3.0,5.0,BEAR,False,5%,4.53,6.12,0.74,2.26,1.53,UP,1.36,UP,,0.0,False
PVRINOX,2026-06-30,None,0,0,35,4,96.66,99.6,LAGGING,LAGGING (stable),LAGGING,←,0,False,57.3,0.98,57.3,False,25,1092.55,False,63.0,978.15,3.91,11.72,19.54,3.0,5.0,BEAR,False,5%,2.02,4.66,0.43,1.01,4.66,DOWN,0.29,UP,,0.0,False
PIIND,2026-06-30,None,0,0,-10,4,91.21,99.37,LAGGING,LAGGING (stable),LAGGING,↙,0,False,46.1,0.49,25.0,False,30,2878.0,False,15.0,2575.0,4.46,13.39,22.31,3.0,5.0,BEAR,False,5%,13.47,9.96,1.35,1.22,1.11,UP,-2.2,DOWN,,0.0,False
PGEL,2026-06-30,None,0,0,40,1,101.99,100.83,LEADING,LEADING (stable),LEADING,↗,2,True,59.2,0.74,74.3,False,50,567.5,False,9.0,550.8,5.05,15.16,25.27,3.0,5.0,BEAR,False,5%,5.12,26.7,0.19,0.85,3.81,DOWN,1.3,DOWN,,0.0,False
SBIN,2026-06-30,None,0,0,50,3,98.65,99.79,LAGGING,LAGGING -> IMPROVING,IMPROVING,↗,0,True,57.0,0.39,65.2,False,25,1111.85,False,71.0,1047.4,2.91,8.72,14.53,3.0,5.0,BEAR,False,5%,0.76,3.42,0.22,0.25,3.42,DOWN,1.29,DOWN,,0.0,False
SONATSOFTW,2026-06-30,None,0,0,0,1,101.13,101.25,LEADING,LEADING -> WEAKENING,WEAKENING,↙,2,False,62.0,0.26,51.3,False,25,311.25,False,15.0,264.2,7.36,22.08,36.8,3.0,5.0,BEAR,False,5%,22.98,29.24,0.79,2.87,7.31,DOWN,-1.07,DOWN,,0.0,False
CESC,2026-06-30,None,0,0,0,3,95.09,99.01,LAGGING,LAGGING (stable),LAGGING,↙,0,False,66.3,0.35,52.6,False,40,185.87,False,35.0,169.73,4.31,12.92,21.54,3.0,5.0,BEAR,False,5%,4.26,8.88,0.48,2.13,2.22,FLAT,-0.34,UP,,0.0,False
MAPMYINDIA,2026-06-30,None,0,0,50,4,92.5,101.09,IMPROVING,IMPROVING -> LAGGING,LAGGING,↙,0,False,39.4,4.14,46.1,False,30,890.65,False,13.0,845.85,7.1,21.31,35.52,3.0,5.0,BEAR,False,5%,10.52,11.82,0.89,1.17,3.94,DOWN,-0.35,DOWN,,0.0,False
BRIGADE,2026-06-30,None,0,0,40,4,93.54,99.63,LAGGING,LAGGING (stable),LAGGING,↓,0,False,48.1,1.15,54.4,False,30,565.85,False,14.0,502.7,5.78,17.34,28.91,3.0,5.0,BEAR,False,5%,18.55,24.82,0.75,2.06,3.55,DOWN,-0.78,DOWN,,0.0,False
FIRSTCRY,2026-06-30,None,0,0,85,4,94.4,99.68,LAGGING,LAGGING (stable),LAGGING,↙,0,False,39.3,2.08,62.5,False,30,237.11,False,36.0,227.61,5.75,17.25,28.76,3.0,5.0,BEAR,False,15%,7.11,10.12,0.7,1.78,10.12,DOWN,0.61,UP,,0.0,False
BBTC,2026-06-30,None,0,0,40,1,100.45,100.78,LEADING,LEADING (stable),LEADING,↗,2,True,52.5,0.39,54.6,False,50,1546.6,False,37.0,1539.2,3.69,11.07,18.45,3.0,5.0,BEAR,False,5%,5.5,7.52,0.73,1.1,3.76,DOWN,0.04,DOWN,,0.0,False
BLUESTARCO,2026-06-30,None,0,0,0,4,94.1,99.69,LAGGING,LAGGING -> IMPROVING,IMPROVING,↗,0,True,66.2,0.36,54.5,False,50,1706.3,False,13.0,1606.4,4.31,12.94,21.57,3.0,5.0,BEAR,False,5%,-1.6,5.21,-0.31,-0.27,5.21,DOWN,-0.63,UP,,0.0,False
BLUEDART,2026-06-30,None,0,0,25,4,94.5,99.7,LAGGING,LAGGING -> IMPROVING,IMPROVING,↗,0,True,57.9,0.42,60.5,False,25,5682.0,False,54.0,4893.8,3.52,10.57,17.62,3.0,5.0,BEAR,False,5%,3.79,9.74,0.39,1.26,0.75,UP,0.01,DOWN,,0.0,False
BSOFT,2026-06-30,None,0,0,10,4,88.31,99.33,LAGGING,LAGGING (stable),LAGGING,↙,0,False,39.6,1.64,22.4,False,15,326.4,False,12.0,275.7,6.34,19.03,31.72,3.0,5.0,BEAR,False,5%,20.35,8.11,2.51,2.26,2.03,UP,-3.05,DOWN,,0.0,False
GROWW,2026-06-30,None,0,0,50,0,100.0,100.0,n/a,n/a,n/a,•,0,False,64.8,0.49,65.5,False,60,207.34,False,16.0,205.29,4.91,14.72,24.53,3.0,5.0,BEAR,False,5%,6.87,8.53,0.8,1.37,1.71,DOWN,1.04,UP,,0.0,False
BIKAJI,2026-06-30,None,0,0,0,4,97.76,99.55,LAGGING,LAGGING (stable),LAGGING,↙,0,False,58.3,0.88,36.7,False,50,673.8,False,19.0,648.1,4.14,12.43,20.72,3.0,5.0,BEAR,False,5%,2.3,7.66,0.3,1.15,0.85,UP,-0.43,UP,,0.0,False
BHARTIHEXA,2026-06-30,None,0,0,0,4,95.37,99.6,LAGGING,LAGGING (stable),LAGGING,↙,0,False,63.3,0.51,49.8,False,40,1505.1,False,9.0,1456.2,4.29,12.87,21.46,3.0,5.0,BEAR,False,5%,1.83,6.55,0.28,0.92,1.64,DOWN,-0.58,UP,,0.0,False
PNB,2026-06-30,None,0,0,30,4,98.51,100.24,IMPROVING,IMPROVING -> LEADING,LEADING,↗,0,True,55.9,0.97,51.7,False,25,114.67,False,70.0,107.54,3.08,9.23,15.39,3.0,5.0,BEAR,False,5%,1.35,3.85,0.35,0.67,0.64,FLAT,0.08,UP,,0.0,False
BAYERCROP,2026-06-30,None,0,0,30,4,91.24,98.56,LAGGING,LAGGING (stable),LAGGING,↙,0,False,40.7,1.15,36.7,False,30,4615.8,False,35.0,4128.9,3.5,10.51,17.52,3.0,5.0,BEAR,False,5%,2.45,6.63,0.37,1.23,1.66,DOWN,-1.17,UP,,0.0,False
BATAINDIA,2026-06-30,None,0,0,10,1,97.04,100.7,IMPROVING,IMPROVING -> LEADING,LEADING,→,0,True,57.0,0.49,53.5,False,25,789.9,False,13.0,682.1,5.54,16.62,27.71,3.0,5.0,BEAR,False,5%,17.77,22.55,0.79,2.22,4.51,DOWN,-0.68,DOWN,,0.0,False
BLS,2026-06-30,None,0,0,-10,4,94.3,99.59,LAGGING,LAGGING (stable),LAGGING,↙,0,False,58.8,0.97,40.5,False,40,267.45,False,12.0,245.85,5.47,16.42,27.37,3.0,5.0,BEAR,False,5%,12.59,6.4,1.97,2.1,6.4,DOWN,-1.59,DOWN,,0.0,False
AIIL,2026-06-30,None,0,0,15,1,105.75,100.87,LEADING,LEADING -> WEAKENING,WEAKENING,↘,2,False,66.1,0.29,63.6,False,40,558.7,False,16.0,513.95,6.75,20.26,33.77,3.0,5.0,BEAR,False,5%,1.41,10.5,0.13,0.71,2.62,DOWN,-0.11,UP,,0.0,False
BANKBARODA,2026-06-30,None,0,0,15,3,99.71,100.17,IMPROVING,IMPROVING -> LEADING,LEADING,↗,0,True,62.0,0.69,52.7,False,50,286.05,False,9.0,271.65,3.74,11.21,18.68,3.0,5.0,BEAR,False,5%,5.72,11.32,0.51,1.14,1.03,UP,-0.42,DOWN,,0.0,False
BALKRISIND,2026-06-30,None,0,0,0,4,97.75,100.08,IMPROVING,IMPROVING -> LEADING,LEADING,↗,0,True,68.7,0.34,57.8,False,40,2219.1,False,37.0,2169.3,4.64,13.92,23.2,3.0,5.0,BEAR,False,5%,5.43,3.95,1.37,1.81,1.98,FLAT,-0.26,DOWN,,0.0,False
SAGILITY,2026-06-30,None,0,0,0,4,94.17,99.95,LAGGING,LAGGING (stable),LAGGING,↙,0,False,60.1,0.95,45.6,False,25,44.96,False,51.0,39.64,4.2,12.61,21.01,3.0,5.0,BEAR,False,5%,1.43,4.2,0.34,0.72,1.05,DOWN,-0.39,UP,,0.0,False
SRF,2026-06-30,None,0,0,30,4,101.68,100.47,LEADING,LEADING -> WEAKENING,WEAKENING,↙,2,False,57.0,0.6,50.6,False,40,2798.5,False,51.0,2739.9,3.77,11.31,18.85,3.0,5.0,BEAR,False,5%,3.44,4.84,0.71,1.72,1.61,FLAT,0.37,UP,,0.0,False
SJVN,2026-06-30,None,0,0,0,4,96.35,99.67,LAGGING,LAGGING (stable),LAGGING,↙,0,False,64.2,0.45,53.4,False,40,77.42,False,47.0,72.63,3.87,11.62,19.36,3.0,5.0,BEAR,False,5%,1.72,5.73,0.3,0.86,1.43,DOWN,-0.27,UP,,0.0,False
SBICARD,2026-06-30,None,0,0,0,4,93.03,99.93,LAGGING,LAGGING -> WEAKENING,WEAKENING,→,0,False,60.8,0.67,54.8,False,40,627.8,False,9.0,596.15,4.24,12.71,21.18,3.0,5.0,BEAR,False,5%,7.15,12.97,0.55,2.38,1.3,UP,-0.72,DOWN,,0.0,False
SBFC,2026-06-30,None,0,0,0,4,97.6,99.96,LAGGING,LAGGING (stable),LAGGING,←,0,False,63.4,0.96,47.2,False,50,95.4,False,12.0,90.51,4.66,13.99,23.32,3.0,5.0,BEAR,False,5%,2.82,10.7,0.26,0.56,5.35,DOWN,-0.44,UP,,0.0,False
RPOWER,2026-06-30,None,0,0,85,4,96.78,100.4,IMPROVING,IMPROVING -> LAGGING,LAGGING,↙,0,False,31.0,6.9,52.8,False,30,27.0,True,15.0,27.17,7.22,21.65,36.09,3.0,5.0,BEAR,False,15%,13.16,15.08,0.87,6.58,1.68,UP,0.73,UP,,0.0,False
RELIANCE,2026-07-01,None,0,0,0,4,95.07,99.28,LAGGING,LAGGING (stable),LAGGING,↙,0,False,68.7,0.99,61.4,False,25,1463.6,False,58.0,1303.5,2.8,8.4,14.0,3.0,5.0,BEAR,False,5%,1.05,4.26,0.25,0.52,0.85,DOWN,-0.33,UP,,0.0,False
RKFORGE,2026-06-30,None,0,0,0,2,99.19,99.8,LAGGING,LAGGING (stable),LAGGING,←,0,False,67.9,0.39,53.7,False,50,592.2,False,19.0,562.9,4.6,13.79,22.98,3.0,5.0,BEAR,False,5%,1.11,9.04,0.12,0.56,1.0,DOWN,-0.45,UP,,0.0,False
RAILTEL,2026-06-30,None,0,0,65,4,98.65,100.7,IMPROVING,IMPROVING -> LAGGING,LAGGING,↙,0,False,48.1,2.87,59.5,False,40,323.95,False,14.0,316.9,4.76,14.28,23.8,3.0,5.0,BEAR,False,5%,3.88,7.97,0.49,1.94,1.33,UP,0.15,UP,,0.0,False
RVNL,2026-06-30,None,0,0,0,4,87.04,99.57,LAGGING,LAGGING (stable),LAGGING,↙,0,False,61.0,0.66,59.2,False,50,247.58,False,13.0,237.61,4.36,13.09,21.82,3.0,5.0,BEAR,False,5%,0.92,6.77,0.14,0.23,1.69,DOWN,-0.76,UP,,0.0,False
SUNTV,2026-06-30,None,0,0,0,3,90.85,98.57,LAGGING,LAGGING -> WEAKENING,WEAKENING,→,0,False,66.6,0.9,55.0,False,25,652.45,False,70.0,510.95,4.26,12.77,21.28,3.0,5.0,BEAR,False,5%,0.36,4.3,0.08,0.18,0.54,DOWN,-0.46,UP,,0.0,False
SUMICHEM,2026-06-30,None,0,0,40,4,97.94,99.71,LAGGING,LAGGING (stable),LAGGING,↙,0,False,44.3,1.11,41.7,False,30,474.55,False,16.0,435.1,5.67,17.0,28.33,3.0,5.0,BEAR,False,5%,11.17,8.82,1.27,1.12,2.94,DOWN,-0.8,DOWN,,0.0,False
ARE&M,2026-06-30,None,0,0,10,4,99.59,100.44,IMPROVING,IMPROVING -> LAGGING,LAGGING,↙,0,False,67.2,0.13,58.8,False,50,857.2,False,9.0,840.2,4.33,12.98,21.63,3.0,5.0,BEAR,False,5%,2.39,6.93,0.34,1.19,1.73,DOWN,-0.05,UP,,0.0,False
TTML,2026-06-30,None,0,0,0,4,101.53,100.65,LEADING,LEADING -> WEAKENING,WEAKENING,↙,2,False,64.6,0.4,52.7,False,40,46.44,False,19.0,43.18,5.68,17.05,28.41,3.0,5.0,BEAR,False,5%,3.52,14.82,0.24,1.76,1.48,UP,-0.2,UP,,0.0,False
TATASTEEL,2026-06-30,None,0,0,-10,2,92.91,98.91,LAGGING,LAGGING (stable),LAGGING,↙,0,False,48.9,0.67,21.6,False,15,221.13,False,48.0,185.17,3.4,10.19,16.99,3.0,5.0,BEAR,False,5%,8.39,3.82,2.19,1.05,1.91,DOWN,-2.71,DOWN,,0.0,False
TATAPOWER,2026-06-30,None,0,0,20,3,93.41,98.57,LAGGING,LAGGING (stable),LAGGING,↙,0,False,46.2,1.48,33.1,False,40,405.95,False,9.0,375.45,3.33,10.0,16.66,3.0,5.0,BEAR,False,5%,8.56,2.3,3.73,1.43,1.15,UP,-2.63,DOWN,,0.0,False
TEGA,2026-06-30,None,0,0,0,4,100.69,99.82,WEAKENING,WEAKENING (stable),WEAKENING,→,0,False,60.5,0.26,39.6,False,40,1833.5,False,14.0,1660.4,5.58,16.75,27.92,3.0,5.0,BEAR,False,5%,11.36,10.06,1.13,1.26,2.51,DOWN,-1.22,DOWN,,0.0,False
SIGNATURE,2026-06-30,None,0,0,40,4,93.09,100.26,IMPROVING,IMPROVING (stable),IMPROVING,←,0,False,41.2,1.05,40.1,False,15,852.7,False,33.0,756.0,5.78,17.34,28.89,3.0,5.0,BEAR,False,5%,3.56,11.77,0.3,1.78,1.96,FLAT,-0.92,UP,,0.0,False
SIEMENS,2026-06-30,None,0,0,0,2,99.24,99.48,LAGGING,LAGGING (stable),LAGGING,←,0,False,67.5,0.65,48.4,False,50,3767.8,False,9.0,3560.7,4.39,13.18,21.97,3.0,5.0,BEAR,False,5%,0.3,7.26,0.04,0.07,7.26,DOWN,-0.8,UP,,0.0,False
SHREECEM,2026-06-30,None,0,0,90,1,98.86,100.12,IMPROVING,IMPROVING (stable),IMPROVING,←,0,False,46.0,1.2,70.5,False,40,25400.0,True,35.0,25920.0,3.6,10.79,17.98,3.0,5.0,BEAR,False,15%,1.6,6.34,0.25,0.53,3.17,DOWN,1.36,DOWN,,0.0,False
SARDAEN,2026-06-30,None,0,0,-10,3,92.12,98.6,LAGGING,LAGGING (stable),LAGGING,↙,0,False,54.5,0.55,28.2,False,40,546.55,False,26.0,492.5,4.77,14.31,23.85,3.0,5.0,BEAR,False,5%,8.71,4.98,1.75,1.45,4.98,DOWN,-1.76,DOWN,,0.0,False
SAPPHIRE,2026-06-30,None,0,0,50,4,100.45,101.05,LEADING,LEADING -> IMPROVING,IMPROVING,←,2,True,48.8,0.19,59.6,False,50,191.96,False,9.0,184.16,5.91,17.73,29.55,3.0,5.0,BEAR,False,5%,3.79,9.28,0.41,1.89,2.32,DOWN,0.36,UP,,0.0,False
BHARTIARTL,2026-06-30,None,0,0,50,4,99.07,99.96,LAGGING,LAGGING -> WEAKENING,WEAKENING,→,0,False,59.6,0.47,69.3,False,30,1938.1,False,44.0,1871.0,2.82,8.47,14.12,3.0,5.0,BEAR,False,5%,2.07,5.16,0.4,1.03,1.72,DOWN,0.41,UP,,0.0,False
BPCL,2026-06-30,None,0,0,15,1,99.37,100.98,IMPROVING,IMPROVING -> LEADING,LEADING,↗,0,True,65.0,0.48,61.2,False,50,317.95,False,14.0,304.2,4.06,12.18,20.3,3.0,5.0,BEAR,False,5%,1.48,7.04,0.21,0.74,7.04,DOWN,-0.01,UP,,0.0,False
BDL,2026-06-30,None,0,0,40,4,98.07,99.98,LAGGING,LAGGING -> WEAKENING,WEAKENING,→,0,False,61.3,0.56,75.3,False,40,1406.7,False,9.0,1379.0,4.79,14.37,23.94,3.0,5.0,BEAR,False,5%,3.82,8.46,0.45,1.91,2.82,DOWN,1.36,UP,,0.0,False
TVSMOTOR,2026-06-30,None,0,0,50,4,96.78,99.61,LAGGING,LAGGING -> WEAKENING,WEAKENING,→,0,False,57.8,0.66,62.2,False,40,3469.5,True,37.0,3494.0,3.8,11.4,19.0,3.0,5.0,BEAR,False,5%,3.1,6.71,0.46,1.03,6.71,DOWN,0.56,DOWN,,0.0,False
BAJAJHFL,2026-06-30,None,0,0,50,4,99.68,100.13,IMPROVING,IMPROVING -> LEADING,LEADING,→,0,True,57.3,0.52,71.5,False,50,86.02,True,35.0,87.84,3.21,9.63,16.04,3.0,5.0,BEAR,False,5%,1.84,5.95,0.31,0.46,2.97,DOWN,0.78,UP,,0.0,False
BAJAJFINSV,2026-06-30,None,0,0,100,4,97.78,100.21,IMPROVING,IMPROVING (stable),IMPROVING,↑,0,False,44.3,1.65,72.4,False,30,1809.1,False,35.0,1797.6,3.32,9.97,16.61,3.0,5.0,BEAR,False,15%,2.54,2.61,0.97,0.63,2.61,DOWN,0.96,UP,,0.0,False
TATACHEM,2026-06-30,None,0,0,-10,4,97.6,99.98,LAGGING,LAGGING (stable),LAGGING,↙,0,False,60.3,0.96,37.6,False,15,783.9,False,36.0,686.55,5.4,16.2,27.0,3.0,5.0,BEAR,False,5%,12.88,7.15,1.8,4.29,1.79,UP,-1.71,DOWN,,0.0,False
TATAINVEST,2026-06-30,None,0,0,0,4,97.22,99.56,LAGGING,LAGGING (stable),LAGGING,↙,0,False,61.8,0.31,56.1,False,50,694.15,False,13.0,664.65,4.09,12.26,20.44,3.0,5.0,BEAR,False,5%,6.06,11.2,0.54,0.76,2.24,DOWN,-0.46,DOWN,,0.0,False
TATAELXSI,2026-06-30,None,0,0,10,4,92.9,100.0,IMPROVING,IMPROVING -> LAGGING,LAGGING,↙,0,False,38.0,4.86,21.1,False,15,4530.3,False,29.0,3587.8,5.09,15.28,25.47,3.0,5.0,BEAR,False,5%,-8.62,5.88,-1.47,-1.23,2.94,DOWN,-3.74,UP,,0.0,False
VMM,2026-06-30,None,0,0,30,4,97.21,99.95,LAGGING,LAGGING (stable),LAGGING,↙,0,False,52.1,1.02,44.8,False,40,123.33,False,41.0,116.76,4.41,13.23,22.05,3.0,5.0,BEAR,False,5%,2.83,8.08,0.35,1.41,2.02,DOWN,-0.45,UP,,0.0,False
UTIAMC,2026-06-30,None,0,0,55,4,95.84,99.69,LAGGING,LAGGING (stable),LAGGING,←,0,False,44.7,1.06,55.1,False,40,987.5,False,51.0,944.65,3.42,10.25,17.08,3.0,5.0,BEAR,False,5%,2.46,3.74,0.66,1.23,3.74,DOWN,0.25,UP,,0.0,False
TATACONSUM,2026-06-30,None,0,0,0,4,94.99,99.59,LAGGING,LAGGING (stable),LAGGING,↙,0,False,62.9,0.96,45.2,False,15,1271.0,False,51.0,1090.9,3.83,11.48,19.13,3.0,5.0,BEAR,False,5%,4.75,4.64,1.02,2.37,2.32,FLAT,-0.97,DOWN,,0.0,False
TCS,2026-06-30,None,0,0,-10,4,88.41,99.59,LAGGING,LAGGING (stable),LAGGING,↙,0,False,49.2,0.94,31.3,False,30,2223.0,False,14.0,1982.6,4.75,14.24,23.73,3.0,5.0,BEAR,False,5%,8.37,4.55,1.84,2.79,2.27,UP,-2.55,DOWN,,0.0,False
ICICIPRULI,2026-06-30,None,0,0,10,4,92.69,100.04,IMPROVING,IMPROVING (stable),IMPROVING,↑,0,False,63.5,0.48,61.5,False,50,522.1,False,13.0,492.95,4.06,12.18,20.29,3.0,5.0,BEAR,False,5%,6.28,14.02,0.45,0.78,2.8,DOWN,-0.17,DOWN,,0.0,False
SYNGENE,2026-06-30,None,0,0,0,4,97.57,100.58,IMPROVING,IMPROVING -> LAGGING,LAGGING,↙,0,False,52.3,0.43,34.6,False,50,458.55,False,19.0,431.55,4.78,14.35,23.92,3.0,5.0,BEAR,False,5%,-0.6,6.83,-0.09,-0.12,1.14,DOWN,-0.83,UP,,0.0,False
SWIGGY,2026-06-30,None,0,0,0,4,92.92,99.99,LAGGING,LAGGING -> WEAKENING,WEAKENING,→,0,False,60.5,0.93,54.5,False,30,259.65,False,15.0,246.98,5.39,16.16,26.93,3.0,5.0,BEAR,False,5%,9.32,14.02,0.66,1.04,3.51,DOWN,-0.27,DOWN,,0.0,False
SWANCORP,2026-06-30,None,0,0,0,4,95.36,100.6,IMPROVING,IMPROVING (stable),IMPROVING,•,0,False,63.1,0.3,53.3,False,50,330.2,False,8.0,314.3,5.13,15.4,25.67,3.0,5.0,BEAR,False,5%,1.35,11.51,0.12,0.68,2.88,DOWN,-0.38,UP,,0.0,False
SPLPETRO,2026-06-30,None,0,0,40,3,98.17,98.5,LAGGING,LAGGING -> WEAKENING,WEAKENING,→,0,False,58.8,0.29,62.9,False,50,774.85,False,9.0,725.05,5.24,15.73,26.22,3.0,5.0,BEAR,False,5%,8.68,12.84,0.68,1.45,4.28,DOWN,0.16,DOWN,,0.0,False
SUPREMEIND,2026-06-30,None,0,0,40,4,92.93,98.79,LAGGING,LAGGING (stable),LAGGING,←,0,False,38.8,1.62,33.7,False,30,3587.7,False,9.0,3221.2,4.76,14.28,23.79,3.0,5.0,BEAR,False,5%,13.19,4.88,2.7,2.64,2.44,FLAT,-2.19,DOWN,,0.0,False
SUNDARMFIN,2026-06-30,None,0,0,60,4,95.78,99.92,LAGGING,LAGGING -> IMPROVING,IMPROVING,↗,0,True,55.3,0.88,68.1,False,15,4746.4,False,54.0,4568.9,4.63,13.88,23.14,3.0,5.0,BEAR,False,5%,4.42,3.5,1.27,0.55,1.17,DOWN,0.8,UP,,0.0,False
ANANTRAJ,2026-06-30,None,0,0,0,4,102.25,100.78,LEADING,LEADING -> IMPROVING,IMPROVING,←,2,True,62.8,0.3,48.9,False,50,540.7,False,15.0,516.9,5.14,15.42,25.7,3.0,5.0,BEAR,False,5%,4.24,4.24,1.0,0.85,2.12,DOWN,-0.47,DOWN,,0.0,False
TECHNOE,2026-06-30,None,0,0,0,1,90.11,98.62,LAGGING,LAGGING (stable),LAGGING,↙,0,False,70.1,0.73,69.0,False,25,1373.0,False,37.0,1082.3,5.48,16.45,27.42,3.0,5.0,BEAR,False,5%,2.65,4.42,0.6,0.88,4.42,DOWN,-0.03,DOWN,,0.0,False
TIMKEN,2026-06-30,None,0,0,0,2,99.63,99.12,LAGGING,LAGGING (stable),LAGGING,↙,0,False,66.5,0.62,45.4,False,40,3767.1,False,8.0,3483.8,5.02,15.06,25.1,3.0,5.0,BEAR,False,5%,0.98,13.77,0.07,0.49,3.44,DOWN,-0.93,UP,,0.0,False
UPL,2026-06-30,None,0,0,-10,4,92.49,99.75,LAGGING,LAGGING (stable),LAGGING,↙,0,False,50.4,0.7,27.5,False,15,656.15,False,35.0,565.05,4.24,12.71,21.18,3.0,5.0,BEAR,False,5%,11.14,6.04,1.85,1.01,3.02,DOWN,-2.36,DOWN,,0.0,False
TATACAP,2026-06-30,None,0,0,50,2,100.0,100.0,n/a,n/a,n/a,•,0,False,63.9,0.27,72.1,False,40,317.0,True,36.0,361.55,5.13,15.39,25.65,3.0,5.0,BEAR,False,5%,3.44,7.69,0.45,1.72,3.84,DOWN,1.38,DOWN,,0.0,False
ABBOTINDIA,2026-06-30,None,0,0,30,4,96.14,99.48,LAGGING,LAGGING (stable),LAGGING,↙,0,False,40.4,1.49,31.3,False,30,27940.0,False,47.0,25550.0,3.01,9.04,15.06,3.0,5.0,BEAR,False,5%,0.85,4.56,0.19,0.17,4.56,DOWN,-0.81,UP,,0.0,False
URBANCO,2026-06-30,None,0,0,30,4,100.0,100.0,n/a,n/a,n/a,•,0,False,67.9,1.73,60.3,False,50,136.98,False,9.0,128.6,5.41,16.24,27.06,3.0,5.0,BEAR,False,5%,8.71,18.54,0.47,1.45,1.85,DOWN,-0.12,DOWN,,0.0,False
UBL,2026-06-30,None,0,0,35,4,93.55,99.1,LAGGING,LAGGING -> IMPROVING,IMPROVING,↗,0,True,55.5,0.6,62.4,False,20,1522.3,False,72.0,1359.3,3.36,10.09,16.82,3.0,5.0,BEAR,False,5%,3.36,4.4,0.76,1.68,0.49,UP,0.58,UP,,0.0,False
GLAXO,2026-06-30,None,0,0,80,4,96.66,99.54,LAGGING,LAGGING -> IMPROVING,IMPROVING,↗,0,True,49.5,1.12,77.7,False,15,2481.3,False,55.0,2464.7,3.91,11.72,19.53,3.0,5.0,BEAR,False,15%,5.64,3.07,1.84,1.88,1.54,UP,2.31,UP,,0.0,False
GILLETTE,2026-06-30,None,0,0,0,4,96.74,99.74,LAGGING,LAGGING (stable),LAGGING,←,0,False,59.1,0.82,46.4,False,30,8273.5,False,35.0,7649.5,3.36,10.07,16.78,3.0,5.0,BEAR,False,5%,1.99,6.85,0.29,0.99,0.98,FLAT,-0.58,UP,,0.0,False
ZENSARTECH,2026-06-30,None,0,0,30,4,86.22,99.18,LAGGING,LAGGING (stable),LAGGING,↙,0,False,36.1,1.17,35.2,False,40,464.2,False,15.0,426.05,5.63,16.88,28.13,3.0,5.0,BEAR,False,5%,7.62,3.94,1.93,2.54,1.97,UP,-1.84,DOWN,,0.0,False
WIPRO,2026-06-30,None,0,0,20,4,89.36,99.49,LAGGING,LAGGING (stable),LAGGING,↙,0,False,38.7,1.24,32.4,False,40,184.47,False,14.0,170.13,4.05,12.14,20.24,3.0,5.0,BEAR,False,5%,3.86,3.03,1.27,1.93,1.52,UP,-2.41,DOWN,,0.0,False
WHIRLPOOL,2026-06-30,None,0,0,20,4,90.82,99.1,LAGGING,LAGGING (stable),LAGGING,←,0,False,55.6,0.7,59.6,False,15,877.45,False,41.0,807.25,4.41,13.22,22.03,3.0,5.0,BEAR,False,5%,1.54,3.14,0.49,0.77,0.79,FLAT,-0.06,UP,,0.0,False
WAAREEENER,2026-06-30,None,0,0,0,4,93.06,98.24,LAGGING,LAGGING (stable),LAGGING,↙,0,False,55.6,0.59,36.3,False,40,3125.4,False,12.0,2877.7,4.36,13.09,21.82,3.0,5.0,BEAR,False,5%,1.47,11.35,0.13,0.74,2.84,DOWN,-1.69,UP,,0.0,False
VOLTAS,2026-06-30,None,0,0,0,4,96.2,99.79,LAGGING,LAGGING -> IMPROVING,IMPROVING,↗,0,True,64.6,0.67,47.7,False,50,1357.6,False,13.0,1281.1,4.67,14.0,23.33,3.0,5.0,BEAR,False,5%,10.21,11.0,0.93,1.7,1.57,FLAT,-0.61,DOWN,,0.0,False
ATUL,2026-06-30,None,0,0,0,2,96.89,99.22,LAGGING,LAGGING (stable),LAGGING,↙,0,False,63.1,0.6,44.8,False,40,7108.0,False,56.0,6541.0,3.77,11.3,18.83,3.0,5.0,BEAR,False,5%,5.4,7.69,0.7,2.7,1.54,UP,-0.38,DOWN,,0.0,False
ASTRAL,2026-06-30,None,0,0,30,3,93.15,98.69,LAGGING,LAGGING (stable),LAGGING,←,0,False,44.2,1.25,32.6,False,15,1565.7,False,13.0,1362.1,5.38,16.14,26.9,3.0,5.0,BEAR,False,5%,16.24,6.58,2.47,2.03,1.32,UP,-2.57,DOWN,,0.0,False
AWL,2026-06-30,None,0,0,0,4,95.27,99.92,LAGGING,LAGGING (stable),LAGGING,↙,0,False,58.0,0.42,46.0,False,40,197.27,False,15.0,184.2,4.26,12.78,21.3,3.0,5.0,BEAR,False,5%,2.62,10.84,0.24,1.31,1.35,FLAT,-0.64,UP,,0.0,False
