Symbol,Catalyst,Signal_Label,Score,Stage,TT_Pass_Count,TT_Pass_All,TT_Failed_Gates,Pct_Above_52w_Low,Pct_Below_52w_High,JdK_RS_Ratio,RRG_Quadrant,VCP_Valid,VCP_Quality_Score,VCP_Contractions,Pivot_Price,Broke_Pivot,Days_Since_Pivot,Entry,SL,SL_pct,T1,T1_pct,R_Multiple,Catalyst_Reason
CANBK,None,None,22,2,8,True,,89.9,2.5,109.83,LEADING,False,60,"[{'high_date': '2025-02-05', 'high': 92.52, 'low_date': '2025-02-18', 'low': 81.72, 'pullback_pct': 11.67}, {'high_date': '2025-02-20', 'high': 85.01, 'low_date': '2025-02-28', 'low': 78.1, 'pullback_pct': 8.13}, {'high_date': '2025-03-24', 'high': 88.16, 'low_date': '2025-03-26', 'low': 84.22, 'pullback_pct': 4.47}, {'high_date': '2025-04-03', 'high': 91.12, 'low_date': '2025-04-07', 'low': 84.09, 'pullback_pct': 7.71}, {'high_date': '2025-04-22', 'high': 97.18, 'low_date': '2025-05-06', 'low': 89.18, 'pullback_pct': 8.23}, {'high_date': '2025-06-10', 'high': 113.69, 'low_date': '2025-06-19', 'low': 104.89, 'pullback_pct': 7.74}, {'high_date': '2025-07-16', 'high': 117.03, 'low_date': '2025-07-23', 'low': 107.8, 'pullback_pct': 7.89}, {'high_date': '2025-07-24', 'high': 113.51, 'low_date': '2025-08-01', 'low': 105.89, 'pullback_pct': 6.71}, {'high_date': '2025-08-20', 'high': 112.28, 'low_date': '2025-08-29', 'low': 103.83, 'pullback_pct': 7.53}, {'high_date': '2025-12-02', 'high': 152.03, 'low_date': '2025-12-08', 'low': 142.84, 'pullback_pct': 6.04}]",152.03,False,13.0,148.29,142.68,3.78,165.11,11.35,3.0,no valid VCP base
CUB,None,None,22,2,8,True,,89.1,3.1,113.19,LEADING,False,60,"[{'high_date': '2025-03-10', 'high': 153.34, 'low_date': '2025-03-11', 'low': 145.03, 'pullback_pct': 5.41}, {'high_date': '2025-04-22', 'high': 181.83, 'low_date': '2025-05-02', 'low': 170.65, 'pullback_pct': 6.15}, {'high_date': '2025-06-10', 'high': 204.34, 'low_date': '2025-06-20', 'low': 189.05, 'pullback_pct': 7.49}, {'high_date': '2025-07-01', 'high': 228.36, 'low_date': '2025-07-29', 'low': 202.42, 'pullback_pct': 11.36}, {'high_date': '2025-08-05', 'high': 217.24, 'low_date': '2025-09-04', 'low': 194.05, 'pullback_pct': 10.67}, {'high_date': '2025-10-28', 'high': 239.27, 'low_date': '2025-10-31', 'low': 228.67, 'pullback_pct': 4.43}, {'high_date': '2025-11-18', 'high': 278.76, 'low_date': '2025-11-21', 'low': 262.73, 'pullback_pct': 5.75}, {'high_date': '2025-12-01', 'high': 282.95, 'low_date': '2025-12-11', 'low': 262.15, 'pullback_pct': 7.35}]",282.95,False,14.0,274.3,260.31,5.1,316.26,15.3,3.0,no valid VCP base
ASAHIINDIA,None,None,22,2,8,True,,74.7,5.3,106.01,LEADING,False,60,"[{'high_date': '2025-01-31', 'high': 674.8, 'low_date': '2025-02-12', 'low': 627.66, 'pullback_pct': 6.99}, {'high_date': '2025-02-20', 'high': 712.31, 'low_date': '2025-03-04', 'low': 602.02, 'pullback_pct': 15.48}, {'high_date': '2025-03-06', 'high': 632.6, 'low_date': '2025-03-17', 'low': 577.98, 'pullback_pct': 8.63}, {'high_date': '2025-03-24', 'high': 633.1, 'low_date': '2025-03-28', 'low': 600.62, 'pullback_pct': 5.13}, {'high_date': '2025-05-07', 'high': 750.12, 'low_date': '2025-05-09', 'low': 710.86, 'pullback_pct': 5.23}, {'high_date': '2025-05-14', 'high': 768.87, 'low_date': '2025-05-22', 'low': 709.31, 'pullback_pct': 7.75}, {'high_date': '2025-05-29', 'high': 763.59, 'low_date': '2025-06-04', 'low': 729.22, 'pullback_pct': 4.5}, {'high_date': '2025-06-18', 'high': 769.47, 'low_date': '2025-06-24', 'low': 689.96, 'pullback_pct': 10.33}, {'high_date': '2025-07-04', 'high': 845.84, 'low_date': '2025-07-09', 'low': 808.38, 'pullback_pct': 4.43}, {'high_date': '2025-07-17', 'high': 870.98, 'low_date': '2025-08-01', 'low': 812.87, 'pullback_pct': 6.67}, {'high_date': '2025-08-25', 'high': 882.35, 'low_date': '2025-09-05', 'low': 810.25, 'pullback_pct': 8.17}, {'high_date': '2025-09-18', 'high': 916.75, 'low_date': '2025-09-19', 'low': 878.6, 'pullback_pct': 4.16}, {'high_date': '2025-09-23', 'high': 916.25, 'low_date': '2025-09-30', 'low': 855.7, 'pullback_pct': 6.61}, {'high_date': '2025-12-02', 'high': 1066.4, 'low_date': '2025-12-10', 'low': 994.2, 'pullback_pct': 6.77}]",1066.4,False,13.0,1009.7,981.09,2.83,1095.54,8.5,3.0,no valid VCP base
ASHOKLEY,None,None,22,2,8,True,,74.3,0.0,110.61,LEADING,False,60,"[{'high_date': '2025-01-31', 'high': 105.81, 'low_date': '2025-02-11', 'low': 99.41, 'pullback_pct': 6.05}, {'high_date': '2025-02-25', 'high': 110.89, 'low_date': '2025-03-12', 'low': 95.7, 'pullback_pct': 13.7}, {'high_date': '2025-03-26', 'high': 104.91, 'low_date': '2025-04-07', 'low': 96.42, 'pullback_pct': 8.09}, {'high_date': '2025-04-23', 'high': 112.57, 'low_date': '2025-05-02', 'low': 107.43, 'pullback_pct': 4.56}, {'high_date': '2025-06-09', 'high': 120.77, 'low_date': '2025-06-19', 'low': 115.65, 'pullback_pct': 4.24}, {'high_date': '2025-07-14', 'high': 125.62, 'low_date': '2025-08-08', 'low': 114.64, 'pullback_pct': 8.74}, {'high_date': '2025-08-19', 'high': 132.38, 'low_date': '2025-08-29', 'low': 126.12, 'pullback_pct': 4.73}, {'high_date': '2025-09-23', 'high': 143.07, 'low_date': '2025-10-17', 'low': 133.6, 'pullback_pct': 6.62}]",143.07,True,83.0,166.82,159.66,4.29,188.3,12.88,3.0,no valid VCP base
LAURUSLABS,None,None,22,2,8,True,,97.2,2.6,107.11,LEADING,False,60,"[{'high_date': '2025-01-24', 'high': 600.73, 'low_date': '2025-01-28', 'low': 509.13, 'pullback_pct': 15.25}, {'high_date': '2025-02-07', 'high': 639.31, 'low_date': '2025-02-21', 'low': 519.79, 'pullback_pct': 18.69}, {'high_date': '2025-02-25', 'high': 548.4, 'low_date': '2025-02-28', 'low': 525.52, 'pullback_pct': 4.17}, {'high_date': '2025-03-24', 'high': 621.02, 'low_date': '2025-04-07', 'low': 559.47, 'pullback_pct': 9.91}, {'high_date': '2025-04-22', 'high': 649.63, 'low_date': '2025-05-08', 'low': 584.88, 'pullback_pct': 9.97}, {'high_date': '2025-06-16', 'high': 679.01, 'low_date': '2025-06-19', 'low': 645.07, 'pullback_pct': 5.0}, {'high_date': '2025-07-29', 'high': 908.2, 'low_date': '2025-08-08', 'low': 820.36, 'pullback_pct': 9.67}, {'high_date': '2025-09-19', 'high': 930.41, 'low_date': '2025-09-26', 'low': 830.79, 'pullback_pct': 10.71}, {'high_date': '2025-11-17', 'high': 1020.83, 'low_date': '2025-11-25', 'low': 976.58, 'pullback_pct': 4.34}]",1020.83,False,28.0,1003.9,966.52,3.72,1116.05,11.17,3.0,no valid VCP base
NATIONALUM,None,None,22,2,8,True,,99.9,0.0,113.21,LEADING,False,60,"[{'high_date': '2025-01-31', 'high': 189.46, 'low_date': '2025-02-03', 'low': 177.55, 'pullback_pct': 6.28}, {'high_date': '2025-02-07', 'high': 187.82, 'low_date': '2025-02-11', 'low': 171.72, 'pullback_pct': 8.57}, {'high_date': '2025-02-13', 'high': 179.36, 'low_date': '2025-02-18', 'low': 171.81, 'pullback_pct': 4.21}, {'high_date': '2025-02-21', 'high': 192.32, 'low_date': '2025-02-28', 'low': 169.93, 'pullback_pct': 11.65}, {'high_date': '2025-03-07', 'high': 186.74, 'low_date': '2025-04-11', 'low': 137.03, 'pullback_pct': 26.62}, {'high_date': '2025-04-23', 'high': 155.07, 'low_date': '2025-05-08', 'low': 147.46, 'pullback_pct': 4.91}, {'high_date': '2025-06-10', 'high': 183.42, 'low_date': '2025-06-19', 'low': 174.07, 'pullback_pct': 5.1}, {'high_date': '2025-07-24', 'high': 190.3, 'low_date': '2025-08-01', 'low': 172.89, 'pullback_pct': 9.15}, {'high_date': '2025-09-12', 'high': 208.87, 'low_date': '2025-09-26', 'low': 194.18, 'pullback_pct': 7.03}, {'high_date': '2025-11-13', 'high': 260.1, 'low_date': '2025-11-21', 'low': 246.35, 'pullback_pct': 5.29}]",260.1,True,32.0,273.89,263.6,3.76,304.75,11.27,3.0,no valid VCP base
MUTHOOTFIN,None,None,22,2,8,True,,93.5,0.0,111.43,LEADING,False,60,"[{'high_date': '2025-02-13', 'high': 2270.58, 'low_date': '2025-03-05', 'low': 2082.59, 'pullback_pct': 8.28}, {'high_date': '2025-03-19', 'high': 2367.22, 'low_date': '2025-04-11', 'low': 1975.91, 'pullback_pct': 16.53}, {'high_date': '2025-04-22', 'high': 2226.4, 'low_date': '2025-04-25', 'low': 2075.65, 'pullback_pct': 6.77}, {'high_date': '2025-05-07', 'high': 2289.04, 'low_date': '2025-05-20', 'low': 2013.67, 'pullback_pct': 12.03}, {'high_date': '2025-07-23', 'high': 2667.45, 'low_date': '2025-08-13', 'low': 2488.86, 'pullback_pct': 6.7}, {'high_date': '2025-08-18', 'high': 2745.09, 'low_date': '2025-08-29', 'low': 2615.68, 'pullback_pct': 4.71}, {'high_date': '2025-10-17', 'high': 3306.54, 'low_date': '2025-10-27', 'low': 3119.52, 'pullback_pct': 5.66}]",3306.54,True,59.0,3824.07,3718.07,2.77,4142.07,8.32,3.0,no valid VCP base
IDEA,None,None,22,2,8,True,,84.6,2.5,114.16,LEADING,False,60,"[{'high_date': '2025-02-01', 'high': 9.6, 'low_date': '2025-02-03', 'low': 9.07, 'pullback_pct': 5.52}, {'high_date': '2025-02-05', 'high': 9.54, 'low_date': '2025-03-04', 'low': 7.43, 'pullback_pct': 22.12}, {'high_date': '2025-03-05', 'high': 7.86, 'low_date': '2025-03-17', 'low': 6.94, 'pullback_pct': 11.7}, {'high_date': '2025-03-21', 'high': 7.62, 'low_date': '2025-03-28', 'low': 6.8, 'pullback_pct': 10.76}, {'high_date': '2025-04-02', 'high': 8.22, 'low_date': '2025-04-09', 'low': 7.09, 'pullback_pct': 13.75}, {'high_date': '2025-04-21', 'high': 8.07, 'low_date': '2025-05-08', 'low': 6.69, 'pullback_pct': 17.1}, {'high_date': '2025-05-16', 'high': 7.37, 'low_date': '2025-05-20', 'low': 6.55, 'pullback_pct': 11.13}, {'high_date': '2025-05-29', 'high': 7.14, 'low_date': '2025-06-03', 'low': 6.77, 'pullback_pct': 5.18}, {'high_date': '2025-06-09', 'high': 7.05, 'low_date': '2025-06-19', 'low': 6.33, 'pullback_pct': 10.21}, {'high_date': '2025-07-02', 'high': 7.52, 'low_date': '2025-07-11', 'low': 7.17, 'pullback_pct': 4.65}, {'high_date': '2025-07-16', 'high': 7.83, 'low_date': '2025-08-01', 'low': 6.6, 'pullback_pct': 15.71}, {'high_date': '2025-08-05', 'high': 6.91, 'low_date': '2025-08-14', 'low': 6.15, 'pullback_pct': 11.0}, {'high_date': '2025-08-25', 'high': 7.4, 'low_date': '2025-08-29', 'low': 6.49, 'pullback_pct': 12.3}, {'high_date': '2025-09-15', 'high': 8.14, 'low_date': '2025-09-17', 'low': 7.77, 'pullback_pct': 4.55}, {'high_date': '2025-09-23', 'high': 8.72, 'low_date': '2025-09-26', 'low': 8.02, 'pullback_pct': 8.03}, {'high_date': '2025-10-07', 'high': 9.18, 'low_date': '2025-10-14', 'low': 8.36, 'pullback_pct': 8.93}, {'high_date': '2025-10-27', 'high': 9.97, 'low_date': '2025-10-30', 'low': 8.73, 'pullback_pct': 12.44}, {'high_date': '2025-11-14', 'high': 10.94, 'low_date': '2025-12-01', 'low': 9.93, 'pullback_pct': 9.23}, {'high_date': '2025-12-05', 'high': 10.8, 'low_date': '2025-12-08', 'low': 10.29, 'pullback_pct': 4.72}]",10.8,True,10.0,11.35,10.64,6.29,13.49,18.86,3.0,no valid VCP base
LTF,None,None,22,2,8,True,,136.8,2.3,109.18,WEAKENING,False,60,"[{'high_date': '2025-02-05', 'high': 150.45, 'low_date': '2025-02-18', 'low': 130.19, 'pullback_pct': 13.46}, {'high_date': '2025-03-24', 'high': 156.07, 'low_date': '2025-04-07', 'low': 146.23, 'pullback_pct': 6.31}, {'high_date': '2025-04-23', 'high': 177.2, 'low_date': '2025-05-09', 'low': 158.98, 'pullback_pct': 10.28}, {'high_date': '2025-06-10', 'high': 194.77, 'low_date': '2025-06-13', 'low': 185.69, 'pullback_pct': 4.66}, {'high_date': '2025-07-09', 'high': 209.1, 'low_date': '2025-07-17', 'low': 199.78, 'pullback_pct': 4.46}, {'high_date': '2025-07-23', 'high': 213.51, 'low_date': '2025-08-08', 'low': 195.75, 'pullback_pct': 8.32}, {'high_date': '2025-09-22', 'high': 248.09, 'low_date': '2025-09-26', 'low': 236.29, 'pullback_pct': 4.76}, {'high_date': '2025-11-07', 'high': 303.6, 'low_date': '2025-11-21', 'low': 288.7, 'pullback_pct': 4.91}, {'high_date': '2025-11-28', 'high': 312.35, 'low_date': '2025-12-08', 'low': 299.3, 'pullback_pct': 4.18}]",312.35,False,17.0,305.1,291.97,4.3,344.49,12.91,3.0,no valid VCP base
BHARATFORG,None,None,20,2,8,True,,49.3,2.2,107.72,LEADING,False,50,"[{'high_date': '2025-03-12', 'high': 1083.92, 'low_date': '2025-03-13', 'low': 1033.27, 'pullback_pct': 4.67}, {'high_date': '2025-03-24', 'high': 1194.48, 'low_date': '2025-04-07', 'low': 946.12, 'pullback_pct': 20.79}, {'high_date': '2025-04-23', 'high': 1128.96, 'low_date': '2025-04-25', 'low': 1082.23, 'pullback_pct': 4.14}, {'high_date': '2025-04-29', 'high': 1127.47, 'low_date': '2025-05-06', 'low': 1081.04, 'pullback_pct': 4.12}, {'high_date': '2025-06-09', 'high': 1336.86, 'low_date': '2025-08-08', 'low': 1133.9, 'pullback_pct': 15.18}, {'high_date': '2025-08-19', 'high': 1187.14, 'low_date': '2025-08-29', 'low': 1105.44, 'pullback_pct': 6.88}, {'high_date': '2025-09-19', 'high': 1271.25, 'low_date': '2025-09-26', 'low': 1179.75, 'pullback_pct': 7.2}, {'high_date': '2025-11-19', 'high': 1444.55, 'low_date': '2025-12-08', 'low': 1372.03, 'pullback_pct': 5.02}]",1444.55,False,26.0,1412.48,1368.99,3.08,1542.96,9.24,3.0,no valid VCP base
RRKABEL,None,None,20,2,8,True,,70.5,1.7,105.68,LEADING,False,50,"[{'high_date': '2025-02-01', 'high': 1300.98, 'low_date': '2025-02-18', 'low': 1103.12, 'pullback_pct': 15.21}, {'high_date': '2025-02-21', 'high': 1150.11, 'low_date': '2025-03-17', 'low': 854.24, 'pullback_pct': 25.73}, {'high_date': '2025-03-28', 'high': 942.8, 'low_date': '2025-04-07', 'low': 879.35, 'pullback_pct': 6.73}, {'high_date': '2025-05-30', 'high': 1417.89, 'low_date': '2025-06-20', 'low': 1310.38, 'pullback_pct': 7.58}, {'high_date': '2025-07-03', 'high': 1385.37, 'low_date': '2025-07-11', 'low': 1324.8, 'pullback_pct': 4.37}, {'high_date': '2025-07-18', 'high': 1467.29, 'low_date': '2025-07-28', 'low': 1365.68, 'pullback_pct': 6.92}, {'high_date': '2025-07-31', 'high': 1435.68, 'low_date': '2025-08-29', 'low': 1164.16, 'pullback_pct': 18.91}, {'high_date': '2025-09-23', 'high': 1289.2, 'low_date': '2025-09-26', 'low': 1214.82, 'pullback_pct': 5.77}, {'high_date': '2025-10-29', 'high': 1421.42, 'low_date': '2025-11-10', 'low': 1345.4, 'pullback_pct': 5.35}]",1421.42,True,47.0,1456.6,1393.91,4.3,1644.67,12.91,3.0,no valid VCP base
BHEL,None,None,20,2,8,True,,58.1,2.9,109.23,LEADING,False,50,"[{'high_date': '2025-01-31', 'high': 207.65, 'low_date': '2025-02-03', 'low': 195.83, 'pullback_pct': 5.69}, {'high_date': '2025-02-05', 'high': 208.57, 'low_date': '2025-02-18', 'low': 186.18, 'pullback_pct': 10.74}, {'high_date': '2025-02-20', 'high': 199.75, 'low_date': '2025-02-28', 'low': 178.79, 'pullback_pct': 10.49}, {'high_date': '2025-04-03', 'high': 218.22, 'low_date': '2025-04-07', 'low': 207.26, 'pullback_pct': 5.02}, {'high_date': '2025-04-29', 'high': 230.84, 'low_date': '2025-05-09', 'low': 216.18, 'pullback_pct': 6.35}, {'high_date': '2025-05-28', 'high': 266.05, 'low_date': '2025-06-19', 'low': 246.68, 'pullback_pct': 7.28}, {'high_date': '2025-06-30', 'high': 265.74, 'low_date': '2025-08-01', 'low': 231.6, 'pullback_pct': 12.85}, {'high_date': '2025-08-05', 'high': 248.25, 'low_date': '2025-08-29', 'low': 208.01, 'pullback_pct': 16.21}, {'high_date': '2025-10-06', 'high': 245.31, 'low_date': '2025-10-24', 'low': 230.94, 'pullback_pct': 5.86}, {'high_date': '2025-12-01', 'high': 291.0, 'low_date': '2025-12-08', 'low': 269.7, 'pullback_pct': 7.32}]",291.0,False,14.0,282.6,271.52,3.92,315.85,11.77,3.0,no valid VCP base
3MINDIA,None,None,20,2,8,True,,39.2,1.6,108.17,LEADING,False,50,"[{'high_date': '2025-04-03', 'high': 28480.77, 'low_date': '2025-04-07', 'low': 26966.48, 'pullback_pct': 5.32}, {'high_date': '2025-04-16', 'high': 30196.3, 'low_date': '2025-05-09', 'low': 28559.42, 'pullback_pct': 5.42}, {'high_date': '2025-05-21', 'high': 29793.22, 'low_date': '2025-06-23', 'low': 27910.56, 'pullback_pct': 6.32}, {'high_date': '2025-08-07', 'high': 32000.0, 'low_date': '2025-09-29', 'low': 28835.0, 'pullback_pct': 9.89}, {'high_date': '2025-11-17', 'high': 36130.0, 'low_date': '2025-12-05', 'low': 34125.0, 'pullback_pct': 5.55}]",36130.0,False,28.0,35565.0,34430.36,3.19,38968.93,9.57,3.0,no valid VCP base
SHRIRAMFIN,None,None,20,2,8,True,,69.7,1.4,115.36,LEADING,False,50,"[{'high_date': '2025-02-04', 'high': 570.7, 'low_date': '2025-02-11', 'low': 532.9, 'pullback_pct': 6.62}, {'high_date': '2025-03-24', 'high': 674.84, 'low_date': '2025-04-07', 'low': 607.56, 'pullback_pct': 9.97}, {'high_date': '2025-04-23', 'high': 696.51, 'low_date': '2025-05-02', 'low': 597.26, 'pullback_pct': 14.25}, {'high_date': '2025-05-07', 'high': 629.97, 'low_date': '2025-05-09', 'low': 595.14, 'pullback_pct': 5.53}, {'high_date': '2025-05-19', 'high': 670.69, 'low_date': '2025-05-30', 'low': 632.64, 'pullback_pct': 5.67}, {'high_date': '2025-06-10', 'high': 693.05, 'low_date': '2025-06-19', 'low': 645.35, 'pullback_pct': 6.88}, {'high_date': '2025-06-30', 'high': 699.43, 'low_date': '2025-08-28', 'low': 568.19, 'pullback_pct': 18.76}, {'high_date': '2025-09-19', 'high': 629.36, 'low_date': '2025-09-26', 'low': 602.38, 'pullback_pct': 4.29}, {'high_date': '2025-11-27', 'high': 867.65, 'low_date': '2025-12-03', 'low': 828.1, 'pullback_pct': 4.56}]",867.65,False,18.0,855.35,823.93,3.67,949.61,11.02,3.0,no valid VCP base
AIAENG,None,None,20,2,8,True,,29.7,0.0,109.89,LEADING,False,50,"[{'high_date': '2025-02-05', 'high': 3729.4, 'low_date': '2025-03-04', 'low': 3116.85, 'pullback_pct': 16.42}, {'high_date': '2025-03-25', 'high': 3383.11, 'low_date': '2025-04-07', 'low': 3075.22, 'pullback_pct': 9.1}, {'high_date': '2025-06-04', 'high': 3515.31, 'low_date': '2025-07-02', 'low': 3237.17, 'pullback_pct': 7.91}, {'high_date': '2025-07-09', 'high': 3441.1, 'low_date': '2025-08-28', 'low': 3001.7, 'pullback_pct': 12.77}, {'high_date': '2025-10-27', 'high': 3387.3, 'low_date': '2025-10-31', 'low': 3249.9, 'pullback_pct': 4.06}, {'high_date': '2025-12-03', 'high': 3895.3, 'low_date': '2025-12-11', 'low': 3638.2, 'pullback_pct': 6.6}]",3895.3,False,12.0,3893.8,3711.67,4.68,4440.2,14.03,3.0,no valid VCP base
JKTYRE,None,None,20,2,8,True,,87.0,0.9,109.2,LEADING,False,50,"[{'high_date': '2025-02-01', 'high': 321.11, 'low_date': '2025-02-17', 'low': 280.22, 'pullback_pct': 12.73}, {'high_date': '2025-02-20', 'high': 292.21, 'low_date': '2025-03-03', 'low': 251.17, 'pullback_pct': 14.04}, {'high_date': '2025-03-07', 'high': 277.19, 'low_date': '2025-03-17', 'low': 261.29, 'pullback_pct': 5.74}, {'high_date': '2025-03-24', 'high': 294.39, 'low_date': '2025-03-28', 'low': 275.01, 'pullback_pct': 6.58}, {'high_date': '2025-04-03', 'high': 290.13, 'low_date': '2025-04-07', 'low': 260.94, 'pullback_pct': 10.06}, {'high_date': '2025-05-21', 'high': 390.04, 'low_date': '2025-06-03', 'low': 364.72, 'pullback_pct': 6.49}, {'high_date': '2025-06-09', 'high': 379.59, 'low_date': '2025-06-23', 'low': 339.24, 'pullback_pct': 10.63}, {'high_date': '2025-07-17', 'high': 372.5, 'low_date': '2025-08-14', 'low': 311.95, 'pullback_pct': 16.26}, {'high_date': '2025-09-23', 'high': 381.05, 'low_date': '2025-09-29', 'low': 355.15, 'pullback_pct': 6.8}, {'high_date': '2025-11-12', 'high': 466.85, 'low_date': '2025-11-25', 'low': 441.7, 'pullback_pct': 5.39}, {'high_date': '2025-12-04', 'high': 474.0, 'low_date': '2025-12-10', 'low': 445.0, 'pullback_pct': 6.12}]",474.0,False,11.0,469.7,448.59,4.49,533.04,13.48,3.0,no valid VCP base
NAVINFLUOR,None,None,20,2,8,True,,91.4,0.0,109.05,LEADING,False,50,"[{'high_date': '2025-02-05', 'high': 4241.81, 'low_date': '2025-02-28', 'low': 3752.83, 'pullback_pct': 11.53}, {'high_date': '2025-04-02', 'high': 4236.12, 'low_date': '2025-04-08', 'low': 3838.97, 'pullback_pct': 9.38}, {'high_date': '2025-05-07', 'high': 4655.82, 'low_date': '2025-05-16', 'low': 4231.48, 'pullback_pct': 9.11}, {'high_date': '2025-07-09', 'high': 5104.54, 'low_date': '2025-07-18', 'low': 4864.1, 'pullback_pct': 4.71}, {'high_date': '2025-07-30', 'high': 5184.05, 'low_date': '2025-08-08', 'low': 4808.35, 'pullback_pct': 7.25}, {'high_date': '2025-08-18', 'high': 5037.11, 'low_date': '2025-09-05', 'low': 4658.42, 'pullback_pct': 7.52}, {'high_date': '2025-09-17', 'high': 4963.69, 'low_date': '2025-09-29', 'low': 4547.33, 'pullback_pct': 8.39}, {'high_date': '2025-10-21', 'high': 5180.96, 'low_date': '2025-10-30', 'low': 4971.48, 'pullback_pct': 4.04}, {'high_date': '2025-11-06', 'high': 6074.5, 'low_date': '2025-12-08', 'low': 5563.0, 'pullback_pct': 8.42}]",6074.5,True,39.0,6144.0,5875.82,4.36,6948.54,13.09,3.0,no valid VCP base
HEROMOTOCO,None,None,20,2,8,True,,73.2,6.2,106.36,WEAKENING,False,50,"[{'high_date': '2025-02-01', 'high': 4149.55, 'low_date': '2025-03-17', 'low': 3375.28, 'pullback_pct': 18.66}, {'high_date': '2025-04-02', 'high': 3656.32, 'low_date': '2025-04-07', 'low': 3407.94, 'pullback_pct': 6.79}, {'high_date': '2025-04-24', 'high': 3821.12, 'low_date': '2025-05-02', 'low': 3611.34, 'pullback_pct': 5.49}, {'high_date': '2025-05-19', 'high': 4239.7, 'low_date': '2025-06-05', 'low': 4037.95, 'pullback_pct': 4.76}, {'high_date': '2025-06-11', 'high': 4261.54, 'low_date': '2025-07-11', 'low': 4076.41, 'pullback_pct': 4.34}, {'high_date': '2025-10-21', 'high': 5538.55, 'low_date': '2025-11-07', 'low': 5194.75, 'pullback_pct': 6.21}, {'high_date': '2025-12-05', 'high': 6229.09, 'low_date': '2025-12-10', 'low': 5831.83, 'pullback_pct': 6.38}]",6229.09,False,10.0,5845.56,5730.76,1.96,6189.96,5.89,3.0,no valid VCP base
CUMMINSIND,None,None,20,2,8,True,,70.8,1.3,105.2,WEAKENING,False,50,"[{'high_date': '2025-01-31', 'high': 2855.29, 'low_date': '2025-02-03', 'low': 2646.24, 'pullback_pct': 7.32}, {'high_date': '2025-02-06', 'high': 2905.31, 'low_date': '2025-02-19', 'low': 2653.09, 'pullback_pct': 8.68}, {'high_date': '2025-02-21', 'high': 2796.93, 'low_date': '2025-02-28', 'low': 2680.36, 'pullback_pct': 4.17}, {'high_date': '2025-03-06', 'high': 2931.98, 'low_date': '2025-03-12', 'low': 2779.77, 'pullback_pct': 5.19}, {'high_date': '2025-03-24', 'high': 3013.98, 'low_date': '2025-04-07', 'low': 2673.76, 'pullback_pct': 11.29}, {'high_date': '2025-04-23', 'high': 2924.88, 'low_date': '2025-05-09', 'low': 2698.46, 'pullback_pct': 7.74}, {'high_date': '2025-06-09', 'high': 3364.62, 'low_date': '2025-06-19', 'low': 3192.53, 'pullback_pct': 5.11}, {'high_date': '2025-09-17', 'high': 4106.73, 'low_date': '2025-10-01', 'low': 3831.58, 'pullback_pct': 6.7}]",4106.73,True,89.0,4519.35,4385.56,2.96,4920.72,8.88,3.0,no valid VCP base
NUVAMA,None,None,20,2,8,True,,58.5,7.9,106.09,LEADING,False,50,"[{'high_date': '2025-01-31', 'high': 1006.78, 'low_date': '2025-02-03', 'low': 919.23, 'pullback_pct': 8.7}, {'high_date': '2025-02-05', 'high': 1079.21, 'low_date': '2025-02-18', 'low': 949.21, 'pullback_pct': 12.05}, {'high_date': '2025-02-20', 'high': 1016.46, 'low_date': '2025-03-03', 'low': 916.71, 'pullback_pct': 9.81}, {'high_date': '2025-03-10', 'high': 994.98, 'low_date': '2025-03-13', 'low': 909.43, 'pullback_pct': 8.6}, {'high_date': '2025-03-21', 'high': 1141.61, 'low_date': '2025-04-02', 'low': 1036.29, 'pullback_pct': 9.23}, {'high_date': '2025-04-03', 'high': 1083.87, 'low_date': '2025-04-07', 'low': 958.98, 'pullback_pct': 11.52}, {'high_date': '2025-04-25', 'high': 1127.84, 'low_date': '2025-05-06', 'low': 1030.76, 'pullback_pct': 8.61}, {'high_date': '2025-06-09', 'high': 1434.85, 'low_date': '2025-06-16', 'low': 1333.46, 'pullback_pct': 7.07}, {'high_date': '2025-06-17', 'high': 1396.34, 'low_date': '2025-06-20', 'low': 1299.56, 'pullback_pct': 6.93}, {'high_date': '2025-06-27', 'high': 1564.86, 'low_date': '2025-07-04', 'low': 1371.03, 'pullback_pct': 12.39}, {'high_date': '2025-07-17', 'high': 1476.3, 'low_date': '2025-09-11', 'low': 1164.93, 'pullback_pct': 21.09}, {'high_date': '2025-09-12', 'high': 1216.67, 'low_date': '2025-09-25', 'low': 1139.07, 'pullback_pct': 6.38}, {'high_date': '2025-10-28', 'high': 1405.3, 'low_date': '2025-10-31', 'low': 1339.12, 'pullback_pct': 4.71}, {'high_date': '2025-11-13', 'high': 1460.53, 'low_date': '2025-11-25', 'low': 1381.29, 'pullback_pct': 5.43}, {'high_date': '2025-11-28', 'high': 1478.36, 'low_date': '2025-12-10', 'low': 1389.31, 'pullback_pct': 6.02}]",1478.36,False,17.0,1441.02,1380.55,4.2,1622.43,12.59,3.0,no valid VCP base
KIRLOSENG,None,None,20,2,8,True,,98.1,3.8,115.68,LEADING,False,50,"[{'high_date': '2025-01-31', 'high': 894.16, 'low_date': '2025-02-28', 'low': 572.58, 'pullback_pct': 35.96}, {'high_date': '2025-03-24', 'high': 746.12, 'low_date': '2025-03-28', 'low': 715.35, 'pullback_pct': 4.12}, {'high_date': '2025-04-03', 'high': 747.95, 'low_date': '2025-04-09', 'low': 697.17, 'pullback_pct': 6.79}, {'high_date': '2025-04-23', 'high': 753.22, 'low_date': '2025-05-09', 'low': 665.76, 'pullback_pct': 11.61}, {'high_date': '2025-05-16', 'high': 890.03, 'low_date': '2025-05-22', 'low': 845.9, 'pullback_pct': 4.96}, {'high_date': '2025-06-09', 'high': 906.28, 'low_date': '2025-07-09', 'low': 826.77, 'pullback_pct': 8.77}, {'high_date': '2025-07-16', 'high': 939.48, 'low_date': '2025-08-05', 'low': 863.58, 'pullback_pct': 8.08}, {'high_date': '2025-08-25', 'high': 974.98, 'low_date': '2025-09-09', 'low': 861.48, 'pullback_pct': 11.64}, {'high_date': '2025-09-24', 'high': 971.29, 'low_date': '2025-10-14', 'low': 868.02, 'pullback_pct': 10.63}, {'high_date': '2025-11-03', 'high': 1017.16, 'low_date': '2025-11-11', 'low': 943.74, 'pullback_pct': 7.22}, {'high_date': '2025-11-20', 'high': 1179.37, 'low_date': '2025-12-03', 'low': 1083.29, 'pullback_pct': 8.15}, {'high_date': '2025-12-04', 'high': 1163.05, 'low_date': '2025-12-08', 'low': 1094.87, 'pullback_pct': 5.86}]",1163.05,False,11.0,1134.1,1070.01,5.65,1326.39,16.96,3.0,no valid VCP base
IIFL,None,None,20,2,8,True,,102.8,2.1,110.34,LEADING,False,50,"[{'high_date': '2025-02-07', 'high': 361.92, 'low_date': '2025-02-18', 'low': 303.26, 'pullback_pct': 16.21}, {'high_date': '2025-02-21', 'high': 317.15, 'low_date': '2025-03-04', 'low': 281.52, 'pullback_pct': 11.24}, {'high_date': '2025-03-06', 'high': 323.46, 'low_date': '2025-03-17', 'low': 305.19, 'pullback_pct': 5.65}, {'high_date': '2025-03-21', 'high': 337.5, 'low_date': '2025-04-01', 'low': 322.51, 'pullback_pct': 4.44}, {'high_date': '2025-04-03', 'high': 347.88, 'low_date': '2025-04-11', 'low': 321.37, 'pullback_pct': 7.62}, {'high_date': '2025-04-23', 'high': 377.36, 'low_date': '2025-05-06', 'low': 341.82, 'pullback_pct': 9.42}, {'high_date': '2025-06-17', 'high': 484.07, 'low_date': '2025-07-02', 'low': 458.95, 'pullback_pct': 5.19}, {'high_date': '2025-07-21', 'high': 532.51, 'low_date': '2025-08-01', 'low': 424.06, 'pullback_pct': 20.37}, {'high_date': '2025-08-19', 'high': 468.43, 'low_date': '2025-08-29', 'low': 424.46, 'pullback_pct': 9.39}, {'high_date': '2025-09-19', 'high': 450.72, 'low_date': '2025-09-26', 'low': 416.27, 'pullback_pct': 7.64}, {'high_date': '2025-11-18', 'high': 561.0, 'low_date': '2025-11-24', 'low': 532.86, 'pullback_pct': 5.02}, {'high_date': '2025-12-01', 'high': 583.14, 'low_date': '2025-12-08', 'low': 550.58, 'pullback_pct': 5.58}]",583.14,False,14.0,570.98,548.26,3.98,639.11,11.93,3.0,no valid VCP base
PTCIL,None,None,20,2,8,True,,72.8,7.3,105.95,LEADING,False,50,"[{'high_date': '2025-02-01', 'high': 14748.0, 'low_date': '2025-02-25', 'low': 10142.7, 'pullback_pct': 31.23}, {'high_date': '2025-03-28', 'high': 14944.65, 'low_date': '2025-04-07', 'low': 12800.55, 'pullback_pct': 14.35}, {'high_date': '2025-04-16', 'high': 14696.0, 'low_date': '2025-05-08', 'low': 12242.0, 'pullback_pct': 16.7}, {'high_date': '2025-05-27', 'high': 15723.0, 'low_date': '2025-06-09', 'low': 14403.0, 'pullback_pct': 8.4}, {'high_date': '2025-06-11', 'high': 15426.0, 'low_date': '2025-06-20', 'low': 14065.0, 'pullback_pct': 8.82}, {'high_date': '2025-06-30', 'high': 15569.0, 'low_date': '2025-07-10', 'low': 14333.0, 'pullback_pct': 7.94}, {'high_date': '2025-08-08', 'high': 15105.0, 'low_date': '2025-08-21', 'low': 13367.0, 'pullback_pct': 11.51}, {'high_date': '2025-08-25', 'high': 14232.0, 'low_date': '2025-09-08', 'low': 13522.0, 'pullback_pct': 4.99}, {'high_date': '2025-10-03', 'high': 16648.0, 'low_date': '2025-10-08', 'low': 15968.0, 'pullback_pct': 4.08}, {'high_date': '2025-12-08', 'high': 18913.0, 'low_date': '2025-12-15', 'low': 17527.0, 'pullback_pct': 7.33}]",18913.0,False,7.0,17527.0,17399.96,0.72,17908.12,2.17,3.0,no valid VCP base
CCL,None,None,20,2,8,True,,80.6,7.4,106.31,LEADING,False,50,"[{'high_date': '2025-02-05', 'high': 674.83, 'low_date': '2025-03-19', 'low': 549.26, 'pullback_pct': 18.61}, {'high_date': '2025-03-21', 'high': 588.27, 'low_date': '2025-04-04', 'low': 546.13, 'pullback_pct': 7.16}, {'high_date': '2025-04-22', 'high': 633.53, 'low_date': '2025-04-30', 'low': 586.49, 'pullback_pct': 7.43}, {'high_date': '2025-05-07', 'high': 766.05, 'low_date': '2025-05-13', 'low': 713.75, 'pullback_pct': 6.83}, {'high_date': '2025-06-05', 'high': 889.99, 'low_date': '2025-06-20', 'low': 779.59, 'pullback_pct': 12.41}, {'high_date': '2025-07-08', 'high': 885.83, 'low_date': '2025-07-25', 'low': 833.87, 'pullback_pct': 5.87}, {'high_date': '2025-08-04', 'high': 919.74, 'low_date': '2025-08-06', 'low': 855.19, 'pullback_pct': 7.02}, {'high_date': '2025-08-19', 'high': 918.02, 'low_date': '2025-08-28', 'low': 851.5, 'pullback_pct': 7.25}, {'high_date': '2025-09-03', 'high': 930.69, 'low_date': '2025-09-18', 'low': 877.08, 'pullback_pct': 5.76}, {'high_date': '2025-09-24', 'high': 916.82, 'low_date': '2025-10-13', 'low': 827.02, 'pullback_pct': 9.8}, {'high_date': '2025-11-10', 'high': 1065.57, 'low_date': '2025-11-25', 'low': 980.65, 'pullback_pct': 7.97}, {'high_date': '2025-11-26', 'high': 1019.99, 'low_date': '2025-12-08', 'low': 939.06, 'pullback_pct': 7.93}]",1019.99,False,19.0,986.44,938.39,4.87,1130.57,14.61,3.0,no valid VCP base
CANFINHOME,None,None,20,2,8,True,,61.1,0.0,106.72,LEADING,False,50,"[{'high_date': '2025-03-07', 'high': 620.14, 'low_date': '2025-03-13', 'low': 592.71, 'pullback_pct': 4.42}, {'high_date': '2025-03-24', 'high': 675.01, 'low_date': '2025-04-07', 'low': 637.63, 'pullback_pct': 5.54}, {'high_date': '2025-04-23', 'high': 733.71, 'low_date': '2025-05-06', 'low': 692.79, 'pullback_pct': 5.58}, {'high_date': '2025-06-11', 'high': 801.23, 'low_date': '2025-06-23', 'low': 751.84, 'pullback_pct': 6.17}, {'high_date': '2025-07-17', 'high': 812.49, 'low_date': '2025-07-30', 'low': 733.45, 'pullback_pct': 9.73}, {'high_date': '2025-08-21', 'high': 776.17, 'low_date': '2025-08-29', 'low': 712.21, 'pullback_pct': 8.24}, {'high_date': '2025-09-23', 'high': 774.39, 'low_date': '2025-09-26', 'low': 737.96, 'pullback_pct': 4.7}]",774.39,True,83.0,912.33,878.08,3.75,1015.08,11.26,3.0,no valid VCP base
BANKINDIA,None,None,20,2,8,True,,62.6,4.8,106.31,LEADING,False,50,"[{'high_date': '2025-01-31', 'high': 108.58, 'low_date': '2025-02-18', 'low': 92.64, 'pullback_pct': 14.68}, {'high_date': '2025-02-20', 'high': 101.07, 'low_date': '2025-03-12', 'low': 90.67, 'pullback_pct': 10.29}, {'high_date': '2025-04-03', 'high': 110.9, 'low_date': '2025-04-07', 'low': 102.07, 'pullback_pct': 7.96}, {'high_date': '2025-04-21', 'high': 115.67, 'low_date': '2025-05-08', 'low': 104.08, 'pullback_pct': 10.02}, {'high_date': '2025-06-09', 'high': 124.78, 'low_date': '2025-06-19', 'low': 111.63, 'pullback_pct': 10.54}, {'high_date': '2025-07-01', 'high': 121.09, 'low_date': '2025-08-01', 'low': 109.29, 'pullback_pct': 9.74}, {'high_date': '2025-08-19', 'high': 116.49, 'low_date': '2025-08-28', 'low': 110.27, 'pullback_pct': 5.34}, {'high_date': '2025-09-23', 'high': 121.43, 'low_date': '2025-09-26', 'low': 116.33, 'pullback_pct': 4.2}, {'high_date': '2025-11-26', 'high': 148.85, 'low_date': '2025-12-08', 'low': 138.15, 'pullback_pct': 7.19}]",148.85,False,19.0,141.77,136.94,3.41,156.25,10.22,3.0,no valid VCP base
FEDERALBNK,None,None,20,2,8,True,,51.2,0.0,113.48,LEADING,False,50,"[{'high_date': '2025-02-07', 'high': 187.01, 'low_date': '2025-03-04', 'low': 175.45, 'pullback_pct': 6.18}, {'high_date': '2025-04-29', 'high': 202.2, 'low_date': '2025-05-08', 'low': 185.61, 'pullback_pct': 8.2}, {'high_date': '2025-06-09', 'high': 211.42, 'low_date': '2025-06-19', 'low': 202.69, 'pullback_pct': 4.13}, {'high_date': '2025-07-01', 'high': 217.4, 'low_date': '2025-09-04', 'low': 189.9, 'pullback_pct': 12.65}, {'high_date': '2025-09-17', 'high': 198.97, 'low_date': '2025-09-29', 'low': 190.08, 'pullback_pct': 4.47}]",198.97,True,89.0,265.25,258.58,2.52,285.27,7.55,3.0,no valid VCP base
ABCAPITAL,None,None,20,2,8,True,,131.0,3.4,109.37,LEADING,False,50,"[{'high_date': '2025-01-31', 'high': 179.39, 'low_date': '2025-02-25', 'low': 152.32, 'pullback_pct': 15.09}, {'high_date': '2025-04-03', 'high': 193.34, 'low_date': '2025-04-07', 'low': 179.34, 'pullback_pct': 7.24}, {'high_date': '2025-04-23', 'high': 207.98, 'low_date': '2025-05-06', 'low': 191.94, 'pullback_pct': 7.71}, {'high_date': '2025-07-01', 'high': 280.8, 'low_date': '2025-07-30', 'low': 248.8, 'pullback_pct': 11.4}, {'high_date': '2025-08-05', 'high': 282.0, 'low_date': '2025-08-12', 'low': 268.05, 'pullback_pct': 4.95}, {'high_date': '2025-08-21', 'high': 291.3, 'low_date': '2025-09-02', 'low': 274.85, 'pullback_pct': 5.65}, {'high_date': '2025-09-24', 'high': 291.95, 'low_date': '2025-09-26', 'low': 278.9, 'pullback_pct': 4.47}]",291.95,True,82.0,351.8,339.1,3.61,389.89,10.83,3.0,no valid VCP base
MCX,None,None,20,2,8,True,,126.2,2.3,109.84,LEADING,False,50,"[{'high_date': '2025-02-05', 'high': 1214.68, 'low_date': '2025-02-18', 'low': 1083.54, 'pullback_pct': 10.8}, {'high_date': '2025-02-20', 'high': 1133.52, 'low_date': '2025-03-10', 'low': 900.67, 'pullback_pct': 20.54}, {'high_date': '2025-03-21', 'high': 1088.66, 'low_date': '2025-03-26', 'low': 1024.47, 'pullback_pct': 5.9}, {'high_date': '2025-04-02', 'high': 1070.41, 'low_date': '2025-04-07', 'low': 994.12, 'pullback_pct': 7.13}, {'high_date': '2025-05-02', 'high': 1251.82, 'low_date': '2025-05-09', 'low': 1129.79, 'pullback_pct': 9.75}, {'high_date': '2025-06-09', 'high': 1585.05, 'low_date': '2025-06-12', 'low': 1496.48, 'pullback_pct': 5.59}, {'high_date': '2025-07-01', 'high': 1805.21, 'low_date': '2025-07-11', 'low': 1603.48, 'pullback_pct': 11.17}, {'high_date': '2025-07-16', 'high': 1669.72, 'low_date': '2025-08-01', 'low': 1513.32, 'pullback_pct': 9.37}, {'high_date': '2025-08-13', 'high': 1667.8, 'low_date': '2025-08-29', 'low': 1478.0, 'pullback_pct': 11.38}, {'high_date': '2025-10-15', 'high': 1908.2, 'low_date': '2025-10-24', 'low': 1800.7, 'pullback_pct': 5.63}, {'high_date': '2025-11-27', 'high': 2084.9, 'low_date': '2025-12-10', 'low': 1972.8, 'pullback_pct': 5.38}]",2084.9,False,18.0,2037.2,1938.45,4.85,2333.46,14.54,3.0,no valid VCP base
M&MFIN,None,None,20,2,8,True,,50.2,6.3,115.0,LEADING,False,50,"[{'high_date': '2025-02-05', 'high': 291.22, 'low_date': '2025-02-21', 'low': 263.89, 'pullback_pct': 9.38}, {'high_date': '2025-02-27', 'high': 275.07, 'low_date': '2025-03-04', 'low': 260.09, 'pullback_pct': 5.45}, {'high_date': '2025-03-24', 'high': 286.0, 'low_date': '2025-04-07', 'low': 246.57, 'pullback_pct': 13.78}, {'high_date': '2025-04-22', 'high': 270.43, 'low_date': '2025-05-09', 'low': 231.89, 'pullback_pct': 14.25}, {'high_date': '2025-05-16', 'high': 260.48, 'low_date': '2025-05-22', 'low': 249.89, 'pullback_pct': 4.06}, {'high_date': '2025-06-09', 'high': 276.77, 'low_date': '2025-06-19', 'low': 254.67, 'pullback_pct': 7.99}, {'high_date': '2025-06-27', 'high': 266.14, 'low_date': '2025-07-02', 'low': 255.41, 'pullback_pct': 4.03}, {'high_date': '2025-07-15', 'high': 265.85, 'low_date': '2025-07-28', 'low': 249.05, 'pullback_pct': 6.32}, {'high_date': '2025-08-20', 'high': 267.25, 'low_date': '2025-08-29', 'low': 253.95, 'pullback_pct': 4.98}, {'high_date': '2025-09-22', 'high': 290.25, 'low_date': '2025-09-29', 'low': 272.95, 'pullback_pct': 5.96}, {'high_date': '2025-11-28', 'high': 371.85, 'low_date': '2025-12-04', 'low': 347.0, 'pullback_pct': 6.68}, {'high_date': '2025-12-05', 'high': 367.55, 'low_date': '2025-12-11', 'low': 340.3, 'pullback_pct': 7.41}]",367.55,False,10.0,348.3,338.15,2.92,378.76,8.75,3.0,no valid VCP base
COFORGE,None,None,18,2,8,True,,49.1,5.5,105.61,LEADING,False,40,"[{'high_date': '2025-01-24', 'high': 1825.77, 'low_date': '2025-02-01', 'low': 1600.25, 'pullback_pct': 12.35}, {'high_date': '2025-02-07', 'high': 1691.29, 'low_date': '2025-03-04', 'low': 1429.06, 'pullback_pct': 15.5}, {'high_date': '2025-03-05', 'high': 1548.31, 'low_date': '2025-03-13', 'low': 1444.89, 'pullback_pct': 6.68}, {'high_date': '2025-03-28', 'high': 1606.76, 'low_date': '2025-04-11', 'low': 1251.58, 'pullback_pct': 22.11}, {'high_date': '2025-07-04', 'high': 1937.21, 'low_date': '2025-07-24', 'low': 1664.49, 'pullback_pct': 14.08}, {'high_date': '2025-07-31', 'high': 1740.17, 'low_date': '2025-08-06', 'low': 1630.78, 'pullback_pct': 6.29}, {'high_date': '2025-08-07', 'high': 1696.28, 'low_date': '2025-08-08', 'low': 1599.42, 'pullback_pct': 5.71}, {'high_date': '2025-09-01', 'high': 1756.5, 'low_date': '2025-09-05', 'low': 1650.69, 'pullback_pct': 6.02}, {'high_date': '2025-09-18', 'high': 1816.12, 'low_date': '2025-09-26', 'low': 1531.44, 'pullback_pct': 15.68}, {'high_date': '2025-10-27', 'high': 1822.2, 'low_date': '2025-11-07', 'low': 1736.05, 'pullback_pct': 4.73}, {'high_date': '2025-12-05', 'high': 1973.19, 'low_date': '2025-12-10', 'low': 1815.86, 'pullback_pct': 7.97}]",1973.19,False,10.0,1865.54,1815.33,2.69,2016.17,8.07,3.0,no valid VCP base
MARUTI,None,None,18,2,7,False,T8_rs_rank,54.5,0.6,100.15,WEAKENING,True,90,"[{'high_date': '2025-02-03', 'high': 12999.25, 'low_date': '2025-04-07', 'low': 11208.44, 'pullback_pct': 13.78}, {'high_date': '2025-05-16', 'high': 12855.86, 'low_date': '2025-06-05', 'low': 11996.16, 'pullback_pct': 6.69}, {'high_date': '2025-10-20', 'high': 16424.0, 'low_date': '2025-11-04', 'low': 15374.0, 'pullback_pct': 6.39}]",16424.0,False,56.0,16415.0,16035.07,2.31,17554.79,6.94,3.0,"no pivot catalyst (broke=False, days=56)"
VEDL,None,None,18,2,8,True,,56.2,0.0,107.03,LEADING,False,40,"[{'high_date': '2025-01-31', 'high': 412.21, 'low_date': '2025-02-03', 'low': 393.81, 'pullback_pct': 4.46}, {'high_date': '2025-02-07', 'high': 425.66, 'low_date': '2025-02-14', 'low': 386.01, 'pullback_pct': 9.31}, {'high_date': '2025-02-21', 'high': 409.22, 'low_date': '2025-02-28', 'low': 368.64, 'pullback_pct': 9.92}, {'high_date': '2025-03-27', 'high': 441.11, 'low_date': '2025-04-09', 'low': 346.04, 'pullback_pct': 21.55}, {'high_date': '2025-05-29', 'high': 421.78, 'low_date': '2025-06-02', 'low': 403.8, 'pullback_pct': 4.26}, {'high_date': '2025-06-11', 'high': 438.26, 'low_date': '2025-06-19', 'low': 410.43, 'pullback_pct': 6.35}, {'high_date': '2025-07-02', 'high': 445.33, 'low_date': '2025-08-01', 'low': 402.64, 'pullback_pct': 9.59}, {'high_date': '2025-10-29', 'high': 507.72, 'low_date': '2025-10-31', 'low': 485.44, 'pullback_pct': 4.39}, {'high_date': '2025-11-13', 'high': 520.9, 'low_date': '2025-11-24', 'low': 487.02, 'pullback_pct': 6.5}, {'high_date': '2025-12-02', 'high': 529.56, 'low_date': '2025-12-08', 'low': 502.85, 'pullback_pct': 5.04}]",529.56,True,13.0,540.38,521.16,3.56,598.01,10.67,3.0,no valid VCP base
LATENTVIEW,None,None,18,2,8,True,,41.0,5.0,106.56,LEADING,False,40,"[{'high_date': '2025-02-06', 'high': 461.05, 'low_date': '2025-03-03', 'low': 362.65, 'pullback_pct': 21.34}, {'high_date': '2025-03-05', 'high': 385.7, 'low_date': '2025-03-17', 'low': 347.6, 'pullback_pct': 9.88}, {'high_date': '2025-03-21', 'high': 381.5, 'low_date': '2025-03-26', 'low': 359.9, 'pullback_pct': 5.66}, {'high_date': '2025-04-03', 'high': 375.45, 'low_date': '2025-04-07', 'low': 352.05, 'pullback_pct': 6.23}, {'high_date': '2025-04-23', 'high': 420.5, 'low_date': '2025-05-06', 'low': 388.65, 'pullback_pct': 7.57}, {'high_date': '2025-05-12', 'high': 424.4, 'low_date': '2025-06-13', 'low': 398.2, 'pullback_pct': 6.17}, {'high_date': '2025-07-03', 'high': 446.7, 'low_date': '2025-07-14', 'low': 428.05, 'pullback_pct': 4.18}, {'high_date': '2025-07-23', 'high': 448.55, 'low_date': '2025-08-11', 'low': 388.65, 'pullback_pct': 13.35}, {'high_date': '2025-09-04', 'high': 429.05, 'low_date': '2025-09-29', 'low': 402.0, 'pullback_pct': 6.3}, {'high_date': '2025-10-10', 'high': 439.75, 'low_date': '2025-10-28', 'low': 415.3, 'pullback_pct': 5.56}, {'high_date': '2025-11-03', 'high': 474.9, 'low_date': '2025-11-07', 'low': 436.55, 'pullback_pct': 8.08}, {'high_date': '2025-11-25', 'high': 499.2, 'low_date': '2025-12-05', 'low': 450.9, 'pullback_pct': 9.68}, {'high_date': '2025-12-09', 'high': 502.1, 'low_date': '2025-12-10', 'low': 474.6, 'pullback_pct': 5.48}]",502.1,False,6.0,490.25,461.93,5.78,575.2,17.33,3.0,no valid VCP base
INDUSTOWER,None,None,18,2,8,True,,27.8,3.8,107.6,LEADING,False,40,"[{'high_date': '2025-02-07', 'high': 363.3, 'low_date': '2025-02-28', 'low': 323.35, 'pullback_pct': 11.0}, {'high_date': '2025-03-11', 'high': 341.4, 'low_date': '2025-03-12', 'low': 324.65, 'pullback_pct': 4.91}, {'high_date': '2025-03-24', 'high': 349.05, 'low_date': '2025-03-28', 'low': 334.3, 'pullback_pct': 4.23}, {'high_date': '2025-04-30', 'high': 408.2, 'low_date': '2025-05-06', 'low': 378.9, 'pullback_pct': 7.18}, {'high_date': '2025-05-16', 'high': 400.45, 'low_date': '2025-06-13', 'low': 380.35, 'pullback_pct': 5.02}, {'high_date': '2025-07-03', 'high': 425.75, 'low_date': '2025-08-08', 'low': 332.55, 'pullback_pct': 21.89}, {'high_date': '2025-08-25', 'high': 354.75, 'low_date': '2025-09-04', 'low': 324.05, 'pullback_pct': 8.65}, {'high_date': '2025-09-12', 'high': 361.85, 'low_date': '2025-09-30', 'low': 342.9, 'pullback_pct': 5.24}, {'high_date': '2025-10-07', 'high': 357.9, 'low_date': '2025-10-14', 'low': 338.55, 'pullback_pct': 5.41}, {'high_date': '2025-10-28', 'high': 385.9, 'low_date': '2025-10-31', 'low': 363.6, 'pullback_pct': 5.78}]",385.9,True,48.0,409.45,394.01,3.77,455.77,11.31,3.0,no valid VCP base
ASIANPAINT,None,None,18,2,8,True,,31.8,6.3,108.64,LEADING,False,40,"[{'high_date': '2025-02-04', 'high': 2329.19, 'low_date': '2025-03-04', 'low': 2109.32, 'pullback_pct': 9.44}, {'high_date': '2025-04-17', 'high': 2441.53, 'low_date': '2025-06-11', 'low': 2205.36, 'pullback_pct': 9.67}, {'high_date': '2025-07-09', 'high': 2495.01, 'low_date': '2025-07-25', 'low': 2332.56, 'pullback_pct': 6.51}, {'high_date': '2025-08-18', 'high': 2583.37, 'low_date': '2025-10-14', 'low': 2314.49, 'pullback_pct': 10.41}, {'high_date': '2025-12-05', 'high': 2968.5, 'low_date': '2025-12-12', 'low': 2764.8, 'pullback_pct': 6.86}]",2968.5,False,10.0,2780.2,2731.02,1.77,2927.74,5.31,3.0,no valid VCP base
ANURAS,None,None,18,2,8,True,,110.8,0.0,111.54,LEADING,False,40,"[{'high_date': '2025-02-14', 'high': 673.66, 'low_date': '2025-02-27', 'low': 627.84, 'pullback_pct': 6.8}, {'high_date': '2025-03-11', 'high': 789.73, 'low_date': '2025-04-11', 'low': 702.04, 'pullback_pct': 11.1}, {'high_date': '2025-07-15', 'high': 1163.44, 'low_date': '2025-10-01', 'low': 1065.3, 'pullback_pct': 8.44}, {'high_date': '2025-10-15', 'high': 1131.8, 'low_date': '2025-10-17', 'low': 1064.7, 'pullback_pct': 5.93}, {'high_date': '2025-11-21', 'high': 1246.8, 'low_date': '2025-11-24', 'low': 1190.7, 'pullback_pct': 4.5}]",1246.8,True,24.0,1323.2,1261.69,4.65,1507.73,13.95,3.0,no valid VCP base
PERSISTENT,None,None,18,2,8,True,,43.4,5.1,109.14,LEADING,False,40,"[{'high_date': '2025-01-24', 'high': 6300.0, 'low_date': '2025-01-28', 'low': 5853.94, 'pullback_pct': 7.08}, {'high_date': '2025-01-29', 'high': 6216.11, 'low_date': '2025-02-01', 'low': 5896.44, 'pullback_pct': 5.14}, {'high_date': '2025-02-07', 'high': 6214.99, 'low_date': '2025-02-17', 'low': 5496.71, 'pullback_pct': 11.56}, {'high_date': '2025-02-20', 'high': 5880.89, 'low_date': '2025-03-04', 'low': 5120.78, 'pullback_pct': 12.93}, {'high_date': '2025-03-05', 'high': 5357.39, 'low_date': '2025-03-13', 'low': 5093.7, 'pullback_pct': 4.92}, {'high_date': '2025-03-27', 'high': 5606.17, 'low_date': '2025-04-09', 'low': 4375.22, 'pullback_pct': 21.96}, {'high_date': '2025-05-12', 'high': 5839.75, 'low_date': '2025-06-03', 'low': 5450.7, 'pullback_pct': 6.66}, {'high_date': '2025-06-25', 'high': 6070.3, 'low_date': '2025-07-17', 'low': 5474.86, 'pullback_pct': 9.81}, {'high_date': '2025-07-21', 'high': 5758.34, 'low_date': '2025-08-06', 'low': 5028.96, 'pullback_pct': 12.67}, {'high_date': '2025-08-25', 'high': 5430.52, 'low_date': '2025-09-08', 'low': 4993.09, 'pullback_pct': 8.06}, {'high_date': '2025-09-18', 'high': 5547.6, 'low_date': '2025-09-30', 'low': 4805.26, 'pullback_pct': 13.38}, {'high_date': '2025-12-05', 'high': 6497.19, 'low_date': '2025-12-10', 'low': 6011.93, 'pullback_pct': 7.47}]",6497.19,False,10.0,6274.99,6051.49,3.56,6945.5,10.69,3.0,no valid VCP base
MOTHERSON,None,None,18,2,8,True,,60.1,0.8,107.07,LEADING,False,40,"[{'high_date': '2025-02-07', 'high': 91.2, 'low_date': '2025-02-17', 'low': 82.43, 'pullback_pct': 9.62}, {'high_date': '2025-02-20', 'high': 87.07, 'low_date': '2025-03-04', 'low': 78.12, 'pullback_pct': 10.27}, {'high_date': '2025-03-06', 'high': 84.46, 'low_date': '2025-03-17', 'low': 79.92, 'pullback_pct': 5.38}, {'high_date': '2025-03-26', 'high': 89.13, 'low_date': '2025-04-09', 'low': 74.93, 'pullback_pct': 15.93}, {'high_date': '2025-06-09', 'high': 106.75, 'low_date': '2025-06-19', 'low': 97.96, 'pullback_pct': 8.24}, {'high_date': '2025-07-15', 'high': 103.68, 'low_date': '2025-07-22', 'low': 96.94, 'pullback_pct': 6.51}, {'high_date': '2025-07-24', 'high': 102.73, 'low_date': '2025-08-12', 'low': 89.99, 'pullback_pct': 12.4}, {'high_date': '2025-08-19', 'high': 99.09, 'low_date': '2025-08-28', 'low': 91.83, 'pullback_pct': 7.33}, {'high_date': '2025-09-23', 'high': 111.73, 'low_date': '2025-10-08', 'low': 101.33, 'pullback_pct': 9.31}, {'high_date': '2025-10-29', 'high': 107.4, 'low_date': '2025-11-10', 'low': 102.23, 'pullback_pct': 4.81}]",107.4,True,47.0,119.94,115.78,3.47,132.43,10.41,3.0,no valid VCP base
GMRAIRPORT,None,None,16,2,8,True,,51.4,3.2,108.61,LEADING,False,30,"[{'high_date': '2025-02-05', 'high': 75.45, 'low_date': '2025-02-27', 'low': 69.29, 'pullback_pct': 8.16}, {'high_date': '2025-04-29', 'high': 89.4, 'low_date': '2025-05-09', 'low': 84.2, 'pullback_pct': 5.82}, {'high_date': '2025-05-16', 'high': 91.07, 'low_date': '2025-06-19', 'low': 80.55, 'pullback_pct': 11.55}, {'high_date': '2025-07-17', 'high': 94.68, 'low_date': '2025-09-05', 'low': 85.95, 'pullback_pct': 9.22}, {'high_date': '2025-09-16', 'high': 92.84, 'low_date': '2025-09-29', 'low': 86.9, 'pullback_pct': 6.4}, {'high_date': '2025-11-28', 'high': 108.35, 'low_date': '2025-12-11', 'low': 98.16, 'pullback_pct': 9.4}]",108.35,False,17.0,104.88,99.92,4.73,119.76,14.19,3.0,no valid VCP base
AUBANK,None,None,16,2,8,True,,99.3,1.5,112.3,LEADING,False,30,"[{'high_date': '2025-02-03', 'high': 608.15, 'low_date': '2025-02-18', 'low': 501.78, 'pullback_pct': 17.49}, {'high_date': '2025-02-28', 'high': 565.0, 'low_date': '2025-03-17', 'low': 491.19, 'pullback_pct': 13.06}, {'high_date': '2025-03-26', 'high': 573.04, 'low_date': '2025-04-01', 'low': 529.25, 'pullback_pct': 7.64}, {'high_date': '2025-04-29', 'high': 705.18, 'low_date': '2025-05-06', 'low': 670.92, 'pullback_pct': 4.86}, {'high_date': '2025-07-01', 'high': 837.32, 'low_date': '2025-08-12', 'low': 724.8, 'pullback_pct': 13.44}, {'high_date': '2025-08-18', 'high': 761.55, 'low_date': '2025-09-05', 'low': 694.3, 'pullback_pct': 8.83}]",761.55,True,119.0,979.05,950.33,2.93,1065.21,8.8,3.0,no valid VCP base
HINDZINC,None,None,16,2,8,True,,49.5,0.0,105.81,LEADING,False,30,"[{'high_date': '2025-02-05', 'high': 450.11, 'low_date': '2025-02-18', 'low': 393.88, 'pullback_pct': 12.49}, {'high_date': '2025-02-21', 'high': 410.83, 'low_date': '2025-03-03', 'low': 373.08, 'pullback_pct': 9.19}, {'high_date': '2025-03-28', 'high': 444.77, 'low_date': '2025-04-09', 'low': 385.74, 'pullback_pct': 13.27}, {'high_date': '2025-04-24', 'high': 442.31, 'low_date': '2025-05-09', 'low': 393.2, 'pullback_pct': 11.1}, {'high_date': '2025-06-10', 'high': 514.24, 'low_date': '2025-07-10', 'low': 415.21, 'pullback_pct': 19.26}, {'high_date': '2025-07-23', 'high': 438.83, 'low_date': '2025-08-01', 'low': 407.95, 'pullback_pct': 7.04}, {'high_date': '2025-10-15', 'high': 503.99, 'low_date': '2025-11-06', 'low': 458.82, 'pullback_pct': 8.96}, {'high_date': '2025-11-13', 'high': 486.31, 'low_date': '2025-11-24', 'low': 445.85, 'pullback_pct': 8.32}]",486.31,True,32.0,557.86,533.6,4.35,630.63,13.05,3.0,no valid VCP base
HINDCOPPER,None,None,15,2,8,True,,103.1,0.6,106.07,LEADING,False,25,"[{'high_date': '2025-02-05', 'high': 242.99, 'low_date': '2025-02-18', 'low': 211.97, 'pullback_pct': 12.77}, {'high_date': '2025-02-20', 'high': 222.96, 'low_date': '2025-02-28', 'low': 200.96, 'pullback_pct': 9.87}, {'high_date': '2025-03-24', 'high': 235.89, 'low_date': '2025-04-07', 'low': 186.74, 'pullback_pct': 20.84}, {'high_date': '2025-04-23', 'high': 223.81, 'low_date': '2025-05-08', 'low': 203.21, 'pullback_pct': 9.2}, {'high_date': '2025-06-10', 'high': 261.87, 'low_date': '2025-06-19', 'low': 243.37, 'pullback_pct': 7.06}, {'high_date': '2025-07-02', 'high': 281.84, 'low_date': '2025-07-15', 'low': 260.29, 'pullback_pct': 7.65}, {'high_date': '2025-07-23', 'high': 274.19, 'low_date': '2025-07-28', 'low': 246.63, 'pullback_pct': 10.05}, {'high_date': '2025-07-29', 'high': 256.66, 'low_date': '2025-08-01', 'low': 235.37, 'pullback_pct': 8.3}, {'high_date': '2025-08-05', 'high': 245.48, 'low_date': '2025-08-29', 'low': 228.35, 'pullback_pct': 6.98}, {'high_date': '2025-09-25', 'high': 327.7, 'low_date': '2025-09-26', 'low': 311.47, 'pullback_pct': 4.95}, {'high_date': '2025-10-09', 'high': 363.57, 'low_date': '2025-10-14', 'low': 329.62, 'pullback_pct': 9.34}, {'high_date': '2025-10-21', 'high': 345.75, 'low_date': '2025-10-23', 'low': 330.12, 'pullback_pct': 4.52}, {'high_date': '2025-10-29', 'high': 350.94, 'low_date': '2025-11-06', 'low': 321.78, 'pullback_pct': 8.31}, {'high_date': '2025-11-11', 'high': 359.12, 'low_date': '2025-11-24', 'low': 312.8, 'pullback_pct': 12.9}]",359.12,True,34.0,379.34,356.67,5.98,447.36,17.93,3.0,no valid VCP base
PAYTM,None,None,12,2,7,False,T8_rs_rank,96.9,4.2,102.7,WEAKENING,False,60,"[{'high_date': '2025-01-29', 'high': 808.65, 'low_date': '2025-02-01', 'low': 743.1, 'pullback_pct': 8.11}, {'high_date': '2025-02-07', 'high': 809.8, 'low_date': '2025-02-18', 'low': 718.05, 'pullback_pct': 11.33}, {'high_date': '2025-02-21', 'high': 766.15, 'low_date': '2025-03-10', 'low': 665.25, 'pullback_pct': 13.17}, {'high_date': '2025-03-11', 'high': 713.35, 'low_date': '2025-03-13', 'low': 682.85, 'pullback_pct': 4.28}, {'high_date': '2025-04-03', 'high': 836.4, 'low_date': '2025-04-07', 'low': 790.55, 'pullback_pct': 5.48}, {'high_date': '2025-04-24', 'high': 905.75, 'low_date': '2025-05-02', 'low': 831.35, 'pullback_pct': 8.21}, {'high_date': '2025-05-05', 'high': 866.0, 'low_date': '2025-05-06', 'low': 814.85, 'pullback_pct': 5.91}, {'high_date': '2025-05-07', 'high': 873.5, 'low_date': '2025-05-09', 'low': 832.65, 'pullback_pct': 4.68}, {'high_date': '2025-05-19', 'high': 870.95, 'low_date': '2025-05-22', 'low': 828.45, 'pullback_pct': 4.88}, {'high_date': '2025-06-09', 'high': 969.05, 'low_date': '2025-06-17', 'low': 865.15, 'pullback_pct': 10.72}, {'high_date': '2025-07-24', 'high': 1106.25, 'low_date': '2025-08-05', 'low': 1053.0, 'pullback_pct': 4.81}, {'high_date': '2025-08-25', 'high': 1276.1, 'low_date': '2025-08-29', 'low': 1207.0, 'pullback_pct': 5.41}, {'high_date': '2025-09-03', 'high': 1288.3, 'low_date': '2025-09-29', 'low': 1119.0, 'pullback_pct': 13.14}, {'high_date': '2025-11-07', 'high': 1346.5, 'low_date': '2025-11-25', 'low': 1241.4, 'pullback_pct': 7.81}, {'high_date': '2025-12-01', 'high': 1367.8, 'low_date': '2025-12-10', 'low': 1268.3, 'pullback_pct': 7.27}]",1367.8,False,14.0,1310.1,1258.38,3.95,1465.27,11.84,3.0,no valid VCP base
GVT&D,None,None,12,2,7,False,T8_rs_rank,133.5,4.8,96.56,LAGGING,False,60,"[{'high_date': '2025-01-31', 'high': 1784.23, 'low_date': '2025-02-03', 'low': 1642.69, 'pullback_pct': 7.93}, {'high_date': '2025-02-06', 'high': 1716.8, 'low_date': '2025-02-19', 'low': 1371.54, 'pullback_pct': 20.11}, {'high_date': '2025-02-24', 'high': 1441.61, 'low_date': '2025-03-03', 'low': 1309.45, 'pullback_pct': 9.17}, {'high_date': '2025-03-21', 'high': 1619.08, 'low_date': '2025-03-26', 'low': 1537.23, 'pullback_pct': 5.06}, {'high_date': '2025-03-27', 'high': 1603.91, 'low_date': '2025-04-07', 'low': 1293.18, 'pullback_pct': 19.37}, {'high_date': '2025-06-05', 'high': 2417.57, 'low_date': '2025-06-16', 'low': 2294.6, 'pullback_pct': 5.09}, {'high_date': '2025-06-24', 'high': 2435.04, 'low_date': '2025-07-14', 'low': 2282.02, 'pullback_pct': 6.28}, {'high_date': '2025-07-24', 'high': 2516.39, 'low_date': '2025-07-28', 'low': 2394.21, 'pullback_pct': 4.86}, {'high_date': '2025-08-13', 'high': 2911.57, 'low_date': '2025-08-28', 'low': 2683.8, 'pullback_pct': 7.82}, {'high_date': '2025-09-19', 'high': 3068.7, 'low_date': '2025-09-26', 'low': 2906.7, 'pullback_pct': 5.28}, {'high_date': '2025-10-03', 'high': 3170.1, 'low_date': '2025-10-23', 'low': 2817.6, 'pullback_pct': 11.12}, {'high_date': '2025-11-03', 'high': 3171.2, 'low_date': '2025-11-06', 'low': 3000.5, 'pullback_pct': 5.38}, {'high_date': '2025-11-12', 'high': 3127.6, 'low_date': '2025-11-25', 'low': 2855.5, 'pullback_pct': 8.7}, {'high_date': '2025-11-26', 'high': 2984.0, 'low_date': '2025-12-08', 'low': 2757.0, 'pullback_pct': 7.61}]",2984.0,True,19.0,3019.5,2830.17,6.27,3587.5,18.81,3.0,no valid VCP base
TVSMOTOR,None,None,12,2,7,False,T8_rs_rank,67.9,0.9,101.09,WEAKENING,False,60,"[{'high_date': '2025-02-03', 'high': 2633.59, 'low_date': '2025-02-28', 'low': 2208.59, 'pullback_pct': 16.14}, {'high_date': '2025-04-02', 'high': 2487.41, 'low_date': '2025-04-07', 'low': 2359.9, 'pullback_pct': 5.13}, {'high_date': '2025-04-23', 'high': 2796.92, 'low_date': '2025-04-30', 'low': 2662.69, 'pullback_pct': 4.8}, {'high_date': '2025-05-07', 'high': 2782.57, 'low_date': '2025-05-09', 'low': 2654.42, 'pullback_pct': 4.61}, {'high_date': '2025-05-16', 'high': 2831.6, 'low_date': '2025-06-05', 'low': 2708.13, 'pullback_pct': 4.36}, {'high_date': '2025-06-27', 'high': 2929.06, 'low_date': '2025-07-11', 'low': 2744.91, 'pullback_pct': 6.29}, {'high_date': '2025-07-16', 'high': 2887.21, 'low_date': '2025-07-25', 'low': 2764.74, 'pullback_pct': 4.24}, {'high_date': '2025-09-08', 'high': 3578.79, 'low_date': '2025-09-25', 'low': 3396.53, 'pullback_pct': 5.09}, {'high_date': '2025-10-21', 'high': 3645.56, 'low_date': '2025-11-14', 'low': 3374.7, 'pullback_pct': 7.43}]",3645.56,False,55.0,3626.62,3522.78,2.86,3938.16,8.59,3.0,no valid VCP base
BAYERCROP,None,None,10,4,1,False,"T1_above_ma150_200,T3_ma200_uptrend,T4_ma50_above_med,T5_above_ma50,T6_25pct_above_low,T7_within_25pct_high,T8_rs_rank",3.1,30.5,93.1,IMPROVING,False,50,"[{'high_date': '2025-02-01', 'high': 5008.01, 'low_date': '2025-02-13', 'low': 4257.19, 'pullback_pct': 14.99}, {'high_date': '2025-02-27', 'high': 4799.88, 'low_date': '2025-03-03', 'low': 4583.57, 'pullback_pct': 4.51}, {'high_date': '2025-03-20', 'high': 4843.54, 'low_date': '2025-03-27', 'low': 4587.76, 'pullback_pct': 5.28}, {'high_date': '2025-04-03', 'high': 4806.12, 'low_date': '2025-04-07', 'low': 4580.01, 'pullback_pct': 4.7}, {'high_date': '2025-04-17', 'high': 4869.55, 'low_date': '2025-05-08', 'low': 4496.46, 'pullback_pct': 7.66}, {'high_date': '2025-05-28', 'high': 5569.17, 'low_date': '2025-06-12', 'low': 5249.08, 'pullback_pct': 5.75}, {'high_date': '2025-07-08', 'high': 6316.53, 'low_date': '2025-09-08', 'low': 4956.35, 'pullback_pct': 21.53}, {'high_date': '2025-09-19', 'high': 5240.58, 'low_date': '2025-09-30', 'low': 4714.76, 'pullback_pct': 10.03}, {'high_date': '2025-10-16', 'high': 5011.43, 'low_date': '2025-11-11', 'low': 4410.24, 'pullback_pct': 12.0}, {'high_date': '2025-11-28', 'high': 4658.4, 'low_date': '2025-12-15', 'low': 4388.7, 'pullback_pct': 5.79}]",4658.4,False,17.0,4388.7,4285.73,2.35,4697.62,7.04,3.0,no valid VCP base
BLUEJET,None,None,10,4,0,False,"T1_above_ma150_200,T2_ma150_above_200,T3_ma200_uptrend,T4_ma50_above_med,T5_above_ma50,T6_25pct_above_low,T7_within_25pct_high,T8_rs_rank",10.1,45.6,87.5,IMPROVING,False,50,"[{'high_date': '2025-02-06', 'high': 829.69, 'low_date': '2025-02-14', 'low': 721.93, 'pullback_pct': 12.99}, {'high_date': '2025-02-19', 'high': 786.87, 'low_date': '2025-02-21', 'low': 748.23, 'pullback_pct': 4.91}, {'high_date': '2025-02-25', 'high': 796.25, 'low_date': '2025-02-28', 'low': 752.68, 'pullback_pct': 5.47}, {'high_date': '2025-03-20', 'high': 924.12, 'low_date': '2025-04-07', 'low': 654.55, 'pullback_pct': 29.17}, {'high_date': '2025-04-08', 'high': 693.33, 'low_date': '2025-04-09', 'low': 624.95, 'pullback_pct': 9.86}, {'high_date': '2025-04-24', 'high': 763.11, 'low_date': '2025-04-29', 'low': 684.2, 'pullback_pct': 10.34}, {'high_date': '2025-05-15', 'high': 837.23, 'low_date': '2025-05-21', 'low': 788.01, 'pullback_pct': 5.88}, {'high_date': '2025-06-05', 'high': 922.03, 'low_date': '2025-06-09', 'low': 876.86, 'pullback_pct': 4.9}, {'high_date': '2025-06-12', 'high': 962.51, 'low_date': '2025-07-02', 'low': 836.18, 'pullback_pct': 13.12}, {'high_date': '2025-07-18', 'high': 1008.43, 'low_date': '2025-08-06', 'low': 759.31, 'pullback_pct': 24.7}, {'high_date': '2025-08-08', 'high': 803.69, 'low_date': '2025-09-01', 'low': 650.61, 'pullback_pct': 19.05}, {'high_date': '2025-09-05', 'high': 742.44, 'low_date': '2025-09-11', 'low': 681.65, 'pullback_pct': 8.19}, {'high_date': '2025-09-12', 'high': 715.69, 'low_date': '2025-09-30', 'low': 630.15, 'pullback_pct': 11.95}, {'high_date': '2025-10-06', 'high': 682.35, 'low_date': '2025-10-27', 'low': 635.3, 'pullback_pct': 6.9}, {'high_date': '2025-11-03', 'high': 674.05, 'low_date': '2025-11-06', 'low': 561.65, 'pullback_pct': 16.68}, {'high_date': '2025-11-07', 'high': 598.15, 'low_date': '2025-11-24', 'low': 543.95, 'pullback_pct': 9.06}, {'high_date': '2025-11-28', 'high': 578.45, 'low_date': '2025-12-10', 'low': 538.0, 'pullback_pct': 6.99}]",578.45,False,17.0,548.15,532.17,2.91,596.08,8.74,3.0,no valid VCP base
BALKRISIND,None,None,10,4,2,False,"T1_above_ma150_200,T2_ma150_above_200,T3_ma200_uptrend,T4_ma50_above_med,T6_25pct_above_low,T8_rs_rank",7.8,17.7,99.7,IMPROVING,False,50,"[{'high_date': '2025-02-05', 'high': 2806.83, 'low_date': '2025-03-05', 'low': 2481.23, 'pullback_pct': 11.6}, {'high_date': '2025-03-19', 'high': 2602.95, 'low_date': '2025-04-07', 'low': 2258.66, 'pullback_pct': 13.23}, {'high_date': '2025-05-07', 'high': 2754.97, 'low_date': '2025-06-24', 'low': 2378.49, 'pullback_pct': 13.67}, {'high_date': '2025-07-21', 'high': 2760.45, 'low_date': '2025-08-29', 'low': 2281.52, 'pullback_pct': 17.35}, {'high_date': '2025-09-22', 'high': 2527.27, 'low_date': '2025-10-15', 'low': 2204.29, 'pullback_pct': 12.78}, {'high_date': '2025-11-12', 'high': 2364.69, 'low_date': '2025-11-24', 'low': 2261.07, 'pullback_pct': 4.38}, {'high_date': '2025-12-02', 'high': 2441.36, 'low_date': '2025-12-10', 'low': 2310.78, 'pullback_pct': 5.35}]",2441.36,False,13.0,2376.47,2292.66,3.53,2627.9,10.58,3.0,no valid VCP base
BANKBARODA,None,None,10,2,7,False,T8_rs_rank,50.5,4.0,104.73,LEADING,False,50,"[{'high_date': '2025-02-05', 'high': 212.69, 'low_date': '2025-02-14', 'low': 198.33, 'pullback_pct': 6.75}, {'high_date': '2025-02-20', 'high': 206.45, 'low_date': '2025-03-03', 'low': 189.38, 'pullback_pct': 8.27}, {'high_date': '2025-04-29', 'high': 244.78, 'low_date': '2025-05-08', 'low': 210.03, 'pullback_pct': 14.2}, {'high_date': '2025-06-09', 'high': 248.02, 'low_date': '2025-06-19', 'low': 231.66, 'pullback_pct': 6.6}, {'high_date': '2025-06-30', 'high': 248.78, 'low_date': '2025-07-11', 'low': 237.44, 'pullback_pct': 4.56}, {'high_date': '2025-07-16', 'high': 249.08, 'low_date': '2025-08-01', 'low': 235.13, 'pullback_pct': 5.6}, {'high_date': '2025-08-19', 'high': 247.05, 'low_date': '2025-08-29', 'low': 232.83, 'pullback_pct': 5.76}, {'high_date': '2025-12-02', 'high': 296.9, 'low_date': '2025-12-12', 'low': 284.45, 'pullback_pct': 4.19}]",296.9,False,13.0,285.1,274.98,3.55,315.48,10.65,3.0,no valid VCP base
BPCL,None,None,10,2,7,False,T8_rs_rank,60.3,2.3,104.57,LEADING,False,50,"[{'high_date': '2025-02-07', 'high': 248.07, 'low_date': '2025-02-28', 'low': 222.73, 'pullback_pct': 10.22}, {'high_date': '2025-04-02', 'high': 269.19, 'low_date': '2025-04-07', 'low': 256.9, 'pullback_pct': 4.57}, {'high_date': '2025-05-05', 'high': 301.34, 'low_date': '2025-05-09', 'low': 288.01, 'pullback_pct': 4.42}, {'high_date': '2025-05-26', 'high': 303.12, 'low_date': '2025-06-03', 'low': 290.73, 'pullback_pct': 4.09}, {'high_date': '2025-06-11', 'high': 313.35, 'low_date': '2025-06-13', 'low': 293.13, 'pullback_pct': 6.46}, {'high_date': '2025-07-08', 'high': 333.77, 'low_date': '2025-08-07', 'low': 295.68, 'pullback_pct': 11.41}, {'high_date': '2025-08-12', 'high': 308.4, 'low_date': '2025-08-29', 'low': 293.63, 'pullback_pct': 4.79}, {'high_date': '2025-10-08', 'high': 328.79, 'low_date': '2025-10-24', 'low': 314.83, 'pullback_pct': 4.25}, {'high_date': '2025-11-12', 'high': 365.15, 'low_date': '2025-12-11', 'low': 341.66, 'pullback_pct': 6.43}]",365.15,False,33.0,356.93,344.67,3.43,393.71,10.3,3.0,no valid VCP base
BHARTIARTL,None,None,10,2,7,False,T8_rs_rank,32.9,4.3,103.33,LEADING,False,50,"[{'high_date': '2025-02-27', 'high': 1636.72, 'low_date': '2025-02-28', 'low': 1557.18, 'pullback_pct': 4.86}, {'high_date': '2025-05-06', 'high': 1885.24, 'low_date': '2025-05-20', 'low': 1793.9, 'pullback_pct': 4.84}, {'high_date': '2025-07-07', 'high': 2017.04, 'low_date': '2025-08-12', 'low': 1850.3, 'pullback_pct': 8.27}, {'high_date': '2025-09-19', 'high': 1962.4, 'low_date': '2025-10-01', 'low': 1867.6, 'pullback_pct': 4.83}, {'high_date': '2025-11-04', 'high': 2113.3, 'low_date': '2025-11-07', 'low': 2001.2, 'pullback_pct': 5.3}, {'high_date': '2025-11-21', 'high': 2162.7, 'low_date': '2025-12-11', 'low': 2053.2, 'pullback_pct': 5.06}]",2162.7,False,24.0,2069.7,2020.6,2.37,2217.01,7.12,3.0,no valid VCP base
BIOCON,None,None,10,2,7,False,T8_rs_rank,29.3,7.3,104.5,LEADING,False,50,"[{'high_date': '2025-02-06', 'high': 396.42, 'low_date': '2025-02-28', 'low': 302.05, 'pullback_pct': 23.81}, {'high_date': '2025-03-24', 'high': 348.83, 'low_date': '2025-04-07', 'low': 307.09, 'pullback_pct': 11.97}, {'high_date': '2025-04-08', 'high': 321.87, 'low_date': '2025-04-09', 'low': 305.89, 'pullback_pct': 4.96}, {'high_date': '2025-04-23', 'high': 335.25, 'low_date': '2025-04-25', 'low': 311.43, 'pullback_pct': 7.1}, {'high_date': '2025-05-07', 'high': 346.04, 'low_date': '2025-05-12', 'low': 327.71, 'pullback_pct': 5.3}, {'high_date': '2025-06-16', 'high': 356.77, 'low_date': '2025-06-18', 'low': 341.54, 'pullback_pct': 4.27}, {'high_date': '2025-07-18', 'high': 398.75, 'low_date': '2025-08-11', 'low': 342.1, 'pullback_pct': 14.21}, {'high_date': '2025-08-18', 'high': 364.3, 'low_date': '2025-08-29', 'low': 348.35, 'pullback_pct': 4.38}, {'high_date': '2025-09-19', 'high': 369.2, 'low_date': '2025-09-26', 'low': 338.9, 'pullback_pct': 8.21}, {'high_date': '2025-11-18', 'high': 421.6, 'low_date': '2025-11-25', 'low': 393.25, 'pullback_pct': 6.72}, {'high_date': '2025-12-03', 'high': 410.0, 'low_date': '2025-12-10', 'low': 379.15, 'pullback_pct': 7.52}]",410.0,False,12.0,390.65,377.2,3.44,431.0,10.33,3.0,no valid VCP base
BSOFT,None,None,10,2,4,False,"T2_ma150_above_200,T3_ma200_uptrend,T4_ma50_above_med,T7_within_25pct_high",29.1,28.0,108.59,LEADING,False,50,"[{'high_date': '2025-03-06', 'high': 432.24, 'low_date': '2025-03-13', 'low': 379.77, 'pullback_pct': 12.14}, {'high_date': '2025-03-24', 'high': 404.48, 'low_date': '2025-04-07', 'low': 341.72, 'pullback_pct': 15.52}, {'high_date': '2025-05-16', 'high': 423.04, 'low_date': '2025-06-03', 'low': 391.24, 'pullback_pct': 7.52}, {'high_date': '2025-06-25', 'high': 436.77, 'low_date': '2025-07-28', 'low': 382.82, 'pullback_pct': 12.35}, {'high_date': '2025-07-30', 'high': 412.13, 'low_date': '2025-08-29', 'low': 365.78, 'pullback_pct': 11.25}, {'high_date': '2025-09-18', 'high': 385.8, 'low_date': '2025-10-20', 'low': 336.81, 'pullback_pct': 12.7}, {'high_date': '2025-10-27', 'high': 384.26, 'low_date': '2025-11-04', 'low': 368.06, 'pullback_pct': 4.22}]",384.26,True,49.0,434.75,415.14,4.51,493.59,13.53,3.0,no valid VCP base
CESC,None,None,10,2,6,False,"T5_above_ma50,T8_rs_rank",44.6,6.1,100.31,LEADING,False,50,"[{'high_date': '2025-01-31', 'high': 138.33, 'low_date': '2025-02-14', 'low': 118.21, 'pullback_pct': 14.55}, {'high_date': '2025-02-20', 'high': 133.37, 'low_date': '2025-02-28', 'low': 126.54, 'pullback_pct': 5.12}, {'high_date': '2025-04-03', 'high': 152.31, 'low_date': '2025-04-07', 'low': 144.6, 'pullback_pct': 5.06}, {'high_date': '2025-04-21', 'high': 156.72, 'low_date': '2025-04-25', 'low': 148.96, 'pullback_pct': 4.95}, {'high_date': '2025-05-05', 'high': 159.61, 'low_date': '2025-05-09', 'low': 152.59, 'pullback_pct': 4.4}, {'high_date': '2025-05-20', 'high': 168.5, 'low_date': '2025-06-03', 'low': 156.21, 'pullback_pct': 7.29}, {'high_date': '2025-06-11', 'high': 166.13, 'low_date': '2025-06-19', 'low': 156.2, 'pullback_pct': 5.98}, {'high_date': '2025-07-15', 'high': 175.94, 'low_date': '2025-08-29', 'low': 147.24, 'pullback_pct': 16.31}, {'high_date': '2025-09-19', 'high': 163.95, 'low_date': '2025-09-29', 'low': 156.44, 'pullback_pct': 4.59}, {'high_date': '2025-11-04', 'high': 182.05, 'low_date': '2025-11-25', 'low': 167.13, 'pullback_pct': 8.2}, {'high_date': '2025-12-04', 'high': 175.87, 'low_date': '2025-12-09', 'low': 165.98, 'pullback_pct': 5.62}]",175.87,False,11.0,170.95,165.3,3.31,187.91,9.92,3.0,no valid VCP base
RAINBOW,None,None,10,3,3,False,"T1_above_ma150_200,T3_ma200_uptrend,T4_ma50_above_med,T6_25pct_above_low,T8_rs_rank",10.1,17.0,97.63,IMPROVING,False,50,"[{'high_date': '2025-01-30', 'high': 1427.16, 'low_date': '2025-02-18', 'low': 1272.27, 'pullback_pct': 10.85}, {'high_date': '2025-02-25', 'high': 1326.56, 'low_date': '2025-02-28', 'low': 1237.14, 'pullback_pct': 6.74}, {'high_date': '2025-03-05', 'high': 1329.85, 'low_date': '2025-03-12', 'low': 1239.68, 'pullback_pct': 6.78}, {'high_date': '2025-04-15', 'high': 1562.09, 'low_date': '2025-05-21', 'low': 1331.25, 'pullback_pct': 14.78}, {'high_date': '2025-07-04', 'high': 1599.4, 'low_date': '2025-07-21', 'low': 1505.7, 'pullback_pct': 5.86}, {'high_date': '2025-07-24', 'high': 1623.9, 'low_date': '2025-08-08', 'low': 1468.5, 'pullback_pct': 9.57}, {'high_date': '2025-08-21', 'high': 1586.6, 'low_date': '2025-10-08', 'low': 1314.4, 'pullback_pct': 17.16}, {'high_date': '2025-11-04', 'high': 1390.5, 'low_date': '2025-11-18', 'low': 1300.4, 'pullback_pct': 6.48}]",1390.5,False,41.0,1362.0,1322.15,2.93,1481.54,8.78,3.0,no valid VCP base
CARBORUNIV,None,None,10,4,0,False,"T1_above_ma150_200,T2_ma150_above_200,T3_ma200_uptrend,T4_ma50_above_med,T5_above_ma50,T6_25pct_above_low,T7_within_25pct_high,T8_rs_rank",6.4,36.9,93.73,LAGGING,False,50,"[{'high_date': '2025-03-21', 'high': 1017.6, 'low_date': '2025-03-27', 'low': 959.36, 'pullback_pct': 5.72}, {'high_date': '2025-04-03', 'high': 1013.82, 'low_date': '2025-04-09', 'low': 936.27, 'pullback_pct': 7.65}, {'high_date': '2025-04-23', 'high': 1071.75, 'low_date': '2025-05-07', 'low': 956.97, 'pullback_pct': 10.71}, {'high_date': '2025-05-20', 'high': 1011.53, 'low_date': '2025-06-19', 'low': 924.87, 'pullback_pct': 8.57}, {'high_date': '2025-07-16', 'high': 995.15, 'low_date': '2025-08-08', 'low': 839.71, 'pullback_pct': 15.62}, {'high_date': '2025-08-20', 'high': 988.38, 'low_date': '2025-08-28', 'low': 901.49, 'pullback_pct': 8.79}, {'high_date': '2025-09-16', 'high': 999.71, 'low_date': '2025-10-20', 'low': 890.96, 'pullback_pct': 10.88}, {'high_date': '2025-10-29', 'high': 930.39, 'low_date': '2025-11-21', 'low': 816.26, 'pullback_pct': 12.27}, {'high_date': '2025-12-03', 'high': 894.01, 'low_date': '2025-12-08', 'low': 847.15, 'pullback_pct': 5.24}]",894.01,False,12.0,868.51,822.49,5.3,1006.56,15.9,3.0,no valid VCP base
RKFORGE,None,None,10,4,0,False,"T1_above_ma150_200,T2_ma150_above_200,T3_ma200_uptrend,T4_ma50_above_med,T5_above_ma50,T6_25pct_above_low,T7_within_25pct_high,T8_rs_rank",0.9,47.4,95.0,IMPROVING,False,50,"[{'high_date': '2025-02-01', 'high': 795.04, 'low_date': '2025-02-14', 'low': 630.23, 'pullback_pct': 20.73}, {'high_date': '2025-02-21', 'high': 705.58, 'low_date': '2025-03-03', 'low': 637.11, 'pullback_pct': 9.7}, {'high_date': '2025-03-07', 'high': 713.61, 'low_date': '2025-03-11', 'low': 682.06, 'pullback_pct': 4.42}, {'high_date': '2025-03-21', 'high': 841.14, 'low_date': '2025-04-07', 'low': 711.47, 'pullback_pct': 15.42}, {'high_date': '2025-04-16', 'high': 765.44, 'low_date': '2025-05-09', 'low': 564.4, 'pullback_pct': 26.26}, {'high_date': '2025-05-15', 'high': 621.86, 'low_date': '2025-06-04', 'low': 588.52, 'pullback_pct': 5.36}, {'high_date': '2025-06-10', 'high': 673.02, 'low_date': '2025-06-20', 'low': 626.14, 'pullback_pct': 6.96}, {'high_date': '2025-06-25', 'high': 680.3, 'low_date': '2025-07-08', 'low': 651.3, 'pullback_pct': 4.26}, {'high_date': '2025-07-10', 'high': 682.15, 'low_date': '2025-08-06', 'low': 559.65, 'pullback_pct': 17.96}, {'high_date': '2025-08-08', 'high': 584.06, 'low_date': '2025-09-29', 'low': 519.01, 'pullback_pct': 11.14}, {'high_date': '2025-10-13', 'high': 557.5, 'low_date': '2025-11-07', 'low': 530.9, 'pullback_pct': 4.77}, {'high_date': '2025-11-17', 'high': 555.61, 'low_date': '2025-11-24', 'low': 520.31, 'pullback_pct': 6.35}, {'high_date': '2025-11-28', 'high': 549.12, 'low_date': '2025-12-12', 'low': 515.32, 'pullback_pct': 6.15}]",549.12,False,17.0,519.71,505.19,2.79,563.28,8.38,3.0,no valid VCP base
CEATLTD,None,None,10,2,6,False,"T5_above_ma50,T8_rs_rank",62.0,11.1,101.16,LEADING,False,50,"[{'high_date': '2025-02-04', 'high': 3030.41, 'low_date': '2025-02-14', 'low': 2574.81, 'pullback_pct': 15.03}, {'high_date': '2025-02-20', 'high': 2709.59, 'low_date': '2025-03-03', 'low': 2359.74, 'pullback_pct': 12.91}, {'high_date': '2025-03-25', 'high': 2884.19, 'low_date': '2025-04-07', 'low': 2637.12, 'pullback_pct': 8.57}, {'high_date': '2025-05-15', 'high': 3880.29, 'low_date': '2025-06-04', 'low': 3586.96, 'pullback_pct': 7.56}, {'high_date': '2025-06-10', 'high': 3815.9, 'low_date': '2025-06-23', 'low': 3468.68, 'pullback_pct': 9.1}, {'high_date': '2025-07-14', 'high': 3871.97, 'low_date': '2025-08-14', 'low': 3091.5, 'pullback_pct': 20.16}, {'high_date': '2025-08-18', 'high': 3232.4, 'low_date': '2025-08-26', 'low': 3039.3, 'pullback_pct': 5.97}, {'high_date': '2025-10-23', 'high': 4302.7, 'low_date': '2025-11-24', 'low': 3813.0, 'pullback_pct': 11.38}, {'high_date': '2025-12-03', 'high': 3982.7, 'low_date': '2025-12-12', 'low': 3730.5, 'pullback_pct': 6.33}]",3982.7,False,12.0,3823.5,3680.23,3.75,4253.31,11.24,3.0,no valid VCP base
CLEAN,None,None,10,4,0,False,"T1_above_ma150_200,T2_ma150_above_200,T3_ma200_uptrend,T4_ma50_above_med,T5_above_ma50,T6_25pct_above_low,T7_within_25pct_high,T8_rs_rank",2.8,41.1,88.37,LAGGING,False,50,"[{'high_date': '2025-02-05', 'high': 1481.21, 'low_date': '2025-03-03', 'low': 1137.63, 'pullback_pct': 23.2}, {'high_date': '2025-03-07', 'high': 1263.59, 'low_date': '2025-03-12', 'low': 1185.1, 'pullback_pct': 6.21}, {'high_date': '2025-03-20', 'high': 1245.6, 'low_date': '2025-03-28', 'low': 1160.5, 'pullback_pct': 6.83}, {'high_date': '2025-04-01', 'high': 1210.75, 'low_date': '2025-04-09', 'low': 1137.98, 'pullback_pct': 6.01}, {'high_date': '2025-04-24', 'high': 1212.44, 'low_date': '2025-05-02', 'low': 1157.27, 'pullback_pct': 4.55}, {'high_date': '2025-05-30', 'high': 1540.11, 'low_date': '2025-06-20', 'low': 1398.54, 'pullback_pct': 9.19}, {'high_date': '2025-06-25', 'high': 1493.88, 'low_date': '2025-08-12', 'low': 1152.89, 'pullback_pct': 22.83}, {'high_date': '2025-08-13', 'high': 1222.68, 'low_date': '2025-08-26', 'low': 1127.84, 'pullback_pct': 7.76}, {'high_date': '2025-09-17', 'high': 1192.75, 'low_date': '2025-11-21', 'low': 914.24, 'pullback_pct': 23.35}, {'high_date': '2025-11-24', 'high': 952.04, 'low_date': '2025-12-10', 'low': 881.32, 'pullback_pct': 7.43}]",952.04,False,21.0,906.36,881.0,2.8,982.43,8.39,3.0,no valid VCP base
BRITANNIA,None,None,10,2,7,False,T8_rs_rank,33.7,4.2,98.29,LAGGING,False,50,"[{'high_date': '2025-02-01', 'high': 5134.07, 'low_date': '2025-03-04', 'low': 4516.02, 'pullback_pct': 12.04}, {'high_date': '2025-04-23', 'high': 5472.58, 'low_date': '2025-05-02', 'low': 5232.43, 'pullback_pct': 4.39}, {'high_date': '2025-07-07', 'high': 5807.89, 'low_date': '2025-07-25', 'low': 5521.64, 'pullback_pct': 4.93}, {'high_date': '2025-08-04', 'high': 5787.0, 'low_date': '2025-08-14', 'low': 5302.5, 'pullback_pct': 8.37}, {'high_date': '2025-09-11', 'high': 6300.5, 'low_date': '2025-10-14', 'low': 5800.5, 'pullback_pct': 7.94}, {'high_date': '2025-10-17', 'high': 6083.0, 'low_date': '2025-11-03', 'low': 5820.5, 'pullback_pct': 4.32}, {'high_date': '2025-11-07', 'high': 6157.5, 'low_date': '2025-11-14', 'low': 5803.5, 'pullback_pct': 5.75}]",6157.5,False,38.0,6038.0,5882.32,2.58,6505.04,7.73,3.0,no valid VCP base
MAPMYINDIA,None,None,10,4,2,False,"T1_above_ma150_200,T3_ma200_uptrend,T4_ma50_above_med,T5_above_ma50,T6_25pct_above_low,T8_rs_rank",4.8,20.9,96.0,IMPROVING,False,50,"[{'high_date': '2025-02-04', 'high': 1751.33, 'low_date': '2025-02-24', 'low': 1645.94, 'pullback_pct': 6.02}, {'high_date': '2025-02-27', 'high': 1720.19, 'low_date': '2025-03-13', 'low': 1582.71, 'pullback_pct': 7.99}, {'high_date': '2025-04-28', 'high': 1844.0, 'low_date': '2025-05-02', 'low': 1764.45, 'pullback_pct': 4.31}, {'high_date': '2025-05-16', 'high': 2096.11, 'low_date': '2025-06-20', 'low': 1731.82, 'pullback_pct': 17.38}, {'high_date': '2025-07-22', 'high': 1849.9, 'low_date': '2025-09-26', 'low': 1622.6, 'pullback_pct': 12.29}, {'high_date': '2025-10-14', 'high': 1949.2, 'low_date': '2025-11-27', 'low': 1659.6, 'pullback_pct': 14.86}, {'high_date': '2025-12-02', 'high': 1734.8, 'low_date': '2025-12-11', 'low': 1623.8, 'pullback_pct': 6.4}]",1734.8,False,13.0,1658.4,1596.02,3.76,1845.55,11.29,3.0,no valid VCP base
RELIANCE,None,None,10,2,8,True,,34.5,0.9,105.27,LEADING,False,0,[],,False,,1556.2,1523.36,2.11,1654.72,6.33,3.0,no valid VCP base
RADICO,None,None,10,2,7,False,T8_rs_rank,70.7,4.3,101.91,WEAKENING,False,50,"[{'high_date': '2025-02-01', 'high': 2376.75, 'low_date': '2025-02-18', 'low': 1888.01, 'pullback_pct': 20.56}, {'high_date': '2025-02-20', 'high': 2192.52, 'low_date': '2025-02-24', 'low': 2032.4, 'pullback_pct': 7.3}, {'high_date': '2025-03-28', 'high': 2425.43, 'low_date': '2025-04-07', 'low': 2244.74, 'pullback_pct': 7.45}, {'high_date': '2025-05-15', 'high': 2586.35, 'low_date': '2025-05-21', 'low': 2435.87, 'pullback_pct': 5.82}, {'high_date': '2025-06-04', 'high': 2719.46, 'low_date': '2025-06-11', 'low': 2551.4, 'pullback_pct': 6.18}, {'high_date': '2025-06-25', 'high': 2686.3, 'low_date': '2025-07-02', 'low': 2515.35, 'pullback_pct': 6.36}, {'high_date': '2025-08-25', 'high': 2912.7, 'low_date': '2025-09-09', 'low': 2757.7, 'pullback_pct': 5.32}, {'high_date': '2025-09-19', 'high': 3052.5, 'low_date': '2025-09-26', 'low': 2882.8, 'pullback_pct': 5.56}, {'high_date': '2025-10-21', 'high': 3302.1, 'low_date': '2025-10-31', 'low': 3131.5, 'pullback_pct': 5.17}, {'high_date': '2025-11-20', 'high': 3368.0, 'low_date': '2025-12-08', 'low': 3148.1, 'pullback_pct': 6.53}]",3368.0,False,25.0,3222.2,3103.67,3.68,3577.8,11.04,3.0,no valid VCP base
RHIM,None,None,10,3,3,False,"T1_above_ma150_200,T4_ma50_above_med,T5_above_ma50,T6_25pct_above_low,T8_rs_rank",17.1,22.1,97.67,IMPROVING,False,50,"[{'high_date': '2025-02-14', 'high': 415.87, 'low_date': '2025-02-18', 'low': 380.6, 'pullback_pct': 8.48}, {'high_date': '2025-02-21', 'high': 405.52, 'low_date': '2025-02-25', 'low': 387.52, 'pullback_pct': 4.44}, {'high_date': '2025-03-06', 'high': 419.25, 'low_date': '2025-03-17', 'low': 384.93, 'pullback_pct': 8.19}, {'high_date': '2025-04-01', 'high': 530.87, 'low_date': '2025-04-09', 'low': 456.21, 'pullback_pct': 14.06}, {'high_date': '2025-04-15', 'high': 486.5, 'low_date': '2025-05-08', 'low': 435.32, 'pullback_pct': 10.52}, {'high_date': '2025-05-19', 'high': 469.69, 'low_date': '2025-06-04', 'low': 437.85, 'pullback_pct': 6.78}, {'high_date': '2025-06-16', 'high': 515.89, 'low_date': '2025-07-01', 'low': 461.13, 'pullback_pct': 10.62}, {'high_date': '2025-07-23', 'high': 521.27, 'low_date': '2025-07-30', 'low': 491.07, 'pullback_pct': 5.79}, {'high_date': '2025-08-05', 'high': 524.05, 'low_date': '2025-10-06', 'low': 440.05, 'pullback_pct': 16.03}, {'high_date': '2025-10-07', 'high': 487.8, 'low_date': '2025-10-13', 'low': 443.05, 'pullback_pct': 9.17}, {'high_date': '2025-11-03', 'high': 480.6, 'low_date': '2025-11-10', 'low': 458.9, 'pullback_pct': 4.52}, {'high_date': '2025-11-13', 'high': 492.05, 'low_date': '2025-11-24', 'low': 452.45, 'pullback_pct': 8.05}, {'high_date': '2025-11-26', 'high': 474.45, 'low_date': '2025-12-10', 'low': 439.45, 'pullback_pct': 7.38}]",474.45,False,19.0,445.55,436.49,2.03,472.72,6.1,3.0,no valid VCP base
RBLBANK,None,None,10,2,6,False,"T5_above_ma50,T8_rs_rank",104.3,7.4,100.66,WEAKENING,False,50,"[{'high_date': '2025-02-05', 'high': 170.23, 'low_date': '2025-02-18', 'low': 150.42, 'pullback_pct': 11.64}, {'high_date': '2025-02-27', 'high': 162.28, 'low_date': '2025-03-04', 'low': 153.96, 'pullback_pct': 5.13}, {'high_date': '2025-03-07', 'high': 163.2, 'low_date': '2025-03-17', 'low': 153.77, 'pullback_pct': 5.78}, {'high_date': '2025-03-26', 'high': 178.28, 'low_date': '2025-04-09', 'low': 168.06, 'pullback_pct': 5.73}, {'high_date': '2025-04-24', 'high': 197.59, 'low_date': '2025-04-25', 'low': 187.41, 'pullback_pct': 5.15}, {'high_date': '2025-04-28', 'high': 206.35, 'low_date': '2025-05-08', 'low': 195.65, 'pullback_pct': 5.19}, {'high_date': '2025-05-29', 'high': 215.02, 'low_date': '2025-06-05', 'low': 206.14, 'pullback_pct': 4.13}, {'high_date': '2025-06-09', 'high': 229.46, 'low_date': '2025-06-16', 'low': 216.35, 'pullback_pct': 5.71}, {'high_date': '2025-07-01', 'high': 259.08, 'low_date': '2025-07-02', 'low': 248.37, 'pullback_pct': 4.13}, {'high_date': '2025-07-16', 'high': 268.16, 'low_date': '2025-07-28', 'low': 252.34, 'pullback_pct': 5.9}, {'high_date': '2025-08-07', 'high': 266.13, 'low_date': '2025-08-28', 'low': 249.94, 'pullback_pct': 6.08}, {'high_date': '2025-11-03', 'high': 328.75, 'low_date': '2025-12-04', 'low': 298.45, 'pullback_pct': 9.22}]",328.75,False,42.0,304.3,302.45,0.61,309.85,1.82,3.0,no valid VCP base
SBILIFE,None,None,10,2,7,False,T8_rs_rank,47.0,0.0,104.36,LEADING,False,50,"[{'high_date': '2025-01-31', 'high': 1478.73, 'low_date': '2025-02-11', 'low': 1414.34, 'pullback_pct': 4.35}, {'high_date': '2025-02-21', 'high': 1490.49, 'low_date': '2025-03-13', 'low': 1383.63, 'pullback_pct': 7.17}, {'high_date': '2025-03-24', 'high': 1567.62, 'low_date': '2025-04-07', 'low': 1458.77, 'pullback_pct': 6.94}, {'high_date': '2025-08-21', 'high': 1874.69, 'low_date': '2025-09-08', 'low': 1778.43, 'pullback_pct': 5.14}, {'high_date': '2025-09-22', 'high': 1855.12, 'low_date': '2025-10-06', 'low': 1768.44, 'pullback_pct': 4.67}]",1855.12,True,84.0,2032.08,1980.31,2.55,2187.37,7.64,3.0,no valid VCP base
RVNL,None,None,10,4,1,False,"T1_above_ma150_200,T3_ma200_uptrend,T4_ma50_above_med,T5_above_ma50,T6_25pct_above_low,T7_within_25pct_high,T8_rs_rank",3.5,33.9,94.84,LAGGING,False,50,"[{'high_date': '2025-01-31', 'high': 472.34, 'low_date': '2025-02-18', 'low': 330.58, 'pullback_pct': 30.01}, {'high_date': '2025-02-20', 'high': 378.38, 'low_date': '2025-03-03', 'low': 320.91, 'pullback_pct': 15.19}, {'high_date': '2025-03-24', 'high': 368.46, 'low_date': '2025-04-07', 'low': 333.16, 'pullback_pct': 9.58}, {'high_date': '2025-04-21', 'high': 371.93, 'low_date': '2025-05-09', 'low': 320.41, 'pullback_pct': 13.85}, {'high_date': '2025-05-19', 'high': 427.91, 'low_date': '2025-05-23', 'low': 395.34, 'pullback_pct': 7.61}, {'high_date': '2025-06-09', 'high': 428.16, 'low_date': '2025-06-19', 'low': 378.77, 'pullback_pct': 11.53}, {'high_date': '2025-06-26', 'high': 396.23, 'low_date': '2025-08-29', 'low': 301.65, 'pullback_pct': 23.87}, {'high_date': '2025-09-19', 'high': 362.31, 'low_date': '2025-09-26', 'low': 336.74, 'pullback_pct': 7.06}, {'high_date': '2025-10-07', 'high': 353.74, 'low_date': '2025-11-13', 'low': 313.32, 'pullback_pct': 11.43}, {'high_date': '2025-11-17', 'high': 325.98, 'low_date': '2025-12-08', 'low': 306.19, 'pullback_pct': 6.07}]",325.98,False,28.0,312.17,302.14,3.21,342.26,9.64,3.0,no valid VCP base
ACC,None,None,10,4,1,False,"T1_above_ma150_200,T2_ma150_above_200,T3_ma200_uptrend,T4_ma50_above_med,T5_above_ma50,T6_25pct_above_low,T8_rs_rank",0.3,20.7,96.53,LAGGING,False,50,"[{'high_date': '2025-01-24', 'high': 2050.67, 'low_date': '2025-02-28', 'low': 1811.24, 'pullback_pct': 11.68}, {'high_date': '2025-04-21', 'high': 2080.0, 'low_date': '2025-05-08', 'low': 1801.73, 'pullback_pct': 13.38}, {'high_date': '2025-05-23', 'high': 1951.52, 'low_date': '2025-06-23', 'low': 1817.2, 'pullback_pct': 6.88}, {'high_date': '2025-07-10', 'high': 2001.5, 'low_date': '2025-08-14', 'low': 1782.7, 'pullback_pct': 10.93}, {'high_date': '2025-11-24', 'high': 1913.7, 'low_date': '2025-12-12', 'low': 1771.7, 'pullback_pct': 7.42}]",1913.7,False,21.0,1777.6,1760.6,0.96,1828.59,2.87,3.0,no valid VCP base
ZENSARTECH,None,None,10,4,2,False,"T1_above_ma150_200,T3_ma200_uptrend,T4_ma50_above_med,T5_above_ma50,T6_25pct_above_low,T8_rs_rank",18.0,23.5,95.16,LAGGING,False,50,"[{'high_date': '2025-02-01', 'high': 951.84, 'low_date': '2025-02-24', 'low': 749.33, 'pullback_pct': 21.28}, {'high_date': '2025-02-25', 'high': 790.83, 'low_date': '2025-03-03', 'low': 691.35, 'pullback_pct': 12.58}, {'high_date': '2025-03-06', 'high': 739.25, 'low_date': '2025-03-17', 'low': 631.84, 'pullback_pct': 14.53}, {'high_date': '2025-03-25', 'high': 703.99, 'low_date': '2025-04-09', 'low': 617.24, 'pullback_pct': 12.32}, {'high_date': '2025-04-29', 'high': 736.69, 'low_date': '2025-05-07', 'low': 688.15, 'pullback_pct': 6.59}, {'high_date': '2025-06-16', 'high': 864.99, 'low_date': '2025-07-14', 'low': 805.83, 'pullback_pct': 6.84}, {'high_date': '2025-07-21', 'high': 842.5, 'low_date': '2025-08-29', 'low': 765.42, 'pullback_pct': 9.15}, {'high_date': '2025-09-19', 'high': 854.76, 'low_date': '2025-09-29', 'low': 746.94, 'pullback_pct': 12.61}, {'high_date': '2025-10-10', 'high': 795.86, 'low_date': '2025-10-14', 'low': 753.16, 'pullback_pct': 5.37}, {'high_date': '2025-10-27', 'high': 805.13, 'low_date': '2025-11-07', 'low': 695.22, 'pullback_pct': 13.65}, {'high_date': '2025-11-12', 'high': 738.86, 'low_date': '2025-11-18', 'low': 701.4, 'pullback_pct': 5.07}, {'high_date': '2025-12-04', 'high': 748.13, 'low_date': '2025-12-10', 'low': 717.19, 'pullback_pct': 4.14}]",748.13,False,11.0,728.6,704.42,3.32,801.13,9.96,3.0,no valid VCP base
SBIN,None,None,10,2,7,False,T8_rs_rank,43.2,1.7,104.89,LEADING,False,50,"[{'high_date': '2025-02-04', 'high': 750.34, 'low_date': '2025-02-28', 'low': 663.29, 'pullback_pct': 11.6}, {'high_date': '2025-03-24', 'high': 751.88, 'low_date': '2025-04-09', 'low': 714.71, 'pullback_pct': 4.94}, {'high_date': '2025-04-22', 'high': 791.94, 'low_date': '2025-05-08', 'low': 740.51, 'pullback_pct': 6.49}, {'high_date': '2025-06-09', 'high': 805.53, 'low_date': '2025-06-19', 'low': 771.2, 'pullback_pct': 4.26}, {'high_date': '2025-07-16', 'high': 816.97, 'low_date': '2025-08-01', 'low': 779.94, 'pullback_pct': 4.53}]",816.97,True,152.0,950.12,927.5,2.38,1017.99,7.14,3.0,no valid VCP base
SUMICHEM,None,None,10,4,1,False,"T1_above_ma150_200,T3_ma200_uptrend,T4_ma50_above_med,T5_above_ma50,T6_25pct_above_low,T7_within_25pct_high,T8_rs_rank",2.4,30.2,89.45,LAGGING,False,50,"[{'high_date': '2025-02-06', 'high': 534.36, 'low_date': '2025-02-14', 'low': 469.99, 'pullback_pct': 12.05}, {'high_date': '2025-02-21', 'high': 494.49, 'low_date': '2025-02-28', 'low': 459.66, 'pullback_pct': 7.04}, {'high_date': '2025-04-03', 'high': 571.74, 'low_date': '2025-04-07', 'low': 537.11, 'pullback_pct': 6.06}, {'high_date': '2025-04-11', 'high': 564.1, 'low_date': '2025-04-29', 'low': 503.77, 'pullback_pct': 10.69}, {'high_date': '2025-05-02', 'high': 524.23, 'low_date': '2025-05-09', 'low': 500.18, 'pullback_pct': 4.59}, {'high_date': '2025-05-20', 'high': 538.06, 'low_date': '2025-06-20', 'low': 490.95, 'pullback_pct': 8.75}, {'high_date': '2025-07-18', 'high': 604.92, 'low_date': '2025-07-28', 'low': 580.3, 'pullback_pct': 4.07}, {'high_date': '2025-07-30', 'high': 652.25, 'low_date': '2025-08-29', 'low': 566.15, 'pullback_pct': 13.2}, {'high_date': '2025-09-03', 'high': 590.55, 'low_date': '2025-09-15', 'low': 552.5, 'pullback_pct': 6.44}, {'high_date': '2025-09-19', 'high': 601.8, 'low_date': '2025-11-24', 'low': 444.9, 'pullback_pct': 26.07}, {'high_date': '2025-12-01', 'high': 473.05, 'low_date': '2025-12-08', 'low': 452.35, 'pullback_pct': 4.38}]",473.05,False,14.0,455.45,438.89,3.64,505.13,10.91,3.0,no valid VCP base
SUNDARMFIN,None,None,10,3,4,False,"T2_ma150_above_200,T4_ma50_above_med,T6_25pct_above_low,T8_rs_rank",18.3,9.9,102.77,LEADING,False,50,"[{'high_date': '2025-01-31', 'high': 4570.69, 'low_date': '2025-02-03', 'low': 4268.45, 'pullback_pct': 6.61}, {'high_date': '2025-02-07', 'high': 4625.0, 'low_date': '2025-02-11', 'low': 4320.81, 'pullback_pct': 6.58}, {'high_date': '2025-02-19', 'high': 4707.86, 'low_date': '2025-03-10', 'low': 4373.34, 'pullback_pct': 7.11}, {'high_date': '2025-03-21', 'high': 4886.94, 'low_date': '2025-04-02', 'low': 4449.99, 'pullback_pct': 8.94}, {'high_date': '2025-04-22', 'high': 5302.74, 'low_date': '2025-05-08', 'low': 4950.34, 'pullback_pct': 6.65}, {'high_date': '2025-05-26', 'high': 5313.26, 'low_date': '2025-05-28', 'low': 4944.88, 'pullback_pct': 6.93}, {'high_date': '2025-06-02', 'high': 5146.45, 'low_date': '2025-06-19', 'low': 4707.56, 'pullback_pct': 8.53}, {'high_date': '2025-07-21', 'high': 5211.28, 'low_date': '2025-08-04', 'low': 4445.79, 'pullback_pct': 14.69}, {'high_date': '2025-08-22', 'high': 5252.56, 'low_date': '2025-09-02', 'low': 4292.35, 'pullback_pct': 18.28}, {'high_date': '2025-09-22', 'high': 4650.77, 'low_date': '2025-09-29', 'low': 4252.77, 'pullback_pct': 8.56}, {'high_date': '2025-11-06', 'high': 4843.79, 'low_date': '2025-11-18', 'low': 4639.11, 'pullback_pct': 4.23}]",4843.79,False,39.0,4786.26,4598.57,3.92,5349.35,11.76,3.0,no valid VCP base
SUNTV,None,None,10,4,2,False,"T1_above_ma150_200,T2_ma150_above_200,T3_ma200_uptrend,T4_ma50_above_med,T6_25pct_above_low,T8_rs_rank",10.8,21.3,97.78,IMPROVING,False,50,"[{'high_date': '2025-02-25', 'high': 587.26, 'low_date': '2025-03-10', 'low': 546.53, 'pullback_pct': 6.93}, {'high_date': '2025-03-27', 'high': 651.18, 'low_date': '2025-04-07', 'low': 617.62, 'pullback_pct': 5.15}, {'high_date': '2025-04-15', 'high': 671.24, 'low_date': '2025-05-08', 'low': 582.83, 'pullback_pct': 13.17}, {'high_date': '2025-05-29', 'high': 627.99, 'low_date': '2025-07-11', 'low': 554.35, 'pullback_pct': 11.73}, {'high_date': '2025-07-23', 'high': 579.45, 'low_date': '2025-08-08', 'low': 537.82, 'pullback_pct': 7.19}, {'high_date': '2025-08-13', 'high': 578.65, 'low_date': '2025-08-29', 'low': 536.5, 'pullback_pct': 7.28}, {'high_date': '2025-09-02', 'high': 560.09, 'low_date': '2025-09-30', 'low': 516.7, 'pullback_pct': 7.75}, {'high_date': '2025-10-01', 'high': 595.13, 'low_date': '2025-11-06', 'low': 541.83, 'pullback_pct': 8.96}, {'high_date': '2025-11-17', 'high': 563.79, 'low_date': '2025-11-21', 'low': 533.31, 'pullback_pct': 5.41}]",563.79,True,28.0,572.66,550.65,3.84,638.7,11.53,3.0,no valid VCP base
SPLPETRO,None,None,10,4,2,False,"T1_above_ma150_200,T4_ma50_above_med,T5_above_ma50,T6_25pct_above_low,T7_within_25pct_high,T8_rs_rank",22.5,25.9,85.71,LAGGING,False,50,"[{'high_date': '2025-02-06', 'high': 673.01, 'low_date': '2025-02-18', 'low': 556.94, 'pullback_pct': 17.25}, {'high_date': '2025-02-21', 'high': 585.05, 'low_date': '2025-02-28', 'low': 529.98, 'pullback_pct': 9.41}, {'high_date': '2025-03-07', 'high': 591.86, 'low_date': '2025-03-11', 'low': 562.62, 'pullback_pct': 4.94}, {'high_date': '2025-03-25', 'high': 653.25, 'low_date': '2025-04-07', 'low': 574.53, 'pullback_pct': 12.05}, {'high_date': '2025-04-17', 'high': 628.36, 'low_date': '2025-04-22', 'low': 599.12, 'pullback_pct': 4.65}, {'high_date': '2025-06-23', 'high': 876.58, 'low_date': '2025-07-31', 'low': 783.59, 'pullback_pct': 10.61}, {'high_date': '2025-08-01', 'high': 827.25, 'low_date': '2025-08-12', 'low': 726.33, 'pullback_pct': 12.2}, {'high_date': '2025-08-19', 'high': 826.65, 'low_date': '2025-08-28', 'low': 748.81, 'pullback_pct': 9.42}, {'high_date': '2025-09-26', 'high': 867.21, 'low_date': '2025-10-14', 'low': 762.41, 'pullback_pct': 12.08}, {'high_date': '2025-10-24', 'high': 805.42, 'low_date': '2025-11-19', 'low': 626.35, 'pullback_pct': 22.23}, {'high_date': '2025-11-24', 'high': 670.6, 'low_date': '2025-12-01', 'low': 622.85, 'pullback_pct': 7.12}]",670.6,False,21.0,649.45,616.95,5.0,746.94,15.01,3.0,no valid VCP base
SWANCORP,None,None,10,2,3,False,"T3_ma200_uptrend,T4_ma50_above_med,T6_25pct_above_low,T7_within_25pct_high,T8_rs_rank",20.6,41.3,98.95,LAGGING,False,50,"[{'high_date': '2025-02-01', 'high': 564.23, 'low_date': '2025-02-18', 'low': 412.07, 'pullback_pct': 26.97}, {'high_date': '2025-02-20', 'high': 443.41, 'low_date': '2025-03-03', 'low': 407.57, 'pullback_pct': 8.08}, {'high_date': '2025-03-06', 'high': 447.31, 'low_date': '2025-03-17', 'low': 394.22, 'pullback_pct': 11.87}, {'high_date': '2025-03-24', 'high': 472.75, 'low_date': '2025-04-07', 'low': 383.07, 'pullback_pct': 18.97}, {'high_date': '2025-04-21', 'high': 449.11, 'low_date': '2025-04-30', 'low': 401.72, 'pullback_pct': 10.55}, {'high_date': '2025-05-05', 'high': 419.11, 'low_date': '2025-05-09', 'low': 391.02, 'pullback_pct': 6.7}, {'high_date': '2025-05-16', 'high': 455.46, 'low_date': '2025-05-22', 'low': 424.41, 'pullback_pct': 6.82}, {'high_date': '2025-05-27', 'high': 442.06, 'low_date': '2025-06-03', 'low': 412.17, 'pullback_pct': 6.76}, {'high_date': '2025-06-10', 'high': 468.35, 'low_date': '2025-06-19', 'low': 416.01, 'pullback_pct': 11.18}, {'high_date': '2025-07-16', 'high': 521.84, 'low_date': '2025-08-08', 'low': 415.07, 'pullback_pct': 20.46}, {'high_date': '2025-08-25', 'high': 481.05, 'low_date': '2025-08-29', 'low': 444.61, 'pullback_pct': 7.58}, {'high_date': '2025-09-22', 'high': 489.1, 'low_date': '2025-10-20', 'low': 426.6, 'pullback_pct': 12.78}, {'high_date': '2025-10-29', 'high': 480.3, 'low_date': '2025-11-06', 'low': 435.65, 'pullback_pct': 9.3}, {'high_date': '2025-11-10', 'high': 473.8, 'low_date': '2025-11-26', 'low': 438.75, 'pullback_pct': 7.4}]",473.8,False,35.0,462.0,440.76,4.6,525.71,13.79,3.0,no valid VCP base
SIGNATURE,None,None,10,3,3,False,"T1_above_ma150_200,T3_ma200_uptrend,T4_ma50_above_med,T6_25pct_above_low,T8_rs_rank",12.2,19.6,102.24,LEADING,False,50,"[{'high_date': '2025-02-10', 'high': 1325.95, 'low_date': '2025-03-06', 'low': 1015.05, 'pullback_pct': 23.45}, {'high_date': '2025-03-21', 'high': 1157.95, 'low_date': '2025-04-07', 'low': 1053.75, 'pullback_pct': 9.0}, {'high_date': '2025-04-23', 'high': 1182.4, 'low_date': '2025-05-08', 'low': 1133.4, 'pullback_pct': 4.14}, {'high_date': '2025-05-20', 'high': 1258.3, 'low_date': '2025-05-26', 'low': 1186.6, 'pullback_pct': 5.7}, {'high_date': '2025-06-11', 'high': 1301.4, 'low_date': '2025-09-01', 'low': 1072.6, 'pullback_pct': 17.58}, {'high_date': '2025-09-18', 'high': 1143.8, 'low_date': '2025-10-08', 'low': 1000.7, 'pullback_pct': 12.51}, {'high_date': '2025-10-24', 'high': 1106.8, 'low_date': '2025-11-10', 'low': 1021.4, 'pullback_pct': 7.72}]",1106.8,True,52.0,1123.0,1090.97,2.85,1219.08,8.56,3.0,no valid VCP base
SONATSOFTW,None,None,10,4,1,False,"T1_above_ma150_200,T3_ma200_uptrend,T4_ma50_above_med,T5_above_ma50,T6_25pct_above_low,T7_within_25pct_high,T8_rs_rank",18.1,48.0,96.03,LAGGING,False,50,"[{'high_date': '2025-02-06', 'high': 539.79, 'low_date': '2025-02-28', 'low': 353.27, 'pullback_pct': 34.55}, {'high_date': '2025-03-06', 'high': 384.2, 'low_date': '2025-03-17', 'low': 339.28, 'pullback_pct': 11.69}, {'high_date': '2025-03-24', 'high': 371.92, 'low_date': '2025-04-07', 'low': 294.66, 'pullback_pct': 20.77}, {'high_date': '2025-04-16', 'high': 327.88, 'low_date': '2025-04-17', 'low': 307.96, 'pullback_pct': 6.07}, {'high_date': '2025-04-24', 'high': 347.89, 'low_date': '2025-04-25', 'low': 330.67, 'pullback_pct': 4.95}, {'high_date': '2025-05-02', 'high': 422.56, 'low_date': '2025-05-09', 'low': 357.87, 'pullback_pct': 15.31}, {'high_date': '2025-06-11', 'high': 419.08, 'low_date': '2025-06-24', 'low': 385.13, 'pullback_pct': 8.1}, {'high_date': '2025-07-08', 'high': 430.53, 'low_date': '2025-08-11', 'low': 327.2, 'pullback_pct': 24.0}, {'high_date': '2025-08-12', 'high': 370.71, 'low_date': '2025-08-19', 'low': 353.15, 'pullback_pct': 4.74}, {'high_date': '2025-08-25', 'high': 378.4, 'low_date': '2025-08-29', 'low': 348.13, 'pullback_pct': 8.0}, {'high_date': '2025-09-18', 'high': 397.4, 'low_date': '2025-09-29', 'low': 340.49, 'pullback_pct': 14.32}, {'high_date': '2025-10-09', 'high': 372.0, 'low_date': '2025-10-20', 'low': 356.82, 'pullback_pct': 4.08}, {'high_date': '2025-11-12', 'high': 389.76, 'low_date': '2025-12-02', 'low': 348.58, 'pullback_pct': 10.56}, {'high_date': '2025-12-04', 'high': 363.97, 'low_date': '2025-12-10', 'low': 346.34, 'pullback_pct': 4.84}]",363.97,False,11.0,347.89,334.85,3.75,386.99,11.24,3.0,no valid VCP base
ZFCVINDIA,None,None,10,2,7,False,T4_ma50_above_med,48.5,1.6,106.17,LEADING,False,50,"[{'high_date': '2025-02-07', 'high': 11850.8, 'low_date': '2025-02-18', 'low': 10022.36, 'pullback_pct': 15.43}, {'high_date': '2025-04-02', 'high': 13229.34, 'low_date': '2025-04-09', 'low': 12057.01, 'pullback_pct': 8.86}, {'high_date': '2025-04-16', 'high': 13468.8, 'low_date': '2025-05-06', 'low': 12046.82, 'pullback_pct': 10.56}, {'high_date': '2025-05-19', 'high': 13652.53, 'low_date': '2025-05-29', 'low': 12677.92, 'pullback_pct': 7.14}, {'high_date': '2025-06-09', 'high': 13882.21, 'low_date': '2025-07-11', 'low': 12934.56, 'pullback_pct': 6.83}, {'high_date': '2025-07-24', 'high': 13567.66, 'low_date': '2025-08-01', 'low': 12920.58, 'pullback_pct': 4.77}, {'high_date': '2025-08-25', 'high': 14771.0, 'low_date': '2025-09-29', 'low': 12476.0, 'pullback_pct': 15.54}, {'high_date': '2025-10-06', 'high': 13579.0, 'low_date': '2025-10-31', 'low': 12424.0, 'pullback_pct': 8.51}, {'high_date': '2025-12-04', 'high': 14865.0, 'low_date': '2025-12-12', 'low': 14122.0, 'pullback_pct': 5.0}]",14865.0,False,11.0,14631.0,13731.64,6.15,17329.07,18.44,3.0,no valid VCP base
ZENTEC,None,None,10,4,2,False,"T1_above_ma150_200,T3_ma200_uptrend,T4_ma50_above_med,T5_above_ma50,T7_within_25pct_high,T8_rs_rank",41.0,46.8,96.68,IMPROVING,False,50,"[{'high_date': '2025-02-01', 'high': 1792.42, 'low_date': '2025-02-18', 'low': 970.63, 'pullback_pct': 45.85}, {'high_date': '2025-02-20', 'high': 1112.88, 'low_date': '2025-03-03', 'low': 1039.49, 'pullback_pct': 6.6}, {'high_date': '2025-03-07', 'high': 1253.68, 'low_date': '2025-03-11', 'low': 1189.02, 'pullback_pct': 5.16}, {'high_date': '2025-03-24', 'high': 1519.96, 'low_date': '2025-04-07', 'low': 1375.26, 'pullback_pct': 9.52}, {'high_date': '2025-04-16', 'high': 1511.77, 'low_date': '2025-05-08', 'low': 1337.62, 'pullback_pct': 11.52}, {'high_date': '2025-06-04', 'high': 2226.46, 'low_date': '2025-06-19', 'low': 1891.44, 'pullback_pct': 15.05}, {'high_date': '2025-06-23', 'high': 1991.79, 'low_date': '2025-06-25', 'low': 1892.33, 'pullback_pct': 4.99}, {'high_date': '2025-06-30', 'high': 1978.51, 'low_date': '2025-07-14', 'low': 1822.23, 'pullback_pct': 7.9}, {'high_date': '2025-07-21', 'high': 1903.22, 'low_date': '2025-07-31', 'low': 1462.04, 'pullback_pct': 23.18}, {'high_date': '2025-08-01', 'high': 1531.04, 'low_date': '2025-08-12', 'low': 1400.43, 'pullback_pct': 8.53}, {'high_date': '2025-08-25', 'high': 1539.6, 'low_date': '2025-09-09', 'low': 1437.9, 'pullback_pct': 6.61}, {'high_date': '2025-09-18', 'high': 1621.3, 'low_date': '2025-09-29', 'low': 1426.4, 'pullback_pct': 12.02}, {'high_date': '2025-10-03', 'high': 1487.5, 'low_date': '2025-10-27', 'low': 1339.8, 'pullback_pct': 9.93}, {'high_date': '2025-11-17', 'high': 1449.4, 'low_date': '2025-12-09', 'low': 1345.1, 'pullback_pct': 7.2}]",1449.4,False,28.0,1368.6,1333.45,2.57,1474.06,7.71,3.0,no valid VCP base
PARADEEP,None,None,10,3,3,False,"T1_above_ma150_200,T4_ma50_above_med,T5_above_ma50,T7_within_25pct_high,T8_rs_rank",78.9,32.9,89.92,LAGGING,False,50,"[{'high_date': '2025-02-03', 'high': 117.33, 'low_date': '2025-02-12', 'low': 96.43, 'pullback_pct': 17.82}, {'high_date': '2025-02-14', 'high': 101.25, 'low_date': '2025-02-24', 'low': 87.54, 'pullback_pct': 13.54}, {'high_date': '2025-02-25', 'high': 95.74, 'low_date': '2025-02-28', 'low': 86.49, 'pullback_pct': 9.66}, {'high_date': '2025-03-05', 'high': 95.47, 'low_date': '2025-03-19', 'low': 90.15, 'pullback_pct': 5.58}, {'high_date': '2025-04-04', 'high': 118.65, 'low_date': '2025-04-07', 'low': 113.68, 'pullback_pct': 4.19}, {'high_date': '2025-04-08', 'high': 124.63, 'low_date': '2025-04-09', 'low': 116.33, 'pullback_pct': 6.66}, {'high_date': '2025-04-28', 'high': 148.26, 'low_date': '2025-05-08', 'low': 137.44, 'pullback_pct': 7.3}, {'high_date': '2025-05-15', 'high': 156.47, 'low_date': '2025-05-16', 'low': 144.27, 'pullback_pct': 7.8}, {'high_date': '2025-06-10', 'high': 176.26, 'low_date': '2025-06-27', 'low': 157.16, 'pullback_pct': 10.84}, {'high_date': '2025-07-23', 'high': 199.24, 'low_date': '2025-07-25', 'low': 188.41, 'pullback_pct': 5.44}, {'high_date': '2025-08-06', 'high': 230.51, 'low_date': '2025-08-18', 'low': 199.04, 'pullback_pct': 13.65}, {'high_date': '2025-09-01', 'high': 228.23, 'low_date': '2025-09-15', 'low': 167.24, 'pullback_pct': 26.72}, {'high_date': '2025-09-25', 'high': 193.28, 'low_date': '2025-09-26', 'low': 182.45, 'pullback_pct': 5.6}, {'high_date': '2025-10-01', 'high': 196.26, 'low_date': '2025-10-14', 'low': 172.15, 'pullback_pct': 12.28}, {'high_date': '2025-10-15', 'high': 179.58, 'low_date': '2025-11-06', 'low': 163.81, 'pullback_pct': 8.78}, {'high_date': '2025-11-07', 'high': 173.95, 'low_date': '2025-11-11', 'low': 158.76, 'pullback_pct': 8.73}, {'high_date': '2025-11-17', 'high': 166.4, 'low_date': '2025-11-21', 'low': 153.76, 'pullback_pct': 7.6}, {'high_date': '2025-12-02', 'high': 162.01, 'low_date': '2025-12-08', 'low': 153.36, 'pullback_pct': 5.34}]",162.01,False,13.0,154.74,149.05,3.68,171.81,11.03,3.0,no valid VCP base
POLICYBZR,None,None,10,2,6,False,"T4_ma50_above_med,T8_rs_rank",44.6,13.1,104.77,LEADING,False,50,"[{'high_date': '2025-02-05', 'high': 1753.75, 'low_date': '2025-02-11', 'low': 1539.3, 'pullback_pct': 12.23}, {'high_date': '2025-02-13', 'high': 1633.75, 'low_date': '2025-02-17', 'low': 1494.35, 'pullback_pct': 8.53}, {'high_date': '2025-02-21', 'high': 1562.75, 'low_date': '2025-03-07', 'low': 1397.8, 'pullback_pct': 10.56}, {'high_date': '2025-03-11', 'high': 1468.95, 'low_date': '2025-03-13', 'low': 1331.9, 'pullback_pct': 9.33}, {'high_date': '2025-03-24', 'high': 1677.55, 'low_date': '2025-04-01', 'low': 1514.6, 'pullback_pct': 9.71}, {'high_date': '2025-04-02', 'high': 1581.75, 'low_date': '2025-04-07', 'low': 1445.65, 'pullback_pct': 8.6}, {'high_date': '2025-04-08', 'high': 1531.95, 'low_date': '2025-04-09', 'low': 1469.15, 'pullback_pct': 4.1}, {'high_date': '2025-04-22', 'high': 1694.0, 'low_date': '2025-05-02', 'low': 1590.0, 'pullback_pct': 6.14}, {'high_date': '2025-05-05', 'high': 1669.4, 'low_date': '2025-05-06', 'low': 1588.3, 'pullback_pct': 4.86}, {'high_date': '2025-05-15', 'high': 1777.7, 'low_date': '2025-05-20', 'low': 1649.7, 'pullback_pct': 7.2}, {'high_date': '2025-06-17', 'high': 1950.1, 'low_date': '2025-08-06', 'low': 1735.5, 'pullback_pct': 11.0}, {'high_date': '2025-08-20', 'high': 1921.8, 'low_date': '2025-08-29', 'low': 1770.8, 'pullback_pct': 7.86}, {'high_date': '2025-09-04', 'high': 1864.4, 'low_date': '2025-10-01', 'low': 1675.8, 'pullback_pct': 10.12}, {'high_date': '2025-10-07', 'high': 1765.0, 'low_date': '2025-10-21', 'low': 1636.4, 'pullback_pct': 7.29}, {'high_date': '2025-10-30', 'high': 1844.5, 'low_date': '2025-11-13', 'low': 1734.7, 'pullback_pct': 5.95}, {'high_date': '2025-11-19', 'high': 1850.7, 'low_date': '2025-11-25', 'low': 1765.9, 'pullback_pct': 4.58}]",1850.7,True,26.0,1926.4,1853.43,3.79,2145.33,11.36,3.0,no valid VCP base
NIVABUPA,None,None,10,4,2,False,"T1_above_ma150_200,T3_ma200_uptrend,T4_ma50_above_med,T5_above_ma50,T6_25pct_above_low,T8_rs_rank",5.7,18.9,95.88,LAGGING,False,50,"[{'high_date': '2025-02-04', 'high': 82.06, 'low_date': '2025-03-17', 'low': 70.84, 'pullback_pct': 13.67}, {'high_date': '2025-03-20', 'high': 74.96, 'low_date': '2025-03-26', 'low': 71.52, 'pullback_pct': 4.59}, {'high_date': '2025-03-28', 'high': 78.08, 'low_date': '2025-04-07', 'low': 71.73, 'pullback_pct': 8.13}, {'high_date': '2025-04-24', 'high': 88.15, 'low_date': '2025-04-29', 'low': 81.51, 'pullback_pct': 7.53}, {'high_date': '2025-05-05', 'high': 86.15, 'low_date': '2025-05-06', 'low': 80.73, 'pullback_pct': 6.29}, {'high_date': '2025-05-26', 'high': 91.27, 'low_date': '2025-05-27', 'low': 87.09, 'pullback_pct': 4.58}, {'high_date': '2025-05-29', 'high': 92.35, 'low_date': '2025-06-19', 'low': 80.04, 'pullback_pct': 13.33}, {'high_date': '2025-07-14', 'high': 91.0, 'low_date': '2025-07-28', 'low': 82.95, 'pullback_pct': 8.85}, {'high_date': '2025-07-31', 'high': 87.55, 'low_date': '2025-08-11', 'low': 79.65, 'pullback_pct': 9.02}, {'high_date': '2025-08-18', 'high': 86.29, 'low_date': '2025-09-04', 'low': 81.26, 'pullback_pct': 5.83}, {'high_date': '2025-09-05', 'high': 84.67, 'low_date': '2025-10-28', 'low': 74.04, 'pullback_pct': 12.55}, {'high_date': '2025-11-17', 'high': 77.96, 'low_date': '2025-12-05', 'low': 73.48, 'pullback_pct': 5.75}]",77.96,False,28.0,74.88,72.33,3.41,82.54,10.22,3.0,no valid VCP base
NETWEB,None,None,10,2,6,False,"T5_above_ma50,T8_rs_rank",148.8,23.6,88.51,LAGGING,False,50,"[{'high_date': '2025-01-31', 'high': 1791.88, 'low_date': '2025-02-03', 'low': 1681.71, 'pullback_pct': 6.15}, {'high_date': '2025-02-06', 'high': 1792.38, 'low_date': '2025-02-18', 'low': 1338.98, 'pullback_pct': 25.3}, {'high_date': '2025-02-20', 'high': 1616.14, 'low_date': '2025-03-03', 'low': 1417.23, 'pullback_pct': 12.31}, {'high_date': '2025-03-07', 'high': 1592.27, 'low_date': '2025-03-17', 'low': 1402.0, 'pullback_pct': 11.95}, {'high_date': '2025-03-24', 'high': 1635.57, 'low_date': '2025-04-09', 'low': 1420.78, 'pullback_pct': 13.13}, {'high_date': '2025-04-23', 'high': 1529.95, 'low_date': '2025-04-30', 'low': 1409.69, 'pullback_pct': 7.86}, {'high_date': '2025-05-29', 'high': 2021.05, 'low_date': '2025-06-19', 'low': 1719.52, 'pullback_pct': 14.92}, {'high_date': '2025-07-01', 'high': 1868.94, 'low_date': '2025-07-07', 'low': 1790.13, 'pullback_pct': 4.22}, {'high_date': '2025-07-14', 'high': 1978.6, 'low_date': '2025-07-28', 'low': 1825.29, 'pullback_pct': 7.75}, {'high_date': '2025-08-04', 'high': 2301.31, 'low_date': '2025-08-20', 'low': 2046.12, 'pullback_pct': 11.09}, {'high_date': '2025-08-25', 'high': 2371.8, 'low_date': '2025-08-29', 'low': 2207.6, 'pullback_pct': 6.92}, {'high_date': '2025-09-10', 'high': 3130.2, 'low_date': '2025-09-16', 'low': 2842.3, 'pullback_pct': 9.2}, {'high_date': '2025-10-08', 'high': 4360.1, 'low_date': '2025-10-24', 'low': 3717.1, 'pullback_pct': 14.75}, {'high_date': '2025-10-28', 'high': 4206.8, 'low_date': '2025-10-29', 'low': 3924.2, 'pullback_pct': 6.72}, {'high_date': '2025-10-30', 'high': 4103.9, 'low_date': '2025-11-06', 'low': 3300.8, 'pullback_pct': 19.57}, {'high_date': '2025-11-12', 'high': 3528.4, 'low_date': '2025-11-18', 'low': 3259.6, 'pullback_pct': 7.62}, {'high_date': '2025-11-20', 'high': 3439.6, 'low_date': '2025-12-08', 'low': 3038.0, 'pullback_pct': 11.68}]",3439.6,False,25.0,3331.2,3164.43,5.01,3831.5,15.02,3.0,no valid VCP base
PETRONET,None,None,10,4,1,False,"T1_above_ma150_200,T2_ma150_above_200,T3_ma200_uptrend,T4_ma50_above_med,T5_above_ma50,T6_25pct_above_low,T8_rs_rank",3.2,20.0,99.5,IMPROVING,False,50,"[{'high_date': '2025-02-05', 'high': 306.45, 'low_date': '2025-02-17', 'low': 274.98, 'pullback_pct': 10.27}, {'high_date': '2025-02-20', 'high': 296.17, 'low_date': '2025-03-10', 'low': 268.51, 'pullback_pct': 9.34}, {'high_date': '2025-03-24', 'high': 293.61, 'low_date': '2025-04-07', 'low': 266.25, 'pullback_pct': 9.32}, {'high_date': '2025-05-21', 'high': 310.55, 'low_date': '2025-06-19', 'low': 280.96, 'pullback_pct': 9.53}, {'high_date': '2025-07-15', 'high': 304.56, 'low_date': '2025-08-14', 'low': 265.08, 'pullback_pct': 12.96}, {'high_date': '2025-08-19', 'high': 275.8, 'low_date': '2025-08-26', 'low': 262.05, 'pullback_pct': 4.98}, {'high_date': '2025-09-17', 'high': 273.85, 'low_date': '2025-09-26', 'low': 260.2, 'pullback_pct': 4.98}, {'high_date': '2025-10-07', 'high': 280.33, 'low_date': '2025-11-06', 'low': 268.1, 'pullback_pct': 4.36}, {'high_date': '2025-12-04', 'high': 280.95, 'low_date': '2025-12-15', 'low': 268.55, 'pullback_pct': 4.41}]",280.95,False,11.0,268.55,261.58,2.6,289.46,7.79,3.0,no valid VCP base
POLYMED,None,None,10,4,0,False,"T1_above_ma150_200,T2_ma150_above_200,T3_ma200_uptrend,T4_ma50_above_med,T5_above_ma50,T6_25pct_above_low,T7_within_25pct_high,T8_rs_rank",1.9,36.3,96.54,LAGGING,False,50,"[{'high_date': '2025-02-01', 'high': 2429.63, 'low_date': '2025-02-03', 'low': 2279.05, 'pullback_pct': 6.2}, {'high_date': '2025-02-05', 'high': 2482.14, 'low_date': '2025-02-17', 'low': 2102.11, 'pullback_pct': 15.31}, {'high_date': '2025-02-21', 'high': 2217.81, 'low_date': '2025-02-28', 'low': 2031.93, 'pullback_pct': 8.38}, {'high_date': '2025-03-06', 'high': 2316.23, 'low_date': '2025-03-11', 'low': 2198.04, 'pullback_pct': 5.1}, {'high_date': '2025-03-21', 'high': 2313.94, 'low_date': '2025-04-01', 'low': 2148.33, 'pullback_pct': 7.16}, {'high_date': '2025-04-03', 'high': 2254.84, 'low_date': '2025-04-07', 'low': 1991.3, 'pullback_pct': 11.69}, {'high_date': '2025-05-07', 'high': 2830.23, 'low_date': '2025-05-14', 'low': 2347.88, 'pullback_pct': 17.04}, {'high_date': '2025-05-21', 'high': 2485.44, 'low_date': '2025-06-19', 'low': 2048.4, 'pullback_pct': 17.58}, {'high_date': '2025-07-02', 'high': 2266.02, 'low_date': '2025-08-13', 'low': 1843.06, 'pullback_pct': 18.67}, {'high_date': '2025-08-25', 'high': 2118.08, 'low_date': '2025-09-10', 'low': 1944.19, 'pullback_pct': 8.21}, {'high_date': '2025-09-18', 'high': 2065.4, 'low_date': '2025-09-23', 'low': 1952.9, 'pullback_pct': 5.45}, {'high_date': '2025-09-25', 'high': 2031.8, 'low_date': '2025-10-15', 'low': 1838.3, 'pullback_pct': 9.52}, {'high_date': '2025-10-31', 'high': 1999.7, 'low_date': '2025-11-10', 'low': 1862.3, 'pullback_pct': 6.87}, {'high_date': '2025-11-11', 'high': 2063.4, 'low_date': '2025-11-21', 'low': 1876.9, 'pullback_pct': 9.04}, {'high_date': '2025-11-27', 'high': 1967.4, 'low_date': '2025-12-08', 'low': 1858.1, 'pullback_pct': 5.56}]",1967.4,False,18.0,1873.7,1810.01,3.4,2064.78,10.2,3.0,no valid VCP base
NESTLEIND,None,None,10,2,5,False,"T5_above_ma50,T6_25pct_above_low,T8_rs_rank",16.9,3.6,99.87,LAGGING,False,50,"[{'high_date': '2025-07-23', 'high': 1219.66, 'low_date': '2025-08-14', 'low': 1083.55, 'pullback_pct': 11.16}, {'high_date': '2025-09-11', 'high': 1214.24, 'low_date': '2025-09-29', 'low': 1146.31, 'pullback_pct': 5.59}, {'high_date': '2025-10-17', 'high': 1282.58, 'low_date': '2025-12-10', 'low': 1202.81, 'pullback_pct': 6.22}]",1282.58,False,59.0,1236.82,1209.43,2.21,1318.99,6.64,3.0,no valid VCP base
NSLNISP,None,None,10,3,4,False,"T1_above_ma150_200,T5_above_ma50,T6_25pct_above_low,T8_rs_rank",24.4,14.0,93.11,LAGGING,False,50,"[{'high_date': '2025-01-31', 'high': 42.14, 'low_date': '2025-02-18', 'low': 35.36, 'pullback_pct': 16.09}, {'high_date': '2025-02-21', 'high': 38.92, 'low_date': '2025-03-04', 'low': 33.92, 'pullback_pct': 12.85}, {'high_date': '2025-03-07', 'high': 37.26, 'low_date': '2025-03-17', 'low': 33.26, 'pullback_pct': 10.74}, {'high_date': '2025-03-21', 'high': 36.41, 'low_date': '2025-03-28', 'low': 33.36, 'pullback_pct': 8.38}, {'high_date': '2025-04-03', 'high': 36.03, 'low_date': '2025-04-07', 'low': 33.04, 'pullback_pct': 8.3}, {'high_date': '2025-04-24', 'high': 37.41, 'low_date': '2025-05-09', 'low': 33.95, 'pullback_pct': 9.25}, {'high_date': '2025-05-29', 'high': 39.92, 'low_date': '2025-05-30', 'low': 38.09, 'pullback_pct': 4.58}, {'high_date': '2025-06-11', 'high': 40.92, 'low_date': '2025-06-19', 'low': 37.08, 'pullback_pct': 9.38}, {'high_date': '2025-06-27', 'high': 41.23, 'low_date': '2025-08-08', 'low': 35.66, 'pullback_pct': 13.51}, {'high_date': '2025-08-13', 'high': 43.02, 'low_date': '2025-08-28', 'low': 37.79, 'pullback_pct': 12.16}, {'high_date': '2025-09-23', 'high': 47.1, 'low_date': '2025-09-29', 'low': 44.53, 'pullback_pct': 5.46}, {'high_date': '2025-10-01', 'high': 47.32, 'low_date': '2025-10-17', 'low': 42.98, 'pullback_pct': 9.17}, {'high_date': '2025-10-28', 'high': 47.67, 'low_date': '2025-10-31', 'low': 43.05, 'pullback_pct': 9.69}, {'high_date': '2025-11-03', 'high': 45.48, 'low_date': '2025-11-24', 'low': 40.9, 'pullback_pct': 10.07}, {'high_date': '2025-11-26', 'high': 42.81, 'low_date': '2025-12-08', 'low': 39.76, 'pullback_pct': 7.12}]",42.81,False,19.0,41.09,39.4,4.1,46.15,12.31,3.0,no valid VCP base
ICICIGI,None,None,10,2,5,False,"T5_above_ma50,T6_25pct_above_low,T8_rs_rank",19.9,5.1,99.63,IMPROVING,False,50,"[{'high_date': '2025-04-04', 'high': 1816.83, 'low_date': '2025-04-11', 'low': 1706.6, 'pullback_pct': 6.07}, {'high_date': '2025-04-24', 'high': 1867.22, 'low_date': '2025-05-09', 'low': 1769.8, 'pullback_pct': 5.22}, {'high_date': '2025-06-09', 'high': 2014.85, 'low_date': '2025-06-12', 'low': 1895.74, 'pullback_pct': 5.91}, {'high_date': '2025-07-01', 'high': 2056.92, 'low_date': '2025-08-01', 'low': 1861.25, 'pullback_pct': 9.51}, {'high_date': '2025-08-20', 'high': 1962.12, 'low_date': '2025-09-03', 'low': 1816.1, 'pullback_pct': 7.44}, {'high_date': '2025-10-06', 'high': 1919.56, 'low_date': '2025-10-13', 'low': 1827.46, 'pullback_pct': 4.8}, {'high_date': '2025-11-17', 'high': 2042.9, 'low_date': '2025-12-10', 'low': 1934.8, 'pullback_pct': 5.29}]",2042.9,False,28.0,1951.8,1900.14,2.65,2106.79,7.94,3.0,no valid VCP base
HYUNDAI,None,None,10,2,6,False,"T5_above_ma50,T8_rs_rank",46.5,18.2,95.27,LAGGING,False,50,"[{'high_date': '2025-02-25', 'high': 1808.83, 'low_date': '2025-03-17', 'low': 1583.02, 'pullback_pct': 12.48}, {'high_date': '2025-03-24', 'high': 1742.13, 'low_date': '2025-04-07', 'low': 1568.01, 'pullback_pct': 9.99}, {'high_date': '2025-05-21', 'high': 1891.68, 'low_date': '2025-06-03', 'low': 1804.82, 'pullback_pct': 4.59}, {'high_date': '2025-07-01', 'high': 2219.21, 'low_date': '2025-07-08', 'low': 2035.39, 'pullback_pct': 8.28}, {'high_date': '2025-07-15', 'high': 2131.65, 'low_date': '2025-07-28', 'low': 2030.34, 'pullback_pct': 4.75}, {'high_date': '2025-08-19', 'high': 2581.3, 'low_date': '2025-08-22', 'low': 2366.6, 'pullback_pct': 8.32}, {'high_date': '2025-09-19', 'high': 2809.3, 'low_date': '2025-10-24', 'low': 2266.7, 'pullback_pct': 19.31}, {'high_date': '2025-10-31', 'high': 2438.7, 'low_date': '2025-11-07', 'low': 2326.2, 'pullback_pct': 4.61}, {'high_date': '2025-11-19', 'high': 2421.1, 'low_date': '2025-11-25', 'low': 2300.8, 'pullback_pct': 4.97}, {'high_date': '2025-12-01', 'high': 2395.7, 'low_date': '2025-12-08', 'low': 2275.0, 'pullback_pct': 5.04}]",2395.7,False,14.0,2297.4,2213.31,3.66,2549.66,10.98,3.0,no valid VCP base
POWERGRID,None,None,10,4,3,False,"T1_above_ma150_200,T4_ma50_above_med,T5_above_ma50,T6_25pct_above_low,T8_rs_rank",6.7,19.1,95.77,LAGGING,False,50,"[{'high_date': '2025-01-31', 'high': 288.73, 'low_date': '2025-02-28', 'low': 242.91, 'pullback_pct': 15.87}, {'high_date': '2025-04-21', 'high': 309.87, 'low_date': '2025-06-03', 'low': 279.13, 'pullback_pct': 9.92}, {'high_date': '2025-06-10', 'high': 291.52, 'low_date': '2025-06-13', 'low': 276.46, 'pullback_pct': 5.17}, {'high_date': '2025-06-30', 'high': 290.41, 'low_date': '2025-08-28', 'low': 266.91, 'pullback_pct': 8.09}, {'high_date': '2025-09-24', 'high': 285.25, 'low_date': '2025-09-30', 'low': 272.55, 'pullback_pct': 4.45}, {'high_date': '2025-10-29', 'high': 287.24, 'low_date': '2025-11-06', 'low': 262.78, 'pullback_pct': 8.52}, {'high_date': '2025-11-21', 'high': 274.52, 'low_date': '2025-12-15', 'low': 259.29, 'pullback_pct': 5.55}]",274.52,False,24.0,259.29,253.58,2.2,276.41,6.6,3.0,no valid VCP base
PNB,None,None,10,2,6,False,"T5_above_ma50,T8_rs_rank",40.6,5.3,101.8,LEADING,False,50,"[{'high_date': '2025-01-31', 'high': 98.35, 'low_date': '2025-02-18', 'low': 89.27, 'pullback_pct': 9.23}, {'high_date': '2025-02-20', 'high': 92.96, 'low_date': '2025-03-04', 'low': 84.64, 'pullback_pct': 8.95}, {'high_date': '2025-03-07', 'high': 88.6, 'low_date': '2025-03-12', 'low': 84.45, 'pullback_pct': 4.68}, {'high_date': '2025-04-03', 'high': 96.21, 'low_date': '2025-04-07', 'low': 92.25, 'pullback_pct': 4.12}, {'high_date': '2025-04-22', 'high': 100.47, 'low_date': '2025-05-08', 'low': 88.79, 'pullback_pct': 11.63}, {'high_date': '2025-06-09', 'high': 109.04, 'low_date': '2025-06-19', 'low': 100.08, 'pullback_pct': 8.22}, {'high_date': '2025-07-16', 'high': 114.97, 'low_date': '2025-08-01', 'low': 103.18, 'pullback_pct': 10.25}, {'high_date': '2025-08-19', 'high': 107.9, 'low_date': '2025-08-29', 'low': 100.88, 'pullback_pct': 6.51}, {'high_date': '2025-09-23', 'high': 113.43, 'low_date': '2025-09-26', 'low': 107.79, 'pullback_pct': 4.97}, {'high_date': '2025-12-02', 'high': 125.35, 'low_date': '2025-12-08', 'low': 116.0, 'pullback_pct': 7.46}]",125.35,False,13.0,118.74,115.32,2.88,128.99,8.64,3.0,no valid VCP base
FORCEMOT,None,None,10,2,7,False,T8_rs_rank,175.4,20.8,99.42,LAGGING,False,50,"[{'high_date': '2025-02-05', 'high': 6767.36, 'low_date': '2025-02-10', 'low': 6281.13, 'pullback_pct': 7.18}, {'high_date': '2025-02-13', 'high': 6753.79, 'low_date': '2025-02-14', 'low': 6478.7, 'pullback_pct': 4.07}, {'high_date': '2025-02-21', 'high': 6932.99, 'low_date': '2025-02-27', 'low': 6586.91, 'pullback_pct': 4.99}, {'high_date': '2025-03-07', 'high': 7643.13, 'low_date': '2025-03-17', 'low': 7070.84, 'pullback_pct': 7.49}, {'high_date': '2025-04-02', 'high': 9197.49, 'low_date': '2025-04-07', 'low': 8326.82, 'pullback_pct': 9.47}, {'high_date': '2025-04-21', 'high': 9279.01, 'low_date': '2025-04-30', 'low': 8894.36, 'pullback_pct': 4.15}, {'high_date': '2025-05-07', 'high': 10268.33, 'low_date': '2025-05-09', 'low': 9691.1, 'pullback_pct': 5.62}, {'high_date': '2025-05-15', 'high': 11070.06, 'low_date': '2025-05-23', 'low': 10214.95, 'pullback_pct': 7.72}, {'high_date': '2025-05-30', 'high': 12621.63, 'low_date': '2025-06-02', 'low': 11607.37, 'pullback_pct': 8.04}, {'high_date': '2025-06-05', 'high': 12726.9, 'low_date': '2025-06-11', 'low': 12079.33, 'pullback_pct': 5.09}, {'high_date': '2025-06-23', 'high': 14301.43, 'low_date': '2025-06-24', 'low': 13687.78, 'pullback_pct': 4.29}, {'high_date': '2025-06-30', 'high': 16041.58, 'low_date': '2025-07-04', 'low': 14310.41, 'pullback_pct': 10.79}, {'high_date': '2025-07-24', 'high': 19106.82, 'low_date': '2025-08-01', 'low': 16672.19, 'pullback_pct': 12.74}, {'high_date': '2025-08-21', 'high': 21848.76, 'low_date': '2025-09-08', 'low': 16992.48, 'pullback_pct': 22.23}, {'high_date': '2025-09-17', 'high': 19850.0, 'low_date': '2025-10-09', 'low': 15303.0, 'pullback_pct': 22.91}, {'high_date': '2025-10-21', 'high': 17568.0, 'low_date': '2025-10-27', 'low': 16283.0, 'pullback_pct': 7.31}, {'high_date': '2025-11-03', 'high': 18442.0, 'low_date': '2025-11-24', 'low': 16731.0, 'pullback_pct': 9.28}, {'high_date': '2025-12-01', 'high': 18231.0, 'low_date': '2025-12-10', 'low': 16732.0, 'pullback_pct': 8.22}]",18231.0,False,14.0,17301.0,16772.52,3.05,18886.44,9.16,3.0,no valid VCP base
FSL,None,None,10,4,4,False,"T1_above_ma150_200,T4_ma50_above_med,T6_25pct_above_low,T8_rs_rank",23.0,14.7,99.7,LAGGING,False,50,"[{'high_date': '2025-01-24', 'high': 357.06, 'low_date': '2025-01-28', 'low': 314.38, 'pullback_pct': 11.95}, {'high_date': '2025-01-29', 'high': 335.38, 'low_date': '2025-02-03', 'low': 320.76, 'pullback_pct': 4.36}, {'high_date': '2025-02-13', 'high': 350.09, 'low_date': '2025-02-17', 'low': 333.69, 'pullback_pct': 4.69}, {'high_date': '2025-02-21', 'high': 360.19, 'low_date': '2025-02-28', 'low': 338.61, 'pullback_pct': 5.99}, {'high_date': '2025-03-05', 'high': 353.44, 'low_date': '2025-03-17', 'low': 273.04, 'pullback_pct': 22.75}, {'high_date': '2025-03-27', 'high': 348.45, 'low_date': '2025-04-07', 'low': 304.46, 'pullback_pct': 12.62}, {'high_date': '2025-04-23', 'high': 347.22, 'low_date': '2025-05-07', 'low': 307.15, 'pullback_pct': 11.54}, {'high_date': '2025-05-29', 'high': 386.32, 'low_date': '2025-05-30', 'low': 363.52, 'pullback_pct': 5.9}, {'high_date': '2025-06-10', 'high': 379.71, 'low_date': '2025-06-19', 'low': 363.96, 'pullback_pct': 4.15}, {'high_date': '2025-06-25', 'high': 380.54, 'low_date': '2025-07-29', 'low': 322.95, 'pullback_pct': 15.13}, {'high_date': '2025-08-25', 'high': 364.1, 'low_date': '2025-08-28', 'low': 339.34, 'pullback_pct': 6.8}, {'high_date': '2025-09-03', 'high': 361.12, 'low_date': '2025-09-08', 'low': 336.9, 'pullback_pct': 6.71}, {'high_date': '2025-09-19', 'high': 367.77, 'low_date': '2025-10-20', 'low': 311.65, 'pullback_pct': 15.26}, {'high_date': '2025-11-19', 'high': 359.36, 'low_date': '2025-12-10', 'low': 330.88, 'pullback_pct': 7.92}]",359.36,False,26.0,335.82,330.61,1.55,351.45,4.65,3.0,no valid VCP base
COALINDIA,None,None,10,2,6,False,"T6_25pct_above_low,T8_rs_rank",14.7,1.2,99.42,LAGGING,False,50,"[{'high_date': '2025-01-31', 'high': 369.89, 'low_date': '2025-02-14', 'low': 330.93, 'pullback_pct': 10.53}, {'high_date': '2025-03-24', 'high': 379.33, 'low_date': '2025-04-09', 'low': 349.99, 'pullback_pct': 7.73}, {'high_date': '2025-04-21', 'high': 374.19, 'low_date': '2025-05-06', 'low': 353.4, 'pullback_pct': 5.56}, {'high_date': '2025-05-20', 'high': 381.29, 'low_date': '2025-08-01', 'low': 348.03, 'pullback_pct': 8.72}, {'high_date': '2025-09-17', 'high': 384.13, 'low_date': '2025-10-14', 'low': 366.06, 'pullback_pct': 4.7}, {'high_date': '2025-11-17', 'high': 382.79, 'low_date': '2025-11-25', 'low': 365.22, 'pullback_pct': 4.59}]",382.79,False,28.0,379.43,372.01,1.96,401.7,5.87,3.0,no valid VCP base
DRREDDY,None,None,10,2,5,False,"T4_ma50_above_med,T6_25pct_above_low,T8_rs_rank",18.5,7.2,99.81,LAGGING,False,50,"[{'high_date': '2025-02-07', 'high': 1232.58, 'low_date': '2025-03-12', 'low': 1098.19, 'pullback_pct': 10.9}, {'high_date': '2025-03-24', 'high': 1202.67, 'low_date': '2025-04-07', 'low': 1081.04, 'pullback_pct': 10.11}, {'high_date': '2025-04-24', 'high': 1192.93, 'low_date': '2025-05-08', 'low': 1140.77, 'pullback_pct': 4.37}, {'high_date': '2025-06-12', 'high': 1354.11, 'low_date': '2025-07-22', 'low': 1240.0, 'pullback_pct': 8.43}, {'high_date': '2025-07-29', 'high': 1299.8, 'low_date': '2025-08-06', 'low': 1196.7, 'pullback_pct': 7.93}, {'high_date': '2025-09-18', 'high': 1322.7, 'low_date': '2025-09-30', 'low': 1223.7, 'pullback_pct': 7.48}, {'high_date': '2025-10-28', 'high': 1289.4, 'low_date': '2025-11-03', 'low': 1196.0, 'pullback_pct': 7.24}]",1289.4,False,48.0,1280.6,1253.28,2.13,1362.56,6.4,3.0,no valid VCP base
DEVYANI,None,None,10,4,1,False,"T1_above_ma150_200,T3_ma200_uptrend,T4_ma50_above_med,T5_above_ma50,T6_25pct_above_low,T7_within_25pct_high,T8_rs_rank",0.0,32.8,86.11,LAGGING,False,50,"[{'high_date': '2025-02-03', 'high': 185.01, 'low_date': '2025-02-14', 'low': 158.29, 'pullback_pct': 14.44}, {'high_date': '2025-02-20', 'high': 179.98, 'low_date': '2025-02-24', 'low': 170.99, 'pullback_pct': 4.99}, {'high_date': '2025-02-25', 'high': 178.46, 'low_date': '2025-04-07', 'low': 140.5, 'pullback_pct': 21.27}, {'high_date': '2025-05-07', 'high': 183.04, 'low_date': '2025-05-08', 'low': 172.61, 'pullback_pct': 5.7}, {'high_date': '2025-05-16', 'high': 186.89, 'low_date': '2025-06-03', 'low': 166.93, 'pullback_pct': 10.68}, {'high_date': '2025-06-09', 'high': 174.48, 'low_date': '2025-06-13', 'low': 165.71, 'pullback_pct': 5.03}, {'high_date': '2025-07-22', 'high': 177.02, 'low_date': '2025-08-11', 'low': 153.43, 'pullback_pct': 13.33}, {'high_date': '2025-09-11', 'high': 188.9, 'low_date': '2025-10-14', 'low': 160.15, 'pullback_pct': 15.22}, {'high_date': '2025-10-30', 'high': 167.8, 'low_date': '2025-11-14', 'low': 138.07, 'pullback_pct': 17.72}, {'high_date': '2025-11-18', 'high': 148.08, 'low_date': '2025-12-02', 'low': 133.16, 'pullback_pct': 10.08}, {'high_date': '2025-12-04', 'high': 138.92, 'low_date': '2025-12-15', 'low': 132.81, 'pullback_pct': 4.4}]",138.92,False,11.0,132.81,127.81,3.77,147.82,11.3,3.0,no valid VCP base
DELHIVERY,None,None,10,3,5,False,"T1_above_ma150_200,T5_above_ma50,T8_rs_rank",69.5,16.0,91.85,LAGGING,False,50,"[{'high_date': '2025-02-04', 'high': 328.8, 'low_date': '2025-03-04', 'low': 247.19, 'pullback_pct': 24.82}, {'high_date': '2025-03-06', 'high': 260.99, 'low_date': '2025-03-12', 'low': 240.29, 'pullback_pct': 7.93}, {'high_date': '2025-03-21', 'high': 263.62, 'low_date': '2025-03-27', 'low': 252.92, 'pullback_pct': 4.06}, {'high_date': '2025-04-07', 'high': 268.35, 'low_date': '2025-04-09', 'low': 243.35, 'pullback_pct': 9.32}, {'high_date': '2025-06-09', 'high': 371.85, 'low_date': '2025-06-19', 'low': 355.25, 'pullback_pct': 4.46}, {'high_date': '2025-07-23', 'high': 444.2, 'low_date': '2025-07-30', 'low': 409.15, 'pullback_pct': 7.89}, {'high_date': '2025-09-18', 'high': 484.5, 'low_date': '2025-10-01', 'low': 434.45, 'pullback_pct': 10.33}, {'high_date': '2025-10-13', 'high': 473.8, 'low_date': '2025-10-16', 'low': 446.8, 'pullback_pct': 5.7}, {'high_date': '2025-11-04', 'high': 484.85, 'low_date': '2025-11-24', 'low': 405.85, 'pullback_pct': 16.29}, {'high_date': '2025-11-28', 'high': 426.2, 'low_date': '2025-12-08', 'low': 398.05, 'pullback_pct': 6.6}]",426.2,False,17.0,407.25,392.1,3.72,452.69,11.16,3.0,no valid VCP base
CRAFTSMAN,None,None,10,2,7,False,T8_rs_rank,80.4,1.2,102.11,WEAKENING,False,50,"[{'high_date': '2025-02-04', 'high': 4382.86, 'low_date': '2025-02-14', 'low': 3929.74, 'pullback_pct': 10.34}, {'high_date': '2025-03-05', 'high': 5099.15, 'low_date': '2025-04-09', 'low': 4286.89, 'pullback_pct': 15.93}, {'high_date': '2025-04-29', 'high': 4876.99, 'low_date': '2025-04-30', 'low': 4601.42, 'pullback_pct': 5.65}, {'high_date': '2025-05-05', 'high': 4804.95, 'low_date': '2025-05-08', 'low': 4573.25, 'pullback_pct': 4.82}, {'high_date': '2025-05-27', 'high': 5707.39, 'low_date': '2025-06-20', 'low': 5155.65, 'pullback_pct': 9.67}, {'high_date': '2025-07-22', 'high': 6555.5, 'low_date': '2025-07-28', 'low': 6236.0, 'pullback_pct': 4.87}, {'high_date': '2025-07-30', 'high': 6863.5, 'low_date': '2025-08-06', 'low': 6347.5, 'pullback_pct': 7.52}, {'high_date': '2025-09-01', 'high': 7159.5, 'low_date': '2025-10-15', 'low': 6424.0, 'pullback_pct': 10.27}, {'high_date': '2025-10-16', 'high': 6800.5, 'low_date': '2025-10-28', 'low': 6447.0, 'pullback_pct': 5.2}, {'high_date': '2025-11-11', 'high': 7175.5, 'low_date': '2025-11-24', 'low': 6660.0, 'pullback_pct': 7.18}]",7175.5,False,34.0,7090.5,6807.0,4.0,7941.0,11.99,3.0,no valid VCP base
CYIENT,None,None,10,4,2,False,"T1_above_ma150_200,T3_ma200_uptrend,T4_ma50_above_med,T6_25pct_above_low,T7_within_25pct_high,T8_rs_rank",5.8,43.2,98.58,IMPROVING,False,50,"[{'high_date': '2025-02-07', 'high': 1487.99, 'low_date': '2025-02-14', 'low': 1385.3, 'pullback_pct': 6.9}, {'high_date': '2025-02-19', 'high': 1441.28, 'low_date': '2025-03-04', 'low': 1182.6, 'pullback_pct': 17.95}, {'high_date': '2025-03-06', 'high': 1244.73, 'low_date': '2025-03-13', 'low': 1163.91, 'pullback_pct': 6.49}, {'high_date': '2025-03-24', 'high': 1289.49, 'low_date': '2025-04-07', 'low': 1094.46, 'pullback_pct': 15.12}, {'high_date': '2025-04-23', 'high': 1217.45, 'low_date': '2025-05-06', 'low': 1135.16, 'pullback_pct': 6.76}, {'high_date': '2025-06-18', 'high': 1324.14, 'low_date': '2025-08-11', 'low': 1147.45, 'pullback_pct': 13.34}, {'high_date': '2025-08-25', 'high': 1227.57, 'low_date': '2025-09-05', 'low': 1150.11, 'pullback_pct': 6.31}, {'high_date': '2025-09-16', 'high': 1255.4, 'low_date': '2025-09-26', 'low': 1119.12, 'pullback_pct': 10.86}, {'high_date': '2025-10-06', 'high': 1165.01, 'low_date': '2025-10-15', 'low': 1110.14, 'pullback_pct': 4.71}, {'high_date': '2025-10-27', 'high': 1208.1, 'low_date': '2025-11-07', 'low': 1112.7, 'pullback_pct': 7.9}, {'high_date': '2025-11-12', 'high': 1167.0, 'low_date': '2025-11-25', 'low': 1103.6, 'pullback_pct': 5.43}, {'high_date': '2025-12-03', 'high': 1180.6, 'low_date': '2025-12-09', 'low': 1131.6, 'pullback_pct': 4.15}]",1180.6,False,12.0,1158.0,1115.96,3.63,1284.13,10.89,3.0,no valid VCP base
COROMANDEL,None,None,10,1,6,False,"T4_ma50_above_med,T8_rs_rank",44.7,13.7,103.32,LEADING,False,50,"[{'high_date': '2025-02-05', 'high': 1869.6, 'low_date': '2025-03-04', 'low': 1599.3, 'pullback_pct': 14.46}, {'high_date': '2025-04-03', 'high': 2044.64, 'low_date': '2025-04-07', 'low': 1953.55, 'pullback_pct': 4.46}, {'high_date': '2025-05-19', 'high': 2472.92, 'low_date': '2025-06-02', 'low': 2265.83, 'pullback_pct': 8.37}, {'high_date': '2025-06-09', 'high': 2392.64, 'low_date': '2025-06-16', 'low': 2248.36, 'pullback_pct': 6.03}, {'high_date': '2025-06-24', 'high': 2370.72, 'low_date': '2025-06-26', 'low': 2261.56, 'pullback_pct': 4.6}, {'high_date': '2025-06-30', 'high': 2485.92, 'low_date': '2025-07-08', 'low': 2190.61, 'pullback_pct': 11.88}, {'high_date': '2025-07-31', 'high': 2680.83, 'low_date': '2025-08-13', 'low': 2248.84, 'pullback_pct': 16.11}, {'high_date': '2025-08-21', 'high': 2419.36, 'low_date': '2025-09-08', 'low': 2176.62, 'pullback_pct': 10.03}, {'high_date': '2025-09-17', 'high': 2318.26, 'low_date': '2025-09-26', 'low': 2178.11, 'pullback_pct': 6.05}, {'high_date': '2025-10-06', 'high': 2341.27, 'low_date': '2025-10-17', 'low': 2138.17, 'pullback_pct': 8.67}, {'high_date': '2025-10-29', 'high': 2245.75, 'low_date': '2025-10-31', 'low': 2116.26, 'pullback_pct': 5.77}, {'high_date': '2025-12-01', 'high': 2382.91, 'low_date': '2025-12-11', 'low': 2240.07, 'pullback_pct': 5.99}]",2382.91,False,14.0,2313.58,2210.77,4.44,2622.0,13.33,3.0,no valid VCP base
COLPAL,None,None,10,4,1,False,"T1_above_ma150_200,T2_ma150_above_200,T3_ma200_uptrend,T4_ma50_above_med,T5_above_ma50,T6_25pct_above_low,T8_rs_rank",3.0,23.7,96.64,LAGGING,False,50,"[{'high_date': '2025-02-01', 'high': 2836.78, 'low_date': '2025-04-01', 'low': 2300.37, 'pullback_pct': 18.91}, {'high_date': '2025-04-24', 'high': 2673.73, 'low_date': '2025-05-02', 'low': 2483.87, 'pullback_pct': 7.1}, {'high_date': '2025-05-19', 'high': 2653.67, 'low_date': '2025-08-14', 'low': 2130.95, 'pullback_pct': 19.7}, {'high_date': '2025-09-04', 'high': 2438.23, 'low_date': '2025-10-14', 'low': 2178.83, 'pullback_pct': 10.64}, {'high_date': '2025-10-17', 'high': 2270.74, 'low_date': '2025-12-03', 'low': 2101.9, 'pullback_pct': 7.44}]",2270.74,False,59.0,2164.4,2114.74,2.29,2313.38,6.88,3.0,no valid VCP base
ENDURANCE,None,None,10,3,5,False,"T1_above_ma150_200,T5_above_ma50,T8_rs_rank",53.8,13.8,94.12,LAGGING,False,50,"[{'high_date': '2025-02-01', 'high': 2027.87, 'low_date': '2025-03-03', 'low': 1703.9, 'pullback_pct': 15.98}, {'high_date': '2025-03-26', 'high': 1991.32, 'low_date': '2025-04-07', 'low': 1793.84, 'pullback_pct': 9.92}, {'high_date': '2025-04-22', 'high': 1972.64, 'low_date': '2025-05-05', 'low': 1850.42, 'pullback_pct': 6.2}, {'high_date': '2025-06-05', 'high': 2520.38, 'low_date': '2025-06-13', 'low': 2391.69, 'pullback_pct': 5.11}, {'high_date': '2025-06-25', 'high': 2745.2, 'low_date': '2025-06-26', 'low': 2620.19, 'pullback_pct': 4.55}, {'high_date': '2025-07-01', 'high': 2873.2, 'low_date': '2025-08-01', 'low': 2476.6, 'pullback_pct': 13.8}, {'high_date': '2025-08-04', 'high': 2638.8, 'low_date': '2025-08-12', 'low': 2510.0, 'pullback_pct': 4.88}, {'high_date': '2025-09-10', 'high': 3041.2, 'low_date': '2025-09-25', 'low': 2715.0, 'pullback_pct': 10.73}, {'high_date': '2025-10-07', 'high': 2951.0, 'low_date': '2025-10-14', 'low': 2776.4, 'pullback_pct': 5.92}, {'high_date': '2025-10-20', 'high': 2965.7, 'low_date': '2025-11-11', 'low': 2802.6, 'pullback_pct': 5.5}, {'high_date': '2025-11-12', 'high': 2916.6, 'low_date': '2025-11-18', 'low': 2615.1, 'pullback_pct': 10.34}, {'high_date': '2025-11-20', 'high': 2752.4, 'low_date': '2025-12-11', 'low': 2559.7, 'pullback_pct': 7.0}]",2752.4,False,25.0,2620.7,2532.21,3.38,2886.18,10.13,3.0,no valid VCP base
ESCORTS,None,None,10,2,7,False,T8_rs_rank,30.3,3.3,99.6,LAGGING,False,50,"[{'high_date': '2025-01-31', 'high': 3574.12, 'low_date': '2025-02-14', 'low': 2918.16, 'pullback_pct': 18.35}, {'high_date': '2025-02-20', 'high': 3078.54, 'low_date': '2025-02-28', 'low': 2839.29, 'pullback_pct': 7.77}, {'high_date': '2025-03-06', 'high': 3050.18, 'low_date': '2025-03-11', 'low': 2860.32, 'pullback_pct': 6.22}, {'high_date': '2025-04-03', 'high': 3242.13, 'low_date': '2025-04-07', 'low': 3019.21, 'pullback_pct': 6.88}, {'high_date': '2025-04-23', 'high': 3410.77, 'low_date': '2025-05-09', 'low': 3098.03, 'pullback_pct': 9.17}, {'high_date': '2025-05-16', 'high': 3514.78, 'low_date': '2025-06-13', 'low': 3097.84, 'pullback_pct': 11.86}, {'high_date': '2025-07-29', 'high': 3472.29, 'low_date': '2025-08-01', 'low': 3272.99, 'pullback_pct': 5.74}, {'high_date': '2025-08-20', 'high': 3606.31, 'low_date': '2025-08-28', 'low': 3457.76, 'pullback_pct': 4.12}, {'high_date': '2025-09-18', 'high': 3775.66, 'low_date': '2025-09-30', 'low': 3429.3, 'pullback_pct': 9.17}, {'high_date': '2025-11-03', 'high': 3827.2, 'low_date': '2025-11-10', 'low': 3530.79, 'pullback_pct': 7.74}, {'high_date': '2025-11-27', 'high': 3828.49, 'low_date': '2025-12-10', 'low': 3629.0, 'pullback_pct': 5.21}]",3828.49,False,18.0,3700.44,3556.18,3.9,4133.21,11.7,3.0,no valid VCP base
DOMS,None,None,10,3,4,False,"T2_ma150_above_200,T4_ma50_above_med,T6_25pct_above_low,T8_rs_rank",17.1,15.1,99.65,LAGGING,False,50,"[{'high_date': '2025-02-10', 'high': 2844.55, 'low_date': '2025-02-14', 'low': 2455.82, 'pullback_pct': 13.67}, {'high_date': '2025-02-19', 'high': 2591.9, 'low_date': '2025-03-03', 'low': 2359.48, 'pullback_pct': 8.97}, {'high_date': '2025-03-21', 'high': 2968.69, 'low_date': '2025-04-09', 'low': 2576.57, 'pullback_pct': 13.21}, {'high_date': '2025-04-22', 'high': 2996.96, 'low_date': '2025-05-09', 'low': 2647.88, 'pullback_pct': 11.65}, {'high_date': '2025-05-14', 'high': 2853.14, 'low_date': '2025-05-29', 'low': 2352.74, 'pullback_pct': 17.54}, {'high_date': '2025-06-03', 'high': 2461.81, 'low_date': '2025-06-13', 'low': 2331.87, 'pullback_pct': 5.28}, {'high_date': '2025-06-30', 'high': 2516.64, 'low_date': '2025-07-28', 'low': 2313.29, 'pullback_pct': 8.08}, {'high_date': '2025-08-05', 'high': 2423.06, 'low_date': '2025-08-08', 'low': 2284.93, 'pullback_pct': 5.7}, {'high_date': '2025-08-11', 'high': 2500.16, 'low_date': '2025-08-13', 'low': 2373.92, 'pullback_pct': 5.05}, {'high_date': '2025-09-04', 'high': 2688.93, 'low_date': '2025-09-26', 'low': 2480.3, 'pullback_pct': 7.76}, {'high_date': '2025-10-07', 'high': 2610.1, 'low_date': '2025-11-07', 'low': 2474.6, 'pullback_pct': 5.19}, {'high_date': '2025-11-14', 'high': 2621.7, 'low_date': '2025-12-01', 'low': 2494.6, 'pullback_pct': 4.85}, {'high_date': '2025-12-04', 'high': 2631.5, 'low_date': '2025-12-10', 'low': 2508.3, 'pullback_pct': 4.68}]",2631.5,False,11.0,2590.1,2493.67,3.72,2879.39,11.17,3.0,no valid VCP base
DABUR,None,None,10,3,3,False,"T1_above_ma150_200,T3_ma200_uptrend,T5_above_ma50,T6_25pct_above_low,T8_rs_rank",11.8,9.6,98.62,LAGGING,False,50,"[{'high_date': '2025-02-04', 'high': 532.86, 'low_date': '2025-03-04', 'low': 476.38, 'pullback_pct': 10.6}, {'high_date': '2025-03-27', 'high': 505.09, 'low_date': '2025-04-07', 'low': 444.57, 'pullback_pct': 11.98}, {'high_date': '2025-04-24', 'high': 484.26, 'low_date': '2025-05-09', 'low': 455.75, 'pullback_pct': 5.89}, {'high_date': '2025-06-04', 'high': 484.41, 'low_date': '2025-06-19', 'low': 458.06, 'pullback_pct': 5.44}, {'high_date': '2025-08-01', 'high': 531.54, 'low_date': '2025-08-14', 'low': 498.27, 'pullback_pct': 6.26}, {'high_date': '2025-09-04', 'high': 549.8, 'low_date': '2025-10-08', 'low': 477.63, 'pullback_pct': 13.13}, {'high_date': '2025-10-23', 'high': 508.71, 'low_date': '2025-10-31', 'low': 484.99, 'pullback_pct': 4.66}, {'high_date': '2025-11-20', 'high': 525.05, 'low_date': '2025-12-12', 'low': 495.0, 'pullback_pct': 5.72}]",525.05,False,25.0,497.2,485.57,2.34,532.09,7.02,3.0,no valid VCP base
EIHOTEL,None,None,10,3,4,False,"T1_above_ma150_200,T5_above_ma50,T6_25pct_above_low,T8_rs_rank",18.8,13.1,96.19,LAGGING,False,50,"[{'high_date': '2025-02-07', 'high': 382.83, 'low_date': '2025-02-18', 'low': 313.31, 'pullback_pct': 18.16}, {'high_date': '2025-03-21', 'high': 383.63, 'low_date': '2025-03-28', 'low': 352.1, 'pullback_pct': 8.22}, {'high_date': '2025-04-03', 'high': 375.41, 'low_date': '2025-04-07', 'low': 350.56, 'pullback_pct': 6.62}, {'high_date': '2025-04-23', 'high': 392.44, 'low_date': '2025-05-06', 'low': 350.11, 'pullback_pct': 10.79}, {'high_date': '2025-05-07', 'high': 368.83, 'low_date': '2025-05-09', 'low': 346.62, 'pullback_pct': 6.02}, {'high_date': '2025-06-09', 'high': 379.49, 'low_date': '2025-06-20', 'low': 343.19, 'pullback_pct': 9.57}, {'high_date': '2025-07-24', 'high': 386.12, 'low_date': '2025-08-08', 'low': 355.7, 'pullback_pct': 7.88}, {'high_date': '2025-08-13', 'high': 418.45, 'low_date': '2025-08-19', 'low': 385.2, 'pullback_pct': 7.95}, {'high_date': '2025-09-08', 'high': 418.15, 'low_date': '2025-09-30', 'low': 359.9, 'pullback_pct': 13.93}, {'high_date': '2025-10-08', 'high': 394.95, 'low_date': '2025-10-14', 'low': 377.85, 'pullback_pct': 4.33}, {'high_date': '2025-11-04', 'high': 399.1, 'low_date': '2025-12-15', 'low': 372.1, 'pullback_pct': 6.77}]",399.1,False,41.0,372.1,367.17,1.32,386.88,3.97,3.0,no valid VCP base
EICHERMOT,None,None,10,2,7,False,T8_rs_rank,53.4,1.9,101.6,WEAKENING,False,50,"[{'high_date': '2025-02-03', 'high': 5415.04, 'low_date': '2025-02-14', 'low': 4643.14, 'pullback_pct': 14.25}, {'high_date': '2025-02-24', 'high': 4946.66, 'low_date': '2025-02-28', 'low': 4712.5, 'pullback_pct': 4.73}, {'high_date': '2025-03-25', 'high': 5361.73, 'low_date': '2025-04-07', 'low': 5000.41, 'pullback_pct': 6.74}, {'high_date': '2025-04-21', 'high': 5736.12, 'low_date': '2025-06-05', 'low': 5240.55, 'pullback_pct': 8.64}, {'high_date': '2025-07-02', 'high': 5649.25, 'low_date': '2025-07-28', 'low': 5317.06, 'pullback_pct': 5.88}, {'high_date': '2025-09-26', 'high': 7047.0, 'low_date': '2025-11-14', 'low': 6695.0, 'pullback_pct': 5.0}]",7047.0,True,80.0,7121.5,6924.04,2.77,7713.89,8.32,3.0,no valid VCP base
ELGIEQUIP,None,None,10,3,2,False,"T1_above_ma150_200,T3_ma200_uptrend,T4_ma50_above_med,T5_above_ma50,T6_25pct_above_low,T8_rs_rank",22.0,20.6,99.49,IMPROVING,False,50,"[{'high_date': '2025-02-06', 'high': 559.22, 'low_date': '2025-03-03', 'low': 418.28, 'pullback_pct': 25.2}, {'high_date': '2025-03-07', 'high': 453.29, 'low_date': '2025-03-12', 'low': 424.21, 'pullback_pct': 6.42}, {'high_date': '2025-03-19', 'high': 506.28, 'low_date': '2025-04-09', 'low': 400.6, 'pullback_pct': 20.87}, {'high_date': '2025-04-23', 'high': 472.71, 'low_date': '2025-05-09', 'low': 438.7, 'pullback_pct': 7.2}, {'high_date': '2025-06-13', 'high': 534.22, 'low_date': '2025-06-20', 'low': 508.22, 'pullback_pct': 4.87}, {'high_date': '2025-07-24', 'high': 593.55, 'low_date': '2025-08-29', 'low': 471.85, 'pullback_pct': 20.5}, {'high_date': '2025-09-02', 'high': 494.7, 'low_date': '2025-09-15', 'low': 464.65, 'pullback_pct': 6.07}, {'high_date': '2025-09-18', 'high': 505.85, 'low_date': '2025-09-29', 'low': 476.6, 'pullback_pct': 5.78}, {'high_date': '2025-10-07', 'high': 496.25, 'low_date': '2025-10-15', 'low': 460.45, 'pullback_pct': 7.21}, {'high_date': '2025-10-29', 'high': 505.15, 'low_date': '2025-11-10', 'low': 474.45, 'pullback_pct': 6.08}, {'high_date': '2025-11-17', 'high': 514.7, 'low_date': '2025-11-25', 'low': 480.5, 'pullback_pct': 6.64}, {'high_date': '2025-11-28', 'high': 510.5, 'low_date': '2025-12-08', 'low': 483.25, 'pullback_pct': 5.34}]",510.5,False,17.0,488.65,469.66,3.89,545.62,11.66,3.0,no valid VCP base
EMCURE,None,None,10,2,7,False,T8_rs_rank,54.4,7.3,101.46,LEADING,False,50,"[{'high_date': '2025-02-06', 'high': 1282.6, 'low_date': '2025-03-12', 'low': 923.64, 'pullback_pct': 27.99}, {'high_date': '2025-03-24', 'high': 1060.01, 'low_date': '2025-03-25', 'low': 1004.42, 'pullback_pct': 5.24}, {'high_date': '2025-04-01', 'high': 1073.83, 'low_date': '2025-04-09', 'low': 903.73, 'pullback_pct': 15.84}, {'high_date': '2025-04-23', 'high': 1097.93, 'low_date': '2025-05-09', 'low': 1005.52, 'pullback_pct': 8.42}, {'high_date': '2025-05-26', 'high': 1400.5, 'low_date': '2025-06-03', 'low': 1319.77, 'pullback_pct': 5.76}, {'high_date': '2025-06-12', 'high': 1373.06, 'low_date': '2025-07-07', 'low': 1240.53, 'pullback_pct': 9.65}, {'high_date': '2025-07-30', 'high': 1424.75, 'low_date': '2025-08-01', 'low': 1361.38, 'pullback_pct': 4.45}, {'high_date': '2025-08-20', 'high': 1504.5, 'low_date': '2025-09-29', 'low': 1271.8, 'pullback_pct': 15.47}, {'high_date': '2025-10-06', 'high': 1435.3, 'low_date': '2025-10-14', 'low': 1339.0, 'pullback_pct': 6.71}, {'high_date': '2025-10-21', 'high': 1393.0, 'low_date': '2025-10-31', 'low': 1318.9, 'pullback_pct': 5.32}, {'high_date': '2025-11-10', 'high': 1426.6, 'low_date': '2025-11-12', 'low': 1337.4, 'pullback_pct': 6.25}]",1426.6,False,35.0,1395.4,1329.24,4.74,1593.88,14.22,3.0,no valid VCP base
J&KBANK,None,None,10,3,4,False,"T1_above_ma150_200,T5_above_ma50,T6_25pct_above_low,T8_rs_rank",16.1,12.0,97.29,LAGGING,False,50,"[{'high_date': '2025-02-04', 'high': 101.25, 'low_date': '2025-02-14', 'low': 93.13, 'pullback_pct': 8.02}, {'high_date': '2025-02-21', 'high': 99.03, 'low_date': '2025-03-03', 'low': 90.25, 'pullback_pct': 8.86}, {'high_date': '2025-03-06', 'high': 95.29, 'low_date': '2025-03-13', 'low': 89.18, 'pullback_pct': 6.41}, {'high_date': '2025-03-24', 'high': 96.26, 'low_date': '2025-03-28', 'low': 90.43, 'pullback_pct': 6.06}, {'high_date': '2025-04-03', 'high': 96.78, 'low_date': '2025-04-07', 'low': 88.82, 'pullback_pct': 8.22}, {'high_date': '2025-04-22', 'high': 111.82, 'low_date': '2025-05-09', 'low': 88.31, 'pullback_pct': 21.03}, {'high_date': '2025-06-10', 'high': 108.84, 'low_date': '2025-06-23', 'low': 100.18, 'pullback_pct': 7.95}, {'high_date': '2025-07-01', 'high': 114.35, 'low_date': '2025-07-11', 'low': 106.54, 'pullback_pct': 6.83}, {'high_date': '2025-07-16', 'high': 113.15, 'low_date': '2025-08-06', 'low': 99.35, 'pullback_pct': 12.19}, {'high_date': '2025-08-19', 'high': 105.09, 'low_date': '2025-08-29', 'low': 98.92, 'pullback_pct': 5.87}, {'high_date': '2025-09-19', 'high': 105.61, 'low_date': '2025-09-26', 'low': 99.55, 'pullback_pct': 5.74}, {'high_date': '2025-10-28', 'high': 108.59, 'low_date': '2025-11-06', 'low': 102.75, 'pullback_pct': 5.38}, {'high_date': '2025-11-19', 'high': 108.87, 'low_date': '2025-11-24', 'low': 103.95, 'pullback_pct': 4.52}, {'high_date': '2025-11-27', 'high': 108.17, 'low_date': '2025-12-08', 'low': 100.05, 'pullback_pct': 7.51}]",108.17,False,18.0,100.67,99.52,1.15,104.13,3.44,3.0,no valid VCP base
JSWSTEEL,None,None,10,3,6,False,"T5_above_ma50,T8_rs_rank",26.5,7.9,97.13,LAGGING,False,50,"[{'high_date': '2025-03-28', 'high': 1060.34, 'low_date': '2025-04-07', 'low': 927.8, 'pullback_pct': 12.5}, {'high_date': '2025-04-28', 'high': 1051.57, 'low_date': '2025-05-08', 'low': 950.64, 'pullback_pct': 9.6}, {'high_date': '2025-05-15', 'high': 1035.51, 'low_date': '2025-06-04', 'low': 965.95, 'pullback_pct': 6.72}, {'high_date': '2025-08-20', 'high': 1082.6, 'low_date': '2025-08-29', 'low': 1026.6, 'pullback_pct': 5.17}, {'high_date': '2025-10-30', 'high': 1210.0, 'low_date': '2025-11-24', 'low': 1106.0, 'pullback_pct': 8.6}, {'high_date': '2025-12-01', 'high': 1168.4, 'low_date': '2025-12-10', 'low': 1096.8, 'pullback_pct': 6.13}]",1168.4,False,14.0,1114.8,1074.93,3.58,1234.42,10.73,3.0,no valid VCP base
JKCEMENT,None,None,10,3,4,False,"T1_above_ma150_200,T4_ma50_above_med,T5_above_ma50,T8_rs_rank",33.0,24.8,91.18,LAGGING,False,50,"[{'high_date': '2025-02-05', 'high': 4923.0, 'low_date': '2025-03-13', 'low': 4261.04, 'pullback_pct': 13.45}, {'high_date': '2025-04-24', 'high': 5249.36, 'low_date': '2025-05-07', 'low': 5036.38, 'pullback_pct': 4.06}, {'high_date': '2025-05-14', 'high': 5295.75, 'low_date': '2025-05-22', 'low': 5081.77, 'pullback_pct': 4.04}, {'high_date': '2025-06-13', 'high': 6067.89, 'low_date': '2025-06-23', 'low': 5654.89, 'pullback_pct': 6.81}, {'high_date': '2025-08-20', 'high': 7539.0, 'low_date': '2025-09-15', 'low': 6475.0, 'pullback_pct': 14.11}, {'high_date': '2025-09-19', 'high': 6862.0, 'low_date': '2025-09-30', 'low': 6300.0, 'pullback_pct': 8.19}, {'high_date': '2025-10-14', 'high': 6725.0, 'low_date': '2025-11-18', 'low': 5487.0, 'pullback_pct': 18.41}, {'high_date': '2025-11-26', 'high': 5925.0, 'low_date': '2025-12-10', 'low': 5481.5, 'pullback_pct': 7.49}]",5925.0,False,19.0,5666.0,5451.0,3.79,6311.0,11.38,3.0,no valid VCP base
IPCALAB,None,None,10,2,4,False,"T3_ma200_uptrend,T4_ma50_above_med,T6_25pct_above_low,T8_rs_rank",13.5,17.3,104.99,LEADING,False,50,"[{'high_date': '2025-02-06', 'high': 1512.8, 'low_date': '2025-02-12', 'low': 1417.83, 'pullback_pct': 6.28}, {'high_date': '2025-02-20', 'high': 1494.63, 'low_date': '2025-03-11', 'low': 1292.21, 'pullback_pct': 13.54}, {'high_date': '2025-03-28', 'high': 1499.82, 'low_date': '2025-04-01', 'low': 1388.92, 'pullback_pct': 7.39}, {'high_date': '2025-04-03', 'high': 1495.52, 'low_date': '2025-04-07', 'low': 1299.25, 'pullback_pct': 13.12}, {'high_date': '2025-04-08', 'high': 1357.67, 'low_date': '2025-04-09', 'low': 1293.06, 'pullback_pct': 4.76}, {'high_date': '2025-04-23', 'high': 1468.86, 'low_date': '2025-05-08', 'low': 1347.63, 'pullback_pct': 8.25}, {'high_date': '2025-05-28', 'high': 1492.73, 'low_date': '2025-06-27', 'low': 1329.85, 'pullback_pct': 10.91}, {'high_date': '2025-07-24', 'high': 1538.66, 'low_date': '2025-08-11', 'low': 1336.7, 'pullback_pct': 13.13}, {'high_date': '2025-08-26', 'high': 1434.5, 'low_date': '2025-09-15', 'low': 1310.3, 'pullback_pct': 8.66}, {'high_date': '2025-09-19', 'high': 1441.0, 'low_date': '2025-10-24', 'low': 1268.7, 'pullback_pct': 11.96}, {'high_date': '2025-11-14', 'high': 1479.6, 'low_date': '2025-11-27', 'low': 1396.0, 'pullback_pct': 5.65}]",1479.6,False,31.0,1440.2,1374.48,4.56,1637.36,13.69,3.0,no valid VCP base
JUBLPHARMA,None,None,10,3,4,False,"T1_above_ma150_200,T4_ma50_above_med,T5_above_ma50,T8_rs_rank",31.7,12.2,97.12,IMPROVING,False,50,"[{'high_date': '2025-02-05', 'high': 1050.71, 'low_date': '2025-02-14', 'low': 940.93, 'pullback_pct': 10.45}, {'high_date': '2025-02-18', 'high': 998.28, 'low_date': '2025-03-17', 'low': 852.56, 'pullback_pct': 14.6}, {'high_date': '2025-03-21', 'high': 899.01, 'low_date': '2025-03-26', 'low': 857.73, 'pullback_pct': 4.59}, {'high_date': '2025-04-03', 'high': 966.42, 'low_date': '2025-04-09', 'low': 824.58, 'pullback_pct': 14.68}, {'high_date': '2025-04-24', 'high': 948.6, 'low_date': '2025-05-09', 'low': 864.16, 'pullback_pct': 8.9}, {'high_date': '2025-06-03', 'high': 1169.7, 'low_date': '2025-06-13', 'low': 1089.54, 'pullback_pct': 6.85}, {'high_date': '2025-06-30', 'high': 1205.45, 'low_date': '2025-07-09', 'low': 1144.01, 'pullback_pct': 5.1}, {'high_date': '2025-07-18', 'high': 1226.76, 'low_date': '2025-07-29', 'low': 1152.9, 'pullback_pct': 6.02}, {'high_date': '2025-07-30', 'high': 1236.3, 'low_date': '2025-08-29', 'low': 1023.1, 'pullback_pct': 17.25}, {'high_date': '2025-09-10', 'high': 1139.6, 'low_date': '2025-09-26', 'low': 1042.9, 'pullback_pct': 8.49}, {'high_date': '2025-10-10', 'high': 1124.2, 'low_date': '2025-10-16', 'low': 1076.0, 'pullback_pct': 4.29}, {'high_date': '2025-11-04', 'high': 1181.2, 'low_date': '2025-11-21', 'low': 1057.8, 'pullback_pct': 10.45}, {'high_date': '2025-12-01', 'high': 1108.6, 'low_date': '2025-12-08', 'low': 1040.3, 'pullback_pct': 6.16}]",1108.6,False,14.0,1085.9,1039.72,4.25,1224.44,12.76,3.0,no valid VCP base
KPITTECH,None,None,10,4,3,False,"T1_above_ma150_200,T3_ma200_uptrend,T4_ma50_above_med,T6_25pct_above_low,T8_rs_rank",13.9,21.5,101.47,LEADING,False,50,"[{'high_date': '2025-02-07', 'high': 1437.45, 'low_date': '2025-02-28', 'low': 1188.84, 'pullback_pct': 17.3}, {'high_date': '2025-03-06', 'high': 1317.31, 'low_date': '2025-03-13', 'low': 1197.82, 'pullback_pct': 9.07}, {'high_date': '2025-03-24', 'high': 1374.65, 'low_date': '2025-04-07', 'low': 1057.68, 'pullback_pct': 23.06}, {'high_date': '2025-05-15', 'high': 1383.24, 'low_date': '2025-05-20', 'low': 1308.28, 'pullback_pct': 5.42}, {'high_date': '2025-06-18', 'high': 1411.63, 'low_date': '2025-07-02', 'low': 1232.72, 'pullback_pct': 12.67}, {'high_date': '2025-07-15', 'high': 1282.66, 'low_date': '2025-07-28', 'low': 1190.09, 'pullback_pct': 7.22}, {'high_date': '2025-07-30', 'high': 1265.62, 'low_date': '2025-08-28', 'low': 1181.71, 'pullback_pct': 6.63}, {'high_date': '2025-09-18', 'high': 1298.44, 'low_date': '2025-09-30', 'low': 1095.2, 'pullback_pct': 15.65}, {'high_date': '2025-10-27', 'high': 1204.26, 'low_date': '2025-11-07', 'low': 1150.38, 'pullback_pct': 4.47}, {'high_date': '2025-11-12', 'high': 1241.47, 'low_date': '2025-11-21', 'low': 1166.24, 'pullback_pct': 6.06}, {'high_date': '2025-12-04', 'high': 1266.91, 'low_date': '2025-12-10', 'low': 1195.98, 'pullback_pct': 5.6}]",1266.91,False,11.0,1204.66,1165.56,3.25,1321.95,9.74,3.0,no valid VCP base
JUBLFOOD,None,None,10,4,1,False,"T1_above_ma150_200,T2_ma150_above_200,T3_ma200_uptrend,T4_ma50_above_med,T5_above_ma50,T6_25pct_above_low,T8_rs_rank",0.7,24.5,96.25,LAGGING,False,50,"[{'high_date': '2025-02-01', 'high': 738.51, 'low_date': '2025-02-12', 'low': 639.88, 'pullback_pct': 13.35}, {'high_date': '2025-02-20', 'high': 712.16, 'low_date': '2025-03-13', 'low': 595.31, 'pullback_pct': 16.41}, {'high_date': '2025-05-05', 'high': 719.4, 'low_date': '2025-05-09', 'low': 669.03, 'pullback_pct': 7.0}, {'high_date': '2025-05-13', 'high': 700.48, 'low_date': '2025-05-30', 'low': 654.41, 'pullback_pct': 6.58}, {'high_date': '2025-06-09', 'high': 698.03, 'low_date': '2025-06-12', 'low': 666.69, 'pullback_pct': 4.49}, {'high_date': '2025-06-25', 'high': 711.76, 'low_date': '2025-08-22', 'low': 619.15, 'pullback_pct': 13.01}, {'high_date': '2025-09-09', 'high': 663.8, 'low_date': '2025-10-14', 'low': 583.65, 'pullback_pct': 12.07}, {'high_date': '2025-10-30', 'high': 613.25, 'low_date': '2025-11-13', 'low': 573.5, 'pullback_pct': 6.48}, {'high_date': '2025-11-14', 'high': 615.3, 'low_date': '2025-12-15', 'low': 577.45, 'pullback_pct': 6.15}]",615.3,False,31.0,577.45,566.08,1.97,611.57,5.91,3.0,no valid VCP base
GODREJCP,None,None,10,3,4,False,"T1_above_ma150_200,T4_ma50_above_med,T6_25pct_above_low,T8_rs_rank",19.2,9.5,99.31,LAGGING,False,50,"[{'high_date': '2025-02-01', 'high': 1161.19, 'low_date': '2025-02-18', 'low': 993.72, 'pullback_pct': 14.42}, {'high_date': '2025-02-20', 'high': 1051.5, 'low_date': '2025-03-04', 'low': 968.97, 'pullback_pct': 7.85}, {'high_date': '2025-05-16', 'high': 1276.52, 'low_date': '2025-07-01', 'low': 1147.93, 'pullback_pct': 10.07}, {'high_date': '2025-07-09', 'high': 1270.92, 'low_date': '2025-07-29', 'low': 1189.19, 'pullback_pct': 6.43}, {'high_date': '2025-08-01', 'high': 1244.1, 'low_date': '2025-08-08', 'low': 1165.13, 'pullback_pct': 6.35}, {'high_date': '2025-09-02', 'high': 1266.37, 'low_date': '2025-10-14', 'low': 1086.45, 'pullback_pct': 14.21}, {'high_date': '2025-11-03', 'high': 1162.6, 'low_date': '2025-11-24', 'low': 1101.12, 'pullback_pct': 5.29}]",1162.6,False,42.0,1155.31,1122.12,2.87,1254.89,8.62,3.0,no valid VCP base
GICRE,None,None,10,4,2,False,"T1_above_ma150_200,T2_ma150_above_200,T4_ma50_above_med,T5_above_ma50,T6_25pct_above_low,T8_rs_rank",8.6,21.6,99.23,IMPROVING,False,50,"[{'high_date': '2025-01-31', 'high': 400.4, 'low_date': '2025-02-03', 'low': 377.92, 'pullback_pct': 5.61}, {'high_date': '2025-02-07', 'high': 407.36, 'low_date': '2025-02-17', 'low': 351.8, 'pullback_pct': 13.64}, {'high_date': '2025-02-25', 'high': 380.84, 'low_date': '2025-03-03', 'low': 353.26, 'pullback_pct': 7.24}, {'high_date': '2025-03-05', 'high': 381.09, 'low_date': '2025-03-11', 'low': 365.32, 'pullback_pct': 4.14}, {'high_date': '2025-03-21', 'high': 433.39, 'low_date': '2025-04-07', 'low': 374.76, 'pullback_pct': 13.53}, {'high_date': '2025-04-29', 'high': 422.11, 'low_date': '2025-05-09', 'low': 383.81, 'pullback_pct': 9.07}, {'high_date': '2025-05-21', 'high': 424.73, 'low_date': '2025-06-19', 'low': 360.99, 'pullback_pct': 15.01}, {'high_date': '2025-07-16', 'high': 382.74, 'low_date': '2025-07-28', 'low': 360.51, 'pullback_pct': 5.81}, {'high_date': '2025-08-11', 'high': 388.78, 'low_date': '2025-08-29', 'low': 353.89, 'pullback_pct': 8.97}, {'high_date': '2025-11-17', 'high': 395.1, 'low_date': '2025-12-11', 'low': 375.1, 'pullback_pct': 5.06}]",395.1,False,28.0,382.1,369.18,3.38,420.86,10.15,3.0,no valid VCP base
GODIGIT,None,None,10,3,5,False,"T1_above_ma150_200,T5_above_ma50,T8_rs_rank",25.4,6.2,97.7,LAGGING,False,50,"[{'high_date': '2025-02-19', 'high': 307.5, 'low_date': '2025-03-03', 'low': 293.45, 'pullback_pct': 4.57}, {'high_date': '2025-03-04', 'high': 313.8, 'low_date': '2025-03-05', 'low': 299.9, 'pullback_pct': 4.43}, {'high_date': '2025-03-07', 'high': 314.45, 'low_date': '2025-04-07', 'low': 278.75, 'pullback_pct': 11.35}, {'high_date': '2025-04-28', 'high': 309.15, 'low_date': '2025-05-06', 'low': 285.1, 'pullback_pct': 7.78}, {'high_date': '2025-05-30', 'high': 345.0, 'low_date': '2025-06-03', 'low': 331.05, 'pullback_pct': 4.04}, {'high_date': '2025-06-27', 'high': 361.8, 'low_date': '2025-07-08', 'low': 331.0, 'pullback_pct': 8.51}, {'high_date': '2025-07-23', 'high': 359.45, 'low_date': '2025-07-28', 'low': 344.0, 'pullback_pct': 4.3}, {'high_date': '2025-07-30', 'high': 371.1, 'low_date': '2025-08-14', 'low': 355.35, 'pullback_pct': 4.24}, {'high_date': '2025-08-21', 'high': 372.35, 'low_date': '2025-10-03', 'low': 338.6, 'pullback_pct': 9.06}, {'high_date': '2025-10-29', 'high': 365.6, 'low_date': '2025-12-09', 'low': 340.4, 'pullback_pct': 6.89}]",365.6,False,47.0,349.35,336.35,3.72,388.34,11.16,3.0,no valid VCP base
GLENMARK,None,None,10,2,7,False,T8_rs_rank,55.6,10.6,100.11,WEAKENING,False,50,"[{'high_date': '2025-02-07', 'high': 1536.38, 'low_date': '2025-02-14', 'low': 1319.81, 'pullback_pct': 14.1}, {'high_date': '2025-02-18', 'high': 1375.93, 'low_date': '2025-02-28', 'low': 1275.82, 'pullback_pct': 7.28}, {'high_date': '2025-04-03', 'high': 1541.47, 'low_date': '2025-04-17', 'low': 1339.12, 'pullback_pct': 13.13}, {'high_date': '2025-04-24', 'high': 1417.42, 'low_date': '2025-04-25', 'low': 1357.37, 'pullback_pct': 4.24}, {'high_date': '2025-05-16', 'high': 1445.06, 'low_date': '2025-05-28', 'low': 1376.62, 'pullback_pct': 4.74}, {'high_date': '2025-07-17', 'high': 2221.25, 'low_date': '2025-09-02', 'low': 1914.11, 'pullback_pct': 13.83}, {'high_date': '2025-09-12', 'high': 2127.28, 'low_date': '2025-10-27', 'low': 1812.7, 'pullback_pct': 14.79}, {'high_date': '2025-11-03', 'high': 1898.4, 'low_date': '2025-11-06', 'low': 1810.4, 'pullback_pct': 4.64}]",1898.4,True,42.0,1985.6,1928.48,2.88,2156.95,8.63,3.0,no valid VCP base
GILLETTE,None,None,10,3,1,False,"T1_above_ma150_200,T3_ma200_uptrend,T4_ma50_above_med,T5_above_ma50,T6_25pct_above_low,T7_within_25pct_high,T8_rs_rank",10.3,27.6,90.43,LAGGING,False,50,"[{'high_date': '2025-02-07', 'high': 8612.17, 'low_date': '2025-02-17', 'low': 7203.45, 'pullback_pct': 16.36}, {'high_date': '2025-02-19', 'high': 8250.62, 'low_date': '2025-03-13', 'low': 7581.53, 'pullback_pct': 8.11}, {'high_date': '2025-03-20', 'high': 8005.85, 'low_date': '2025-04-07', 'low': 7572.47, 'pullback_pct': 5.41}, {'high_date': '2025-04-23', 'high': 8123.46, 'low_date': '2025-05-09', 'low': 7613.91, 'pullback_pct': 6.27}, {'high_date': '2025-06-05', 'high': 9978.3, 'low_date': '2025-06-09', 'low': 9532.14, 'pullback_pct': 4.47}, {'high_date': '2025-06-17', 'high': 10171.87, 'low_date': '2025-06-20', 'low': 9654.53, 'pullback_pct': 5.09}, {'high_date': '2025-06-30', 'high': 10639.0, 'low_date': '2025-07-10', 'low': 10183.09, 'pullback_pct': 4.29}, {'high_date': '2025-07-18', 'high': 10978.86, 'low_date': '2025-08-28', 'low': 9730.0, 'pullback_pct': 11.38}, {'high_date': '2025-09-04', 'high': 10333.48, 'low_date': '2025-09-16', 'low': 9707.47, 'pullback_pct': 6.06}, {'high_date': '2025-09-19', 'high': 10141.46, 'low_date': '2025-11-21', 'low': 8108.17, 'pullback_pct': 20.05}, {'high_date': '2025-11-27', 'high': 8584.78, 'low_date': '2025-12-15', 'low': 7943.59, 'pullback_pct': 7.47}]",8584.78,False,18.0,7943.59,7898.0,0.57,8080.37,1.72,3.0,no valid VCP base
HCLTECH,None,None,10,2,7,False,T3_ma200_uptrend,25.9,12.4,106.95,LEADING,False,50,"[{'high_date': '2025-03-26', 'high': 1548.45, 'low_date': '2025-04-07', 'low': 1302.64, 'pullback_pct': 15.87}, {'high_date': '2025-05-15', 'high': 1626.35, 'low_date': '2025-06-04', 'low': 1559.32, 'pullback_pct': 4.12}, {'high_date': '2025-06-20', 'high': 1668.44, 'low_date': '2025-09-08', 'low': 1355.92, 'pullback_pct': 18.73}, {'high_date': '2025-09-18', 'high': 1443.67, 'low_date': '2025-09-30', 'low': 1338.62, 'pullback_pct': 7.28}]",1443.67,True,88.0,1640.48,1603.85,2.23,1750.39,6.7,3.0,no valid VCP base
GALLANTT,None,None,10,3,5,False,"T1_above_ma150_200,T5_above_ma50,T8_rs_rank",96.2,24.7,94.4,LAGGING,False,50,"[{'high_date': '2025-02-01', 'high': 326.62, 'low_date': '2025-02-03', 'low': 310.3, 'pullback_pct': 5.0}, {'high_date': '2025-02-06', 'high': 348.59, 'low_date': '2025-02-18', 'low': 307.06, 'pullback_pct': 11.91}, {'high_date': '2025-02-21', 'high': 334.16, 'low_date': '2025-03-03', 'low': 306.01, 'pullback_pct': 8.42}, {'high_date': '2025-03-06', 'high': 343.0, 'low_date': '2025-03-17', 'low': 310.2, 'pullback_pct': 9.56}, {'high_date': '2025-03-26', 'high': 370.95, 'low_date': '2025-03-27', 'low': 352.63, 'pullback_pct': 4.94}, {'high_date': '2025-04-03', 'high': 428.59, 'low_date': '2025-04-07', 'low': 394.75, 'pullback_pct': 7.9}, {'high_date': '2025-04-16', 'high': 472.02, 'low_date': '2025-04-30', 'low': 435.88, 'pullback_pct': 7.66}, {'high_date': '2025-05-05', 'high': 464.58, 'low_date': '2025-05-09', 'low': 414.92, 'pullback_pct': 10.69}, {'high_date': '2025-05-23', 'high': 475.46, 'low_date': '2025-06-06', 'low': 433.79, 'pullback_pct': 8.77}, {'high_date': '2025-06-11', 'high': 465.43, 'low_date': '2025-06-17', 'low': 444.72, 'pullback_pct': 4.45}, {'high_date': '2025-06-25', 'high': 545.24, 'low_date': '2025-07-02', 'low': 523.03, 'pullback_pct': 4.07}, {'high_date': '2025-08-04', 'high': 783.47, 'low_date': '2025-08-29', 'low': 573.94, 'pullback_pct': 26.74}, {'high_date': '2025-09-10', 'high': 728.52, 'low_date': '2025-10-27', 'low': 516.6, 'pullback_pct': 29.09}, {'high_date': '2025-11-04', 'high': 559.3, 'low_date': '2025-11-06', 'low': 522.9, 'pullback_pct': 6.51}, {'high_date': '2025-11-11', 'high': 670.4, 'low_date': '2025-11-13', 'low': 592.75, 'pullback_pct': 11.58}, {'high_date': '2025-11-19', 'high': 631.2, 'low_date': '2025-11-25', 'low': 588.5, 'pullback_pct': 6.76}]",631.2,False,26.0,589.7,580.7,1.53,616.69,4.58,3.0,no valid VCP base
HEG,None,None,10,2,7,False,T8_rs_rank,58.2,9.4,98.57,LAGGING,False,50,"[{'high_date': '2025-02-06', 'high': 375.61, 'low_date': '2025-02-17', 'low': 338.69, 'pullback_pct': 9.83}, {'high_date': '2025-02-20', 'high': 361.76, 'low_date': '2025-02-25', 'low': 341.33, 'pullback_pct': 5.65}, {'high_date': '2025-04-02', 'high': 498.87, 'low_date': '2025-04-09', 'low': 442.97, 'pullback_pct': 11.21}, {'high_date': '2025-04-21', 'high': 478.5, 'low_date': '2025-05-09', 'low': 423.39, 'pullback_pct': 11.52}, {'high_date': '2025-05-19', 'high': 526.82, 'low_date': '2025-05-22', 'low': 478.5, 'pullback_pct': 9.17}, {'high_date': '2025-06-10', 'high': 525.28, 'low_date': '2025-06-19', 'low': 485.47, 'pullback_pct': 7.58}, {'high_date': '2025-07-01', 'high': 511.53, 'low_date': '2025-07-07', 'low': 487.51, 'pullback_pct': 4.69}, {'high_date': '2025-07-17', 'high': 548.5, 'low_date': '2025-07-25', 'low': 511.88, 'pullback_pct': 6.68}, {'high_date': '2025-07-31', 'high': 571.07, 'low_date': '2025-08-29', 'low': 462.0, 'pullback_pct': 19.1}, {'high_date': '2025-10-09', 'high': 535.35, 'low_date': '2025-10-20', 'low': 506.8, 'pullback_pct': 5.33}, {'high_date': '2025-10-31', 'high': 591.0, 'low_date': '2025-11-24', 'low': 496.9, 'pullback_pct': 15.92}, {'high_date': '2025-11-26', 'high': 547.65, 'low_date': '2025-12-02', 'low': 520.0, 'pullback_pct': 5.05}]",547.65,False,19.0,535.65,512.6,4.3,604.81,12.91,3.0,no valid VCP base
GSPL,None,None,10,4,2,False,"T1_above_ma150_200,T3_ma200_uptrend,T4_ma50_above_med,T5_above_ma50,T6_25pct_above_low,T8_rs_rank",9.3,24.4,93.91,LAGGING,False,50,"[{'high_date': '2025-03-06', 'high': 288.8, 'low_date': '2025-03-13', 'low': 268.0, 'pullback_pct': 7.2}, {'high_date': '2025-04-03', 'high': 293.43, 'low_date': '2025-04-07', 'low': 281.38, 'pullback_pct': 4.11}, {'high_date': '2025-05-05', 'high': 324.8, 'low_date': '2025-05-08', 'low': 309.46, 'pullback_pct': 4.72}, {'high_date': '2025-05-19', 'high': 345.55, 'low_date': '2025-06-19', 'low': 309.41, 'pullback_pct': 10.46}, {'high_date': '2025-07-03', 'high': 333.41, 'low_date': '2025-08-29', 'low': 285.12, 'pullback_pct': 14.48}, {'high_date': '2025-09-23', 'high': 322.1, 'low_date': '2025-09-29', 'low': 303.35, 'pullback_pct': 5.82}, {'high_date': '2025-10-03', 'high': 325.35, 'low_date': '2025-11-28', 'low': 287.5, 'pullback_pct': 11.63}, {'high_date': '2025-12-03', 'high': 301.3, 'low_date': '2025-12-11', 'low': 282.45, 'pullback_pct': 6.26}]",301.3,False,12.0,288.0,277.2,3.75,320.41,11.25,3.0,no valid VCP base
NMDC,None,None,10,2,7,False,T8_rs_rank,37.3,0.3,98.99,LAGGING,False,50,"[{'high_date': '2025-02-07', 'high': 61.67, 'low_date': '2025-02-11', 'low': 56.9, 'pullback_pct': 7.74}, {'high_date': '2025-02-21', 'high': 62.66, 'low_date': '2025-03-04', 'low': 57.61, 'pullback_pct': 8.06}, {'high_date': '2025-03-07', 'high': 62.1, 'low_date': '2025-03-13', 'low': 59.02, 'pullback_pct': 4.96}, {'high_date': '2025-04-03', 'high': 67.41, 'low_date': '2025-04-07', 'low': 58.67, 'pullback_pct': 12.96}, {'high_date': '2025-04-23', 'high': 65.19, 'low_date': '2025-05-08', 'low': 61.06, 'pullback_pct': 6.34}, {'high_date': '2025-06-10', 'high': 71.14, 'low_date': '2025-06-19', 'low': 64.17, 'pullback_pct': 9.81}, {'high_date': '2025-07-23', 'high': 69.85, 'low_date': '2025-08-28', 'low': 66.7, 'pullback_pct': 4.51}, {'high_date': '2025-10-09', 'high': 76.48, 'low_date': '2025-11-06', 'low': 70.96, 'pullback_pct': 7.21}, {'high_date': '2025-11-13', 'high': 75.11, 'low_date': '2025-11-24', 'low': 70.4, 'pullback_pct': 6.27}]",75.11,True,32.0,76.23,73.78,3.21,83.58,9.64,3.0,no valid VCP base
GRAVITA,None,None,10,3,4,False,"T2_ma150_above_200,T3_ma200_uptrend,T4_ma50_above_med,T6_25pct_above_low",22.2,22.3,105.61,LEADING,False,50,"[{'high_date': '2025-01-29', 'high': 2096.09, 'low_date': '2025-01-30', 'low': 1963.68, 'pullback_pct': 6.32}, {'high_date': '2025-01-31', 'high': 2058.22, 'low_date': '2025-02-03', 'low': 1928.0, 'pullback_pct': 6.33}, {'high_date': '2025-02-06', 'high': 2045.41, 'low_date': '2025-02-18', 'low': 1632.24, 'pullback_pct': 20.2}, {'high_date': '2025-02-21', 'high': 1743.62, 'low_date': '2025-03-03', 'low': 1526.0, 'pullback_pct': 12.48}, {'high_date': '2025-03-10', 'high': 1703.16, 'low_date': '2025-03-17', 'low': 1578.07, 'pullback_pct': 7.34}, {'high_date': '2025-03-27', 'high': 1867.76, 'low_date': '2025-04-09', 'low': 1587.74, 'pullback_pct': 14.99}, {'high_date': '2025-04-21', 'high': 1974.3, 'low_date': '2025-04-30', 'low': 1746.66, 'pullback_pct': 11.53}, {'high_date': '2025-05-05', 'high': 1929.15, 'low_date': '2025-05-09', 'low': 1806.6, 'pullback_pct': 6.35}, {'high_date': '2025-05-19', 'high': 2113.3, 'low_date': '2025-06-19', 'low': 1650.0, 'pullback_pct': 21.92}, {'high_date': '2025-06-30', 'high': 1880.7, 'low_date': '2025-07-21', 'low': 1713.3, 'pullback_pct': 8.9}, {'high_date': '2025-07-30', 'high': 1898.0, 'low_date': '2025-08-29', 'low': 1619.7, 'pullback_pct': 14.66}, {'high_date': '2025-09-03', 'high': 1697.4, 'low_date': '2025-10-06', 'low': 1543.8, 'pullback_pct': 9.05}, {'high_date': '2025-10-10', 'high': 1642.4, 'low_date': '2025-10-20', 'low': 1559.6, 'pullback_pct': 5.04}, {'high_date': '2025-11-03', 'high': 1806.6, 'low_date': '2025-11-20', 'low': 1701.6, 'pullback_pct': 5.81}, {'high_date': '2025-11-26', 'high': 1851.9, 'low_date': '2025-12-11', 'low': 1772.8, 'pullback_pct': 4.27}]",1851.9,True,19.0,1864.7,1779.42,4.57,2120.52,13.72,3.0,no valid VCP base
HSCL,None,None,10,2,4,False,"T3_ma200_uptrend,T4_ma50_above_med,T6_25pct_above_low,T8_rs_rank",19.8,19.3,99.1,IMPROVING,False,50,"[{'high_date': '2025-02-05', 'high': 512.1, 'low_date': '2025-02-14', 'low': 413.18, 'pullback_pct': 19.32}, {'high_date': '2025-02-21', 'high': 456.37, 'low_date': '2025-03-03', 'low': 398.1, 'pullback_pct': 12.77}, {'high_date': '2025-03-06', 'high': 435.85, 'low_date': '2025-03-13', 'low': 401.09, 'pullback_pct': 7.97}, {'high_date': '2025-03-24', 'high': 457.47, 'low_date': '2025-03-26', 'low': 423.01, 'pullback_pct': 7.53}, {'high_date': '2025-04-03', 'high': 455.72, 'low_date': '2025-04-09', 'low': 408.13, 'pullback_pct': 10.44}, {'high_date': '2025-04-22', 'high': 480.39, 'low_date': '2025-05-09', 'low': 413.83, 'pullback_pct': 13.86}, {'high_date': '2025-06-05', 'high': 497.3, 'low_date': '2025-06-19', 'low': 437.9, 'pullback_pct': 11.94}, {'high_date': '2025-06-30', 'high': 517.8, 'low_date': '2025-07-07', 'low': 491.05, 'pullback_pct': 5.17}, {'high_date': '2025-07-17', 'high': 517.7, 'low_date': '2025-08-11', 'low': 446.45, 'pullback_pct': 13.76}, {'high_date': '2025-08-19', 'high': 480.1, 'low_date': '2025-08-29', 'low': 445.9, 'pullback_pct': 7.12}, {'high_date': '2025-09-11', 'high': 474.95, 'low_date': '2025-09-30', 'low': 440.55, 'pullback_pct': 7.24}, {'high_date': '2025-10-30', 'high': 486.0, 'low_date': '2025-11-24', 'low': 422.0, 'pullback_pct': 13.17}, {'high_date': '2025-12-05', 'high': 476.75, 'low_date': '2025-12-09', 'low': 457.1, 'pullback_pct': 4.12}]",476.75,False,10.0,476.85,455.82,4.41,539.95,13.23,3.0,no valid VCP base
HDFCLIFE,None,None,10,2,6,False,"T4_ma50_above_med,T8_rs_rank",30.4,5.1,100.27,WEAKENING,False,50,"[{'high_date': '2025-01-31', 'high': 636.29, 'low_date': '2025-02-28', 'low': 606.82, 'pullback_pct': 4.63}, {'high_date': '2025-04-02', 'high': 694.23, 'low_date': '2025-04-07', 'low': 664.11, 'pullback_pct': 4.34}, {'high_date': '2025-04-30', 'high': 741.65, 'low_date': '2025-05-09', 'low': 711.63, 'pullback_pct': 4.05}, {'high_date': '2025-05-28', 'high': 787.27, 'low_date': '2025-06-13', 'low': 750.77, 'pullback_pct': 4.64}, {'high_date': '2025-06-30', 'high': 814.3, 'low_date': '2025-08-05', 'low': 738.5, 'pullback_pct': 9.31}, {'high_date': '2025-08-20', 'high': 796.55, 'low_date': '2025-09-08', 'low': 753.75, 'pullback_pct': 5.37}, {'high_date': '2025-09-22', 'high': 787.8, 'low_date': '2025-10-31', 'low': 731.85, 'pullback_pct': 7.1}, {'high_date': '2025-11-26', 'high': 787.55, 'low_date': '2025-12-03', 'low': 751.95, 'pullback_pct': 4.52}]",787.55,False,19.0,772.7,750.02,2.94,840.75,8.81,3.0,no valid VCP base
MANAPPURAM,None,None,10,2,7,False,T8_rs_rank,68.8,3.1,100.26,WEAKENING,False,50,"[{'high_date': '2025-02-07', 'high': 205.72, 'low_date': '2025-02-14', 'low': 175.66, 'pullback_pct': 14.61}, {'high_date': '2025-02-27', 'high': 206.35, 'low_date': '2025-03-04', 'low': 195.77, 'pullback_pct': 5.13}, {'high_date': '2025-03-24', 'high': 238.18, 'low_date': '2025-04-09', 'low': 222.87, 'pullback_pct': 6.43}, {'high_date': '2025-06-13', 'high': 277.57, 'low_date': '2025-06-19', 'low': 261.74, 'pullback_pct': 5.7}, {'high_date': '2025-07-01', 'high': 276.14, 'low_date': '2025-07-09', 'low': 259.66, 'pullback_pct': 5.97}, {'high_date': '2025-07-23', 'high': 271.38, 'low_date': '2025-08-01', 'low': 246.16, 'pullback_pct': 9.29}, {'high_date': '2025-09-16', 'high': 294.59, 'low_date': '2025-09-26', 'low': 275.49, 'pullback_pct': 6.48}, {'high_date': '2025-10-09', 'high': 292.75, 'low_date': '2025-11-04', 'low': 265.09, 'pullback_pct': 9.45}, {'high_date': '2025-11-26', 'high': 286.86, 'low_date': '2025-12-08', 'low': 270.86, 'pullback_pct': 5.58}]",286.86,False,19.0,285.31,274.13,3.92,318.86,11.76,3.0,no valid VCP base
INFY,None,None,10,2,5,False,"T2_ma150_above_200,T3_ma200_uptrend,T6_25pct_above_low",18.4,17.3,105.24,LEADING,False,50,"[{'high_date': '2025-02-06', 'high': 1860.59, 'low_date': '2025-04-07', 'low': 1356.6, 'pullback_pct': 27.09}, {'high_date': '2025-05-12', 'high': 1580.14, 'low_date': '2025-05-22', 'low': 1503.02, 'pullback_pct': 4.88}, {'high_date': '2025-07-04', 'high': 1615.96, 'low_date': '2025-08-08', 'low': 1401.64, 'pullback_pct': 13.26}, {'high_date': '2025-08-25', 'high': 1509.0, 'low_date': '2025-09-08', 'low': 1411.29, 'pullback_pct': 6.47}, {'high_date': '2025-09-18', 'high': 1517.37, 'low_date': '2025-09-29', 'low': 1420.06, 'pullback_pct': 6.41}, {'high_date': '2025-10-10', 'high': 1492.06, 'low_date': '2025-10-17', 'low': 1419.37, 'pullback_pct': 4.87}, {'high_date': '2025-11-12', 'high': 1551.7, 'low_date': '2025-11-18', 'low': 1486.4, 'pullback_pct': 4.21}]",1551.7,True,33.0,1606.8,1568.51,2.38,1721.68,7.15,3.0,no valid VCP base
ITC,None,None,10,4,2,False,"T1_above_ma150_200,T3_ma200_uptrend,T4_ma50_above_med,T5_above_ma50,T6_25pct_above_low,T8_rs_rank",3.8,11.6,97.71,LAGGING,False,50,"[{'high_date': '2025-02-01', 'high': 437.95, 'low_date': '2025-03-04', 'low': 379.75, 'pullback_pct': 13.29}, {'high_date': '2025-05-26', 'high': 425.96, 'low_date': '2025-08-22', 'low': 390.12, 'pullback_pct': 8.41}, {'high_date': '2025-09-04', 'high': 407.36, 'low_date': '2025-10-14', 'low': 388.65, 'pullback_pct': 4.59}, {'high_date': '2025-10-29', 'high': 412.95, 'low_date': '2025-12-12', 'low': 391.89, 'pullback_pct': 5.1}]",412.95,False,47.0,394.04,388.11,1.5,411.83,4.51,3.0,no valid VCP base
LTTS,None,None,10,2,3,False,"T2_ma150_above_200,T3_ma200_uptrend,T4_ma50_above_med,T6_25pct_above_low,T8_rs_rank",16.1,16.8,104.85,LEADING,False,50,"[{'high_date': '2025-02-05', 'high': 5542.1, 'low_date': '2025-02-17', 'low': 4753.98, 'pullback_pct': 14.22}, {'high_date': '2025-02-21', 'high': 5056.19, 'low_date': '2025-02-28', 'low': 4473.99, 'pullback_pct': 11.51}, {'high_date': '2025-03-06', 'high': 4794.75, 'low_date': '2025-03-13', 'low': 4321.01, 'pullback_pct': 9.88}, {'high_date': '2025-03-21', 'high': 4609.4, 'low_date': '2025-03-27', 'low': 4389.66, 'pullback_pct': 4.77}, {'high_date': '2025-04-02', 'high': 4575.2, 'low_date': '2025-04-07', 'low': 4030.26, 'pullback_pct': 11.91}, {'high_date': '2025-04-24', 'high': 4419.41, 'low_date': '2025-05-07', 'low': 4030.85, 'pullback_pct': 8.79}, {'high_date': '2025-05-19', 'high': 4466.09, 'low_date': '2025-06-03', 'low': 4264.76, 'pullback_pct': 4.51}, {'high_date': '2025-06-11', 'high': 4565.12, 'low_date': '2025-08-13', 'low': 4120.75, 'pullback_pct': 9.73}, {'high_date': '2025-08-25', 'high': 4357.82, 'low_date': '2025-09-09', 'low': 4079.92, 'pullback_pct': 6.38}, {'high_date': '2025-09-18', 'high': 4373.45, 'low_date': '2025-09-29', 'low': 3969.9, 'pullback_pct': 9.23}, {'high_date': '2025-10-10', 'high': 4298.48, 'low_date': '2025-11-18', 'low': 4074.5, 'pullback_pct': 5.21}]",4298.48,True,66.0,4610.5,4425.7,4.01,5164.9,12.02,3.0,no valid VCP base
KARURVYSYA,None,None,10,2,7,False,T8_rs_rank,59.1,3.4,104.83,LEADING,False,50,"[{'high_date': '2025-01-31', 'high': 196.55, 'low_date': '2025-03-04', 'low': 160.63, 'pullback_pct': 18.27}, {'high_date': '2025-03-06', 'high': 168.39, 'low_date': '2025-03-13', 'low': 154.05, 'pullback_pct': 8.52}, {'high_date': '2025-04-04', 'high': 178.95, 'low_date': '2025-04-09', 'low': 168.25, 'pullback_pct': 5.98}, {'high_date': '2025-04-22', 'high': 186.6, 'low_date': '2025-05-09', 'low': 172.19, 'pullback_pct': 7.72}, {'high_date': '2025-06-02', 'high': 197.73, 'low_date': '2025-06-04', 'low': 189.36, 'pullback_pct': 4.24}, {'high_date': '2025-07-16', 'high': 226.07, 'low_date': '2025-09-04', 'low': 202.96, 'pullback_pct': 10.22}, {'high_date': '2025-09-18', 'high': 218.93, 'low_date': '2025-09-26', 'low': 205.64, 'pullback_pct': 6.07}, {'high_date': '2025-11-19', 'high': 253.7, 'low_date': '2025-11-24', 'low': 243.52, 'pullback_pct': 4.01}, {'high_date': '2025-12-01', 'high': 253.83, 'low_date': '2025-12-10', 'low': 241.12, 'pullback_pct': 5.01}]",253.83,False,14.0,245.1,236.0,3.71,272.39,11.13,3.0,no valid VCP base
LUPIN,None,None,10,2,5,False,"T2_ma150_above_200,T6_25pct_above_low,T8_rs_rank",13.0,12.1,103.35,LEADING,False,50,"[{'high_date': '2025-02-07', 'high': 2187.54, 'low_date': '2025-02-27', 'low': 1879.36, 'pullback_pct': 14.09}, {'high_date': '2025-03-24', 'high': 2106.85, 'low_date': '2025-04-01', 'low': 1943.31, 'pullback_pct': 7.76}, {'high_date': '2025-04-03', 'high': 2082.75, 'low_date': '2025-04-09', 'low': 1907.83, 'pullback_pct': 8.4}, {'high_date': '2025-04-24', 'high': 2091.09, 'low_date': '2025-04-25', 'low': 2007.12, 'pullback_pct': 4.02}, {'high_date': '2025-04-28', 'high': 2092.39, 'low_date': '2025-05-28', 'low': 1929.6, 'pullback_pct': 7.78}, {'high_date': '2025-06-11', 'high': 2014.07, 'low_date': '2025-07-11', 'low': 1882.99, 'pullback_pct': 6.51}, {'high_date': '2025-07-29', 'high': 1984.6, 'low_date': '2025-08-06', 'low': 1851.8, 'pullback_pct': 6.69}, {'high_date': '2025-08-13', 'high': 1989.8, 'low_date': '2025-09-02', 'low': 1889.7, 'pullback_pct': 5.03}, {'high_date': '2025-09-19', 'high': 2055.6, 'low_date': '2025-10-08', 'low': 1905.6, 'pullback_pct': 7.3}]",2055.6,True,87.0,2092.6,2042.18,2.41,2243.86,7.23,3.0,no valid VCP base
MINDACORP,None,None,10,2,7,False,T8_rs_rank,29.3,2.5,101.08,WEAKENING,False,50,"[{'high_date': '2025-02-04', 'high': 578.36, 'low_date': '2025-02-18', 'low': 500.22, 'pullback_pct': 13.51}, {'high_date': '2025-02-19', 'high': 546.49, 'low_date': '2025-02-28', 'low': 478.93, 'pullback_pct': 12.36}, {'high_date': '2025-04-01', 'high': 542.6, 'low_date': '2025-04-09', 'low': 474.05, 'pullback_pct': 12.63}, {'high_date': '2025-04-21', 'high': 520.66, 'low_date': '2025-05-09', 'low': 466.87, 'pullback_pct': 10.33}, {'high_date': '2025-05-27', 'high': 548.98, 'low_date': '2025-06-03', 'low': 511.74, 'pullback_pct': 6.78}, {'high_date': '2025-06-10', 'high': 572.72, 'low_date': '2025-07-11', 'low': 501.92, 'pullback_pct': 12.36}, {'high_date': '2025-07-17', 'high': 534.97, 'low_date': '2025-08-08', 'low': 457.49, 'pullback_pct': 14.48}, {'high_date': '2025-10-07', 'high': 593.75, 'low_date': '2025-10-27', 'low': 562.23, 'pullback_pct': 5.31}, {'high_date': '2025-11-12', 'high': 606.98, 'low_date': '2025-12-01', 'low': 576.07, 'pullback_pct': 5.09}]",606.98,False,33.0,591.75,568.1,4.0,662.7,11.99,3.0,no valid VCP base
MFSL,None,None,10,2,7,False,T8_rs_rank,72.2,2.2,104.18,LEADING,False,50,"[{'high_date': '2025-02-01', 'high': 1123.25, 'low_date': '2025-03-03', 'low': 986.5, 'pullback_pct': 12.17}, {'high_date': '2025-03-11', 'high': 1086.0, 'low_date': '2025-03-17', 'low': 1040.1, 'pullback_pct': 4.23}, {'high_date': '2025-07-01', 'high': 1653.9, 'low_date': '2025-08-01', 'low': 1472.5, 'pullback_pct': 10.97}, {'high_date': '2025-08-21', 'high': 1659.2, 'low_date': '2025-09-17', 'low': 1538.0, 'pullback_pct': 7.3}, {'high_date': '2025-10-01', 'high': 1621.9, 'low_date': '2025-10-27', 'low': 1513.6, 'pullback_pct': 6.68}, {'high_date': '2025-11-26', 'high': 1736.7, 'low_date': '2025-12-03', 'low': 1664.8, 'pullback_pct': 4.14}]",1736.7,False,19.0,1698.3,1643.43,3.23,1862.9,9.69,3.0,no valid VCP base
NAUKRI,None,None,10,4,3,False,"T1_above_ma150_200,T3_ma200_uptrend,T4_ma50_above_med,T6_25pct_above_low,T8_rs_rank",7.2,24.2,99.57,IMPROVING,False,50,"[{'high_date': '2025-02-06', 'high': 1599.92, 'low_date': '2025-02-17', 'low': 1458.38, 'pullback_pct': 8.85}, {'high_date': '2025-02-20', 'high': 1524.86, 'low_date': '2025-03-13', 'low': 1268.33, 'pullback_pct': 16.82}, {'high_date': '2025-03-27', 'high': 1433.67, 'low_date': '2025-04-07', 'low': 1266.79, 'pullback_pct': 11.64}, {'high_date': '2025-05-05', 'high': 1424.81, 'low_date': '2025-05-08', 'low': 1346.81, 'pullback_pct': 5.47}, {'high_date': '2025-05-16', 'high': 1499.83, 'low_date': '2025-06-04', 'low': 1401.56, 'pullback_pct': 6.55}, {'high_date': '2025-06-10', 'high': 1525.06, 'low_date': '2025-07-18', 'low': 1356.05, 'pullback_pct': 11.08}, {'high_date': '2025-07-23', 'high': 1465.55, 'low_date': '2025-08-11', 'low': 1315.39, 'pullback_pct': 10.25}, {'high_date': '2025-08-21', 'high': 1407.22, 'low_date': '2025-09-04', 'low': 1326.54, 'pullback_pct': 5.73}, {'high_date': '2025-09-22', 'high': 1412.1, 'low_date': '2025-09-30', 'low': 1304.13, 'pullback_pct': 7.65}, {'high_date': '2025-10-07', 'high': 1378.14, 'low_date': '2025-10-20', 'low': 1306.32, 'pullback_pct': 5.21}, {'high_date': '2025-10-29', 'high': 1383.62, 'low_date': '2025-11-14', 'low': 1318.28, 'pullback_pct': 4.72}]",1383.62,False,47.0,1358.61,1310.24,3.56,1503.74,10.68,3.0,no valid VCP base
ITI,None,None,10,2,4,False,"T1_above_ma150_200,T5_above_ma50,T7_within_25pct_high,T8_rs_rank",29.7,44.2,95.13,LAGGING,False,50,"[{'high_date': '2025-02-05', 'high': 318.75, 'low_date': '2025-02-18', 'low': 244.2, 'pullback_pct': 23.39}, {'high_date': '2025-02-21', 'high': 282.65, 'low_date': '2025-02-28', 'low': 246.05, 'pullback_pct': 12.95}, {'high_date': '2025-03-07', 'high': 267.18, 'low_date': '2025-03-12', 'low': 241.3, 'pullback_pct': 9.69}, {'high_date': '2025-03-24', 'high': 266.4, 'low_date': '2025-04-07', 'low': 234.04, 'pullback_pct': 12.15}, {'high_date': '2025-04-22', 'high': 283.32, 'low_date': '2025-05-09', 'low': 241.25, 'pullback_pct': 14.85}, {'high_date': '2025-05-29', 'high': 364.85, 'low_date': '2025-06-19', 'low': 307.05, 'pullback_pct': 15.84}, {'high_date': '2025-06-30', 'high': 336.65, 'low_date': '2025-08-01', 'low': 285.85, 'pullback_pct': 15.09}, {'high_date': '2025-08-07', 'high': 320.3, 'low_date': '2025-08-28', 'low': 283.05, 'pullback_pct': 11.63}, {'high_date': '2025-09-22', 'high': 323.25, 'low_date': '2025-09-29', 'low': 301.15, 'pullback_pct': 6.84}, {'high_date': '2025-10-08', 'high': 356.65, 'low_date': '2025-11-21', 'low': 297.25, 'pullback_pct': 16.65}, {'high_date': '2025-11-24', 'high': 325.15, 'low_date': '2025-12-10', 'low': 301.35, 'pullback_pct': 7.32}]",325.15,False,21.0,303.6,299.14,1.47,316.99,4.41,3.0,no valid VCP base
INDUSINDBK,None,None,10,2,7,False,T3_ma200_uptrend,33.6,21.1,106.81,LEADING,False,50,"[{'high_date': '2025-02-07', 'high': 1079.1, 'low_date': '2025-03-11', 'low': 655.95, 'pullback_pct': 39.21}, {'high_date': '2025-03-19', 'high': 692.7, 'low_date': '2025-03-25', 'low': 637.05, 'pullback_pct': 8.03}, {'high_date': '2025-04-03', 'high': 709.4, 'low_date': '2025-04-07', 'low': 675.9, 'pullback_pct': 4.72}, {'high_date': '2025-04-21', 'high': 828.2, 'low_date': '2025-04-22', 'low': 787.5, 'pullback_pct': 4.91}, {'high_date': '2025-05-02', 'high': 856.45, 'low_date': '2025-05-21', 'low': 769.95, 'pullback_pct': 10.1}, {'high_date': '2025-06-10', 'high': 845.05, 'low_date': '2025-06-17', 'low': 809.15, 'pullback_pct': 4.25}, {'high_date': '2025-07-01', 'high': 879.1, 'low_date': '2025-07-09', 'low': 840.75, 'pullback_pct': 4.36}, {'high_date': '2025-07-15', 'high': 881.0, 'low_date': '2025-08-01', 'low': 783.7, 'pullback_pct': 11.04}, {'high_date': '2025-08-05', 'high': 819.15, 'low_date': '2025-09-26', 'low': 712.75, 'pullback_pct': 12.99}, {'high_date': '2025-11-12', 'high': 864.4, 'low_date': '2025-11-20', 'low': 829.4, 'pullback_pct': 4.05}, {'high_date': '2025-12-05', 'high': 870.1, 'low_date': '2025-12-10', 'low': 833.85, 'pullback_pct': 4.17}]",870.1,False,10.0,851.25,821.91,3.45,939.27,10.34,3.0,no valid VCP base
IEX,None,None,10,4,1,False,"T1_above_ma150_200,T2_ma150_above_200,T3_ma200_uptrend,T4_ma50_above_med,T6_25pct_above_low,T7_within_25pct_high,T8_rs_rank",7.7,32.2,99.63,IMPROVING,False,50,"[{'high_date': '2025-01-29', 'high': 171.39, 'low_date': '2025-02-01', 'low': 162.53, 'pullback_pct': 5.17}, {'high_date': '2025-02-06', 'high': 176.49, 'low_date': '2025-03-04', 'low': 147.52, 'pullback_pct': 16.41}, {'high_date': '2025-03-07', 'high': 158.25, 'low_date': '2025-03-13', 'low': 148.24, 'pullback_pct': 6.33}, {'high_date': '2025-04-03', 'high': 175.74, 'low_date': '2025-04-07', 'low': 167.78, 'pullback_pct': 4.53}, {'high_date': '2025-06-10', 'high': 204.28, 'low_date': '2025-06-19', 'low': 173.97, 'pullback_pct': 14.84}, {'high_date': '2025-07-15', 'high': 203.28, 'low_date': '2025-07-24', 'low': 128.71, 'pullback_pct': 36.68}, {'high_date': '2025-07-25', 'high': 141.07, 'low_date': '2025-08-01', 'low': 128.49, 'pullback_pct': 8.92}, {'high_date': '2025-09-19', 'high': 144.97, 'low_date': '2025-09-26', 'low': 134.0, 'pullback_pct': 7.56}, {'high_date': '2025-10-03', 'high': 139.67, 'low_date': '2025-10-17', 'low': 130.52, 'pullback_pct': 6.55}, {'high_date': '2025-10-29', 'high': 144.61, 'low_date': '2025-11-18', 'low': 132.92, 'pullback_pct': 8.08}, {'high_date': '2025-12-03', 'high': 144.83, 'low_date': '2025-12-10', 'low': 135.67, 'pullback_pct': 6.33}]",144.83,False,12.0,138.44,133.24,3.75,154.03,11.26,3.0,no valid VCP base
YESBANK,None,None,10,2,6,False,"T5_above_ma50,T8_rs_rank",35.1,9.4,98.72,LAGGING,False,50,"[{'high_date': '2025-02-05', 'high': 19.42, 'low_date': '2025-02-18', 'low': 17.46, 'pullback_pct': 10.09}, {'high_date': '2025-02-20', 'high': 18.21, 'low_date': '2025-03-03', 'low': 16.31, 'pullback_pct': 10.43}, {'high_date': '2025-03-06', 'high': 16.98, 'low_date': '2025-03-17', 'low': 16.11, 'pullback_pct': 5.12}, {'high_date': '2025-04-03', 'high': 17.95, 'low_date': '2025-04-07', 'low': 16.85, 'pullback_pct': 6.13}, {'high_date': '2025-04-21', 'high': 18.82, 'low_date': '2025-04-30', 'low': 17.72, 'pullback_pct': 5.84}, {'high_date': '2025-06-02', 'high': 23.28, 'low_date': '2025-06-19', 'low': 19.41, 'pullback_pct': 16.62}, {'high_date': '2025-07-15', 'high': 20.46, 'low_date': '2025-08-08', 'low': 18.54, 'pullback_pct': 9.38}, {'high_date': '2025-08-25', 'high': 19.55, 'low_date': '2025-08-28', 'low': 18.68, 'pullback_pct': 4.45}, {'high_date': '2025-10-13', 'high': 24.03, 'low_date': '2025-10-30', 'low': 22.23, 'pullback_pct': 7.49}, {'high_date': '2025-11-17', 'high': 23.16, 'low_date': '2025-12-10', 'low': 21.72, 'pullback_pct': 6.22}]",23.16,False,28.0,21.76,21.31,2.08,23.12,6.24,3.0,no valid VCP base
WIPRO,None,None,10,2,3,False,"T2_ma150_above_200,T3_ma200_uptrend,T4_ma50_above_med,T6_25pct_above_low,T8_rs_rank",14.0,16.3,103.09,LEADING,False,50,"[{'high_date': '2025-02-10', 'high': 305.02, 'low_date': '2025-03-17', 'low': 248.42, 'pullback_pct': 18.56}, {'high_date': '2025-03-27', 'high': 260.23, 'low_date': '2025-04-09', 'low': 226.24, 'pullback_pct': 13.06}, {'high_date': '2025-04-16', 'high': 236.76, 'low_date': '2025-04-22', 'low': 223.85, 'pullback_pct': 5.45}, {'high_date': '2025-05-12', 'high': 245.97, 'low_date': '2025-05-22', 'low': 235.13, 'pullback_pct': 4.41}, {'high_date': '2025-07-04', 'high': 258.18, 'low_date': '2025-07-14', 'low': 243.07, 'pullback_pct': 5.85}, {'high_date': '2025-07-18', 'high': 255.21, 'low_date': '2025-08-08', 'low': 233.03, 'pullback_pct': 8.69}, {'high_date': '2025-08-25', 'high': 247.45, 'low_date': '2025-09-08', 'low': 236.42, 'pullback_pct': 4.46}, {'high_date': '2025-09-18', 'high': 250.46, 'low_date': '2025-09-26', 'low': 229.82, 'pullback_pct': 8.24}, {'high_date': '2025-10-16', 'high': 247.42, 'low_date': '2025-11-07', 'low': 230.54, 'pullback_pct': 6.82}]",247.42,True,60.0,255.15,249.6,2.18,271.82,6.53,3.0,no valid VCP base
VOLTAS,None,None,10,2,6,False,"T6_25pct_above_low,T8_rs_rank",16.0,23.9,97.97,LAGGING,False,50,"[{'high_date': '2025-02-03', 'high': 1393.52, 'low_date': '2025-02-14', 'low': 1207.11, 'pullback_pct': 13.38}, {'high_date': '2025-03-19', 'high': 1486.9, 'low_date': '2025-04-16', 'low': 1270.01, 'pullback_pct': 14.59}, {'high_date': '2025-04-22', 'high': 1337.14, 'low_date': '2025-05-02', 'low': 1196.92, 'pullback_pct': 10.49}, {'high_date': '2025-06-10', 'high': 1310.39, 'low_date': '2025-06-19', 'low': 1254.0, 'pullback_pct': 4.3}, {'high_date': '2025-07-16', 'high': 1397.3, 'low_date': '2025-08-12', 'low': 1245.0, 'pullback_pct': 10.9}, {'high_date': '2025-09-02', 'high': 1440.6, 'low_date': '2025-09-26', 'low': 1340.2, 'pullback_pct': 6.97}, {'high_date': '2025-10-21', 'high': 1455.8, 'low_date': '2025-11-06', 'low': 1292.4, 'pullback_pct': 11.22}, {'high_date': '2025-11-20', 'high': 1411.8, 'low_date': '2025-12-08', 'low': 1322.5, 'pullback_pct': 6.33}]",1411.8,False,25.0,1388.9,1345.69,3.11,1518.53,9.33,3.0,no valid VCP base
KFINTECH,None,None,10,4,3,False,"T1_above_ma150_200,T4_ma50_above_med,T5_above_ma50,T7_within_25pct_high,T8_rs_rank",31.8,33.6,96.32,IMPROVING,False,50,"[{'high_date': '2025-01-24', 'high': 1157.15, 'low_date': '2025-02-03', 'low': 1053.15, 'pullback_pct': 8.99}, {'high_date': '2025-02-07', 'high': 1216.11, 'low_date': '2025-02-18', 'low': 796.47, 'pullback_pct': 34.51}, {'high_date': '2025-02-21', 'high': 905.14, 'low_date': '2025-02-27', 'low': 837.24, 'pullback_pct': 7.5}, {'high_date': '2025-03-24', 'high': 1131.52, 'low_date': '2025-04-07', 'low': 989.57, 'pullback_pct': 12.54}, {'high_date': '2025-04-23', 'high': 1278.04, 'low_date': '2025-04-25', 'low': 1211.49, 'pullback_pct': 5.21}, {'high_date': '2025-04-29', 'high': 1261.35, 'low_date': '2025-05-06', 'low': 1034.77, 'pullback_pct': 17.96}, {'high_date': '2025-05-12', 'high': 1110.47, 'low_date': '2025-05-15', 'low': 1034.08, 'pullback_pct': 6.88}, {'high_date': '2025-06-10', 'high': 1257.28, 'low_date': '2025-06-12', 'low': 1186.06, 'pullback_pct': 5.66}, {'high_date': '2025-06-30', 'high': 1338.74, 'low_date': '2025-08-08', 'low': 1065.86, 'pullback_pct': 20.38}, {'high_date': '2025-08-22', 'high': 1126.2, 'low_date': '2025-08-29', 'low': 1021.2, 'pullback_pct': 9.32}, {'high_date': '2025-09-19', 'high': 1149.9, 'low_date': '2025-10-08', 'low': 1033.5, 'pullback_pct': 10.12}, {'high_date': '2025-10-28', 'high': 1174.8, 'low_date': '2025-11-06', 'low': 1062.1, 'pullback_pct': 9.59}, {'high_date': '2025-11-07', 'high': 1111.0, 'low_date': '2025-11-24', 'low': 1045.5, 'pullback_pct': 5.9}, {'high_date': '2025-12-01', 'high': 1096.2, 'low_date': '2025-12-10', 'low': 1025.9, 'pullback_pct': 6.41}]",1096.2,False,14.0,1049.5,1008.5,3.91,1172.49,11.72,3.0,no valid VCP base
LT,None,None,10,2,7,False,T8_rs_rank,35.2,0.0,103.17,LEADING,False,50,"[{'high_date': '2025-01-31', 'high': 3534.44, 'low_date': '2025-02-03', 'low': 3258.81, 'pullback_pct': 7.8}, {'high_date': '2025-02-04', 'high': 3407.37, 'low_date': '2025-02-28', 'low': 3134.62, 'pullback_pct': 8.0}, {'high_date': '2025-03-27', 'high': 3469.24, 'low_date': '2025-04-09', 'low': 3025.93, 'pullback_pct': 12.78}, {'high_date': '2025-06-11', 'high': 3684.8, 'low_date': '2025-07-28', 'low': 3422.2, 'pullback_pct': 7.13}, {'high_date': '2025-08-13', 'high': 3693.7, 'low_date': '2025-09-09', 'low': 3525.0, 'pullback_pct': 4.57}]",3693.7,True,124.0,4092.3,3996.12,2.35,4380.85,7.05,3.0,no valid VCP base
LICI,None,None,10,3,3,False,"T1_above_ma150_200,T4_ma50_above_med,T5_above_ma50,T6_25pct_above_low,T8_rs_rank",19.1,10.7,97.04,LAGGING,False,50,"[{'high_date': '2025-02-01', 'high': 837.1, 'low_date': '2025-03-03', 'low': 719.66, 'pullback_pct': 14.03}, {'high_date': '2025-04-03', 'high': 804.63, 'low_date': '2025-04-07', 'low': 757.16, 'pullback_pct': 5.9}, {'high_date': '2025-04-22', 'high': 810.65, 'low_date': '2025-05-08', 'low': 771.62, 'pullback_pct': 4.81}, {'high_date': '2025-06-30', 'high': 960.07, 'low_date': '2025-08-29', 'low': 852.15, 'pullback_pct': 11.24}, {'high_date': '2025-11-07', 'high': 924.15, 'low_date': '2025-12-15', 'low': 856.9, 'pullback_pct': 7.28}]",924.15,False,38.0,856.9,850.22,0.78,876.95,2.34,3.0,no valid VCP base
LINDEINDIA,None,None,10,4,3,False,"T1_above_ma150_200,T3_ma200_uptrend,T4_ma50_above_med,T6_25pct_above_low,T8_rs_rank",10.9,19.0,96.8,LAGGING,False,50,"[{'high_date': '2025-02-05', 'high': 6316.05, 'low_date': '2025-02-18', 'low': 5532.86, 'pullback_pct': 12.4}, {'high_date': '2025-02-24', 'high': 6331.92, 'low_date': '2025-03-03', 'low': 5820.82, 'pullback_pct': 8.07}, {'high_date': '2025-03-07', 'high': 6210.55, 'low_date': '2025-03-11', 'low': 5932.57, 'pullback_pct': 4.48}, {'high_date': '2025-03-21', 'high': 6459.59, 'low_date': '2025-04-04', 'low': 5783.59, 'pullback_pct': 10.46}, {'high_date': '2025-04-23', 'high': 6544.83, 'low_date': '2025-05-08', 'low': 6016.31, 'pullback_pct': 8.08}, {'high_date': '2025-05-19', 'high': 7296.43, 'low_date': '2025-05-22', 'low': 6969.04, 'pullback_pct': 4.49}, {'high_date': '2025-05-28', 'high': 7574.41, 'low_date': '2025-06-20', 'low': 6510.39, 'pullback_pct': 14.05}, {'high_date': '2025-06-23', 'high': 6854.25, 'low_date': '2025-06-24', 'low': 6550.32, 'pullback_pct': 4.43}, {'high_date': '2025-07-08', 'high': 6880.7, 'low_date': '2025-08-14', 'low': 6212.5, 'pullback_pct': 9.71}, {'high_date': '2025-09-15', 'high': 6529.5, 'low_date': '2025-11-18', 'low': 5695.5, 'pullback_pct': 12.77}, {'high_date': '2025-11-20', 'high': 6125.5, 'low_date': '2025-12-03', 'low': 5771.0, 'pullback_pct': 5.79}]",6125.5,True,25.0,6137.5,5873.71,4.3,6928.86,12.89,3.0,no valid VCP base
TORNTPOWER,None,None,10,4,1,False,"T1_above_ma150_200,T2_ma150_above_200,T3_ma200_uptrend,T4_ma50_above_med,T5_above_ma50,T6_25pct_above_low,T8_rs_rank",7.7,22.3,99.69,IMPROVING,False,50,"[{'high_date': '2025-01-29', 'high': 1438.86, 'low_date': '2025-02-05', 'low': 1300.93, 'pullback_pct': 9.59}, {'high_date': '2025-02-07', 'high': 1372.78, 'low_date': '2025-02-18', 'low': 1218.15, 'pullback_pct': 11.26}, {'high_date': '2025-02-25', 'high': 1304.3, 'low_date': '2025-02-28', 'low': 1245.57, 'pullback_pct': 4.5}, {'high_date': '2025-03-10', 'high': 1331.27, 'low_date': '2025-03-13', 'low': 1273.43, 'pullback_pct': 4.34}, {'high_date': '2025-04-15', 'high': 1601.25, 'low_date': '2025-05-09', 'low': 1352.82, 'pullback_pct': 15.51}, {'high_date': '2025-05-12', 'high': 1445.03, 'low_date': '2025-05-30', 'low': 1355.09, 'pullback_pct': 6.22}, {'high_date': '2025-06-10', 'high': 1436.71, 'low_date': '2025-06-19', 'low': 1352.78, 'pullback_pct': 5.84}, {'high_date': '2025-06-27', 'high': 1458.09, 'low_date': '2025-08-01', 'low': 1274.99, 'pullback_pct': 12.56}, {'high_date': '2025-08-13', 'high': 1348.13, 'low_date': '2025-08-29', 'low': 1214.71, 'pullback_pct': 9.9}, {'high_date': '2025-09-03', 'high': 1300.72, 'low_date': '2025-10-06', 'low': 1187.69, 'pullback_pct': 8.69}, {'high_date': '2025-10-16', 'high': 1323.88, 'low_date': '2025-10-28', 'low': 1264.1, 'pullback_pct': 4.52}, {'high_date': '2025-11-03', 'high': 1331.01, 'low_date': '2025-11-06', 'low': 1260.14, 'pullback_pct': 5.32}, {'high_date': '2025-11-11', 'high': 1323.09, 'low_date': '2025-12-08', 'low': 1242.23, 'pullback_pct': 6.11}]",1323.09,False,34.0,1279.44,1241.18,2.99,1394.22,8.97,3.0,no valid VCP base
TEGA,None,None,10,2,6,False,"T5_above_ma50,T8_rs_rank",51.2,9.0,98.37,LAGGING,False,50,"[{'high_date': '2025-02-05', 'high': 1642.36, 'low_date': '2025-03-04', 'low': 1269.07, 'pullback_pct': 22.73}, {'high_date': '2025-03-07', 'high': 1357.38, 'low_date': '2025-03-13', 'low': 1276.06, 'pullback_pct': 5.99}, {'high_date': '2025-03-24', 'high': 1507.14, 'low_date': '2025-04-07', 'low': 1342.45, 'pullback_pct': 10.93}, {'high_date': '2025-04-15', 'high': 1459.58, 'low_date': '2025-05-09', 'low': 1270.17, 'pullback_pct': 12.98}, {'high_date': '2025-05-15', 'high': 1507.64, 'low_date': '2025-05-19', 'low': 1444.6, 'pullback_pct': 4.18}, {'high_date': '2025-05-30', 'high': 1648.4, 'low_date': '2025-06-18', 'low': 1472.67, 'pullback_pct': 10.66}, {'high_date': '2025-07-21', 'high': 1996.76, 'low_date': '2025-08-20', 'low': 1791.26, 'pullback_pct': 10.29}, {'high_date': '2025-08-25', 'high': 1890.57, 'low_date': '2025-08-28', 'low': 1798.16, 'pullback_pct': 4.89}, {'high_date': '2025-09-17', 'high': 2108.9, 'low_date': '2025-09-29', 'low': 1885.6, 'pullback_pct': 10.59}, {'high_date': '2025-10-03', 'high': 1974.0, 'low_date': '2025-10-24', 'low': 1885.1, 'pullback_pct': 4.5}, {'high_date': '2025-11-13', 'high': 1964.6, 'low_date': '2025-11-24', 'low': 1847.2, 'pullback_pct': 5.98}]",1964.6,False,32.0,1918.3,1861.91,2.94,2087.47,8.82,3.0,no valid VCP base
TIMKEN,None,None,10,3,5,False,"T1_above_ma150_200,T4_ma50_above_med,T8_rs_rank",37.8,11.5,100.08,LEADING,False,50,"[{'high_date': '2025-02-01', 'high': 2854.65, 'low_date': '2025-02-07', 'low': 2634.38, 'pullback_pct': 7.72}, {'high_date': '2025-02-11', 'high': 2789.28, 'low_date': '2025-02-28', 'low': 2448.85, 'pullback_pct': 12.2}, {'high_date': '2025-03-24', 'high': 2759.49, 'low_date': '2025-04-09', 'low': 2247.19, 'pullback_pct': 18.56}, {'high_date': '2025-04-22', 'high': 2626.02, 'low_date': '2025-04-30', 'low': 2427.38, 'pullback_pct': 7.56}, {'high_date': '2025-05-16', 'high': 3064.28, 'low_date': '2025-05-23', 'low': 2918.2, 'pullback_pct': 4.77}, {'high_date': '2025-06-11', 'high': 3376.45, 'low_date': '2025-06-17', 'low': 3156.43, 'pullback_pct': 6.52}, {'high_date': '2025-06-30', 'high': 3462.46, 'low_date': '2025-07-08', 'low': 3274.9, 'pullback_pct': 5.42}, {'high_date': '2025-07-23', 'high': 3497.5, 'low_date': '2025-08-14', 'low': 2835.7, 'pullback_pct': 18.92}, {'high_date': '2025-08-25', 'high': 3027.4, 'low_date': '2025-09-04', 'low': 2876.0, 'pullback_pct': 5.0}, {'high_date': '2025-10-03', 'high': 3076.0, 'low_date': '2025-10-14', 'low': 2909.4, 'pullback_pct': 5.42}, {'high_date': '2025-10-31', 'high': 3144.0, 'low_date': '2025-11-07', 'low': 3015.4, 'pullback_pct': 4.09}, {'high_date': '2025-12-02', 'high': 3166.3, 'low_date': '2025-12-08', 'low': 3015.3, 'pullback_pct': 4.77}]",3166.3,False,13.0,3095.6,2937.34,5.11,3570.38,15.34,3.0,no valid VCP base
TRITURBINE,None,None,10,4,2,False,"T1_above_ma150_200,T3_ma200_uptrend,T4_ma50_above_med,T6_25pct_above_low,T7_within_25pct_high,T8_rs_rank",12.6,34.9,100.27,LEADING,False,50,"[{'high_date': '2025-01-31', 'high': 662.48, 'low_date': '2025-02-11', 'low': 552.22, 'pullback_pct': 16.64}, {'high_date': '2025-02-14', 'high': 583.81, 'low_date': '2025-02-17', 'low': 542.35, 'pullback_pct': 7.1}, {'high_date': '2025-02-21', 'high': 583.31, 'low_date': '2025-03-03', 'low': 474.32, 'pullback_pct': 18.68}, {'high_date': '2025-03-07', 'high': 608.4, 'low_date': '2025-03-17', 'low': 504.77, 'pullback_pct': 17.03}, {'high_date': '2025-03-24', 'high': 571.01, 'low_date': '2025-04-09', 'low': 473.38, 'pullback_pct': 17.1}, {'high_date': '2025-05-05', 'high': 522.07, 'low_date': '2025-05-06', 'low': 500.36, 'pullback_pct': 4.16}, {'high_date': '2025-05-15', 'high': 610.09, 'low_date': '2025-05-22', 'low': 567.59, 'pullback_pct': 6.97}, {'high_date': '2025-05-27', 'high': 600.96, 'low_date': '2025-06-02', 'low': 570.77, 'pullback_pct': 5.02}, {'high_date': '2025-07-18', 'high': 662.2, 'low_date': '2025-08-14', 'low': 507.05, 'pullback_pct': 23.43}, {'high_date': '2025-08-21', 'high': 531.05, 'low_date': '2025-09-08', 'low': 505.78, 'pullback_pct': 4.76}, {'high_date': '2025-09-15', 'high': 539.92, 'low_date': '2025-09-26', 'low': 513.19, 'pullback_pct': 4.95}, {'high_date': '2025-11-03', 'high': 537.63, 'low_date': '2025-11-07', 'low': 513.54, 'pullback_pct': 4.48}, {'high_date': '2025-11-19', 'high': 544.25, 'low_date': '2025-12-02', 'low': 522.1, 'pullback_pct': 4.07}, {'high_date': '2025-12-09', 'high': 547.09, 'low_date': '2025-12-11', 'low': 522.05, 'pullback_pct': 4.58}]",547.09,False,6.0,533.15,511.05,4.15,599.46,12.44,3.0,no valid VCP base
TRIDENT,None,None,10,4,2,False,"T1_above_ma150_200,T3_ma200_uptrend,T4_ma50_above_med,T5_above_ma50,T6_25pct_above_low,T8_rs_rank",15.8,24.4,96.79,LAGGING,False,50,"[{'high_date': '2025-02-04', 'high': 30.77, 'low_date': '2025-03-17', 'low': 23.66, 'pullback_pct': 23.11}, {'high_date': '2025-03-19', 'high': 25.53, 'low_date': '2025-03-28', 'low': 23.9, 'pullback_pct': 6.37}, {'high_date': '2025-04-03', 'high': 26.78, 'low_date': '2025-04-07', 'low': 25.05, 'pullback_pct': 6.47}, {'high_date': '2025-04-23', 'high': 28.99, 'low_date': '2025-04-30', 'low': 26.1, 'pullback_pct': 9.96}, {'high_date': '2025-05-21', 'high': 32.97, 'low_date': '2025-06-19', 'low': 29.21, 'pullback_pct': 11.42}, {'high_date': '2025-07-09', 'high': 32.3, 'low_date': '2025-08-11', 'low': 27.6, 'pullback_pct': 14.55}, {'high_date': '2025-08-20', 'high': 28.93, 'low_date': '2025-08-29', 'low': 27.37, 'pullback_pct': 5.39}, {'high_date': '2025-09-22', 'high': 30.35, 'low_date': '2025-10-15', 'low': 27.83, 'pullback_pct': 8.3}, {'high_date': '2025-10-29', 'high': 28.97, 'low_date': '2025-12-08', 'low': 27.11, 'pullback_pct': 6.42}]",28.97,False,47.0,27.4,26.65,2.73,29.64,8.19,3.0,no valid VCP base
UNITDSPR,None,None,10,3,5,False,"T2_ma150_above_200,T6_25pct_above_low,T8_rs_rank",13.3,13.8,102.46,LEADING,False,50,"[{'high_date': '2025-02-01', 'high': 1478.32, 'low_date': '2025-02-28', 'low': 1267.49, 'pullback_pct': 14.26}, {'high_date': '2025-05-07', 'high': 1572.9, 'low_date': '2025-05-30', 'low': 1504.22, 'pullback_pct': 4.37}, {'high_date': '2025-06-05', 'high': 1593.19, 'low_date': '2025-08-28', 'low': 1275.73, 'pullback_pct': 19.93}, {'high_date': '2025-10-03', 'high': 1356.47, 'low_date': '2025-10-14', 'low': 1296.54, 'pullback_pct': 4.42}]",1356.47,True,73.0,1435.91,1397.87,2.65,1550.01,7.95,3.0,no valid VCP base
USHAMART,None,None,10,2,7,False,T8_rs_rank,60.8,4.2,96.36,LAGGING,False,50,"[{'high_date': '2025-01-30', 'high': 347.67, 'low_date': '2025-02-19', 'low': 288.0, 'pullback_pct': 17.16}, {'high_date': '2025-02-24', 'high': 305.85, 'low_date': '2025-02-25', 'low': 290.08, 'pullback_pct': 5.16}, {'high_date': '2025-03-07', 'high': 330.26, 'low_date': '2025-03-13', 'low': 303.57, 'pullback_pct': 8.08}, {'high_date': '2025-03-26', 'high': 344.64, 'low_date': '2025-04-09', 'low': 295.78, 'pullback_pct': 14.18}, {'high_date': '2025-04-16', 'high': 318.06, 'low_date': '2025-04-30', 'low': 286.95, 'pullback_pct': 9.78}, {'high_date': '2025-05-19', 'high': 332.19, 'low_date': '2025-06-06', 'low': 303.72, 'pullback_pct': 8.57}, {'high_date': '2025-07-15', 'high': 387.25, 'low_date': '2025-07-28', 'low': 362.1, 'pullback_pct': 6.49}, {'high_date': '2025-07-31', 'high': 377.65, 'low_date': '2025-08-11', 'low': 339.5, 'pullback_pct': 10.1}, {'high_date': '2025-09-29', 'high': 476.45, 'low_date': '2025-10-08', 'low': 446.1, 'pullback_pct': 6.37}, {'high_date': '2025-10-09', 'high': 481.6, 'low_date': '2025-10-13', 'low': 458.3, 'pullback_pct': 4.84}, {'high_date': '2025-10-14', 'high': 480.4, 'low_date': '2025-10-24', 'low': 448.4, 'pullback_pct': 6.66}, {'high_date': '2025-11-10', 'high': 481.3, 'low_date': '2025-11-25', 'low': 412.55, 'pullback_pct': 14.28}, {'high_date': '2025-12-04', 'high': 436.15, 'low_date': '2025-12-08', 'low': 417.35, 'pullback_pct': 4.31}]",436.15,True,11.0,461.5,437.94,5.1,532.17,15.31,3.0,no valid VCP base
TECHM,None,None,10,2,6,False,"T3_ma200_uptrend,T4_ma50_above_med",27.4,9.8,105.23,LEADING,False,50,"[{'high_date': '2025-01-24', 'high': 1674.6, 'low_date': '2025-03-19', 'low': 1356.89, 'pullback_pct': 18.97}, {'high_date': '2025-03-24', 'high': 1417.63, 'low_date': '2025-04-09', 'low': 1236.96, 'pullback_pct': 12.74}, {'high_date': '2025-05-15', 'high': 1583.29, 'low_date': '2025-06-03', 'low': 1500.39, 'pullback_pct': 5.24}, {'high_date': '2025-06-17', 'high': 1670.27, 'low_date': '2025-08-01', 'low': 1423.89, 'pullback_pct': 14.75}, {'high_date': '2025-08-25', 'high': 1511.28, 'low_date': '2025-09-08', 'low': 1445.56, 'pullback_pct': 4.35}, {'high_date': '2025-09-19', 'high': 1537.7, 'low_date': '2025-09-30', 'low': 1385.79, 'pullback_pct': 9.88}, {'high_date': '2025-10-23', 'high': 1463.4, 'low_date': '2025-11-07', 'low': 1386.7, 'pullback_pct': 5.24}]",1463.4,True,53.0,1575.4,1537.06,2.43,1690.41,7.3,3.0,no valid VCP base
UNIONBANK,None,None,10,2,7,False,T8_rs_rank,56.9,1.7,104.39,LEADING,False,50,"[{'high_date': '2025-01-31', 'high': 111.71, 'low_date': '2025-02-03', 'low': 105.57, 'pullback_pct': 5.49}, {'high_date': '2025-02-06', 'high': 115.46, 'low_date': '2025-02-17', 'low': 105.44, 'pullback_pct': 8.68}, {'high_date': '2025-02-24', 'high': 113.46, 'low_date': '2025-03-03', 'low': 105.5, 'pullback_pct': 7.02}, {'high_date': '2025-03-07', 'high': 113.92, 'low_date': '2025-03-17', 'low': 108.85, 'pullback_pct': 4.45}, {'high_date': '2025-03-24', 'high': 123.28, 'low_date': '2025-03-26', 'low': 116.27, 'pullback_pct': 5.69}, {'high_date': '2025-04-03', 'high': 126.99, 'low_date': '2025-04-09', 'low': 112.92, 'pullback_pct': 11.07}, {'high_date': '2025-04-23', 'high': 125.06, 'low_date': '2025-05-08', 'low': 111.79, 'pullback_pct': 10.61}, {'high_date': '2025-06-09', 'high': 150.3, 'low_date': '2025-06-19', 'low': 135.1, 'pullback_pct': 10.11}, {'high_date': '2025-07-01', 'high': 149.57, 'low_date': '2025-08-05', 'low': 127.98, 'pullback_pct': 14.44}, {'high_date': '2025-08-19', 'high': 137.53, 'low_date': '2025-08-29', 'low': 124.82, 'pullback_pct': 9.24}, {'high_date': '2025-09-19', 'high': 140.3, 'low_date': '2025-09-26', 'low': 134.08, 'pullback_pct': 4.43}, {'high_date': '2025-11-12', 'high': 156.29, 'low_date': '2025-12-10', 'low': 148.06, 'pullback_pct': 5.27}]",156.29,False,33.0,153.65,147.42,4.05,172.33,12.16,3.0,no valid VCP base
TATAINVEST,None,None,10,3,4,False,"T1_above_ma150_200,T5_above_ma50,T7_within_25pct_high,T8_rs_rank",39.3,31.5,88.26,LAGGING,False,50,"[{'high_date': '2025-01-31', 'high': 600.18, 'low_date': '2025-02-17', 'low': 519.99, 'pullback_pct': 13.36}, {'high_date': '2025-02-20', 'high': 606.35, 'low_date': '2025-02-24', 'low': 573.28, 'pullback_pct': 5.45}, {'high_date': '2025-03-07', 'high': 635.98, 'low_date': '2025-03-17', 'low': 607.98, 'pullback_pct': 4.4}, {'high_date': '2025-03-24', 'high': 640.88, 'low_date': '2025-04-07', 'low': 595.28, 'pullback_pct': 7.12}, {'high_date': '2025-04-21', 'high': 637.55, 'low_date': '2025-05-09', 'low': 578.33, 'pullback_pct': 9.29}, {'high_date': '2025-06-10', 'high': 733.65, 'low_date': '2025-06-19', 'low': 642.4, 'pullback_pct': 12.44}, {'high_date': '2025-07-01', 'high': 686.95, 'low_date': '2025-07-14', 'low': 654.1, 'pullback_pct': 4.78}, {'high_date': '2025-08-05', 'high': 713.8, 'low_date': '2025-09-09', 'low': 669.15, 'pullback_pct': 6.26}, {'high_date': '2025-09-24', 'high': 886.35, 'low_date': '2025-09-25', 'low': 837.2, 'pullback_pct': 5.55}, {'high_date': '2025-10-01', 'high': 1058.0, 'low_date': '2025-10-09', 'low': 902.0, 'pullback_pct': 14.74}, {'high_date': '2025-10-14', 'high': 1035.0, 'low_date': '2025-10-20', 'low': 805.0, 'pullback_pct': 22.22}, {'high_date': '2025-10-21', 'high': 875.0, 'low_date': '2025-11-25', 'low': 726.55, 'pullback_pct': 16.97}, {'high_date': '2025-11-26', 'high': 766.6, 'low_date': '2025-12-05', 'low': 708.5, 'pullback_pct': 7.58}]",766.6,False,19.0,724.3,705.27,2.63,781.38,7.88,3.0,no valid VCP base
TATACONSUM,None,None,10,2,6,False,"T5_above_ma50,T8_rs_rank",31.1,3.3,100.49,WEAKENING,False,50,"[{'high_date': '2025-02-01', 'high': 1061.98, 'low_date': '2025-03-17', 'low': 933.53, 'pullback_pct': 12.1}, {'high_date': '2025-04-29', 'high': 1160.3, 'low_date': '2025-05-09', 'low': 1105.51, 'pullback_pct': 4.72}, {'high_date': '2025-05-16', 'high': 1159.41, 'low_date': '2025-06-18', 'low': 1065.2, 'pullback_pct': 8.13}, {'high_date': '2025-06-26', 'high': 1145.4, 'low_date': '2025-08-12', 'low': 1046.8, 'pullback_pct': 8.61}, {'high_date': '2025-11-03', 'high': 1197.5, 'low_date': '2025-12-03', 'low': 1140.0, 'pullback_pct': 4.8}]",1197.5,False,42.0,1157.4,1123.86,2.9,1258.01,8.69,3.0,no valid VCP base
TATACOMM,None,None,10,2,6,False,"T5_above_ma50,T8_rs_rank",38.2,9.1,100.55,LEADING,False,50,"[{'high_date': '2025-01-31', 'high': 1608.98, 'low_date': '2025-03-04', 'low': 1296.89, 'pullback_pct': 19.4}, {'high_date': '2025-04-03', 'high': 1607.26, 'low_date': '2025-05-08', 'low': 1485.33, 'pullback_pct': 7.59}, {'high_date': '2025-06-09', 'high': 1718.94, 'low_date': '2025-06-23', 'low': 1643.7, 'pullback_pct': 4.38}, {'high_date': '2025-07-02', 'high': 1807.5, 'low_date': '2025-08-12', 'low': 1627.0, 'pullback_pct': 9.99}, {'high_date': '2025-08-14', 'high': 1694.9, 'low_date': '2025-09-08', 'low': 1547.0, 'pullback_pct': 8.73}, {'high_date': '2025-09-16', 'high': 1713.8, 'low_date': '2025-09-29', 'low': 1613.0, 'pullback_pct': 5.88}, {'high_date': '2025-10-16', 'high': 1971.3, 'low_date': '2025-10-23', 'low': 1852.2, 'pullback_pct': 6.04}, {'high_date': '2025-10-27', 'high': 1941.3, 'low_date': '2025-11-11', 'low': 1840.0, 'pullback_pct': 5.22}, {'high_date': '2025-11-21', 'high': 1920.9, 'low_date': '2025-12-11', 'low': 1775.3, 'pullback_pct': 7.58}]",1920.9,False,24.0,1792.4,1767.23,1.4,1867.92,4.21,3.0,no valid VCP base
TBOTEK,None,None,10,2,7,False,T8_rs_rank,65.3,6.5,103.64,WEAKENING,False,50,"[{'high_date': '2025-02-10', 'high': 1651.3, 'low_date': '2025-03-03', 'low': 1196.05, 'pullback_pct': 27.57}, {'high_date': '2025-03-07', 'high': 1365.0, 'low_date': '2025-03-17', 'low': 1190.45, 'pullback_pct': 12.79}, {'high_date': '2025-03-20', 'high': 1269.7, 'low_date': '2025-04-07', 'low': 1039.1, 'pullback_pct': 18.16}, {'high_date': '2025-04-15', 'high': 1096.1, 'low_date': '2025-04-17', 'low': 1046.2, 'pullback_pct': 4.55}, {'high_date': '2025-04-21', 'high': 1100.2, 'low_date': '2025-04-28', 'low': 1013.5, 'pullback_pct': 7.88}, {'high_date': '2025-04-29', 'high': 1130.0, 'low_date': '2025-05-06', 'low': 1065.4, 'pullback_pct': 5.72}, {'high_date': '2025-05-16', 'high': 1237.6, 'low_date': '2025-05-20', 'low': 1165.8, 'pullback_pct': 5.8}, {'high_date': '2025-06-04', 'high': 1363.9, 'low_date': '2025-06-23', 'low': 1254.8, 'pullback_pct': 8.0}, {'high_date': '2025-07-01', 'high': 1447.6, 'low_date': '2025-07-11', 'low': 1325.3, 'pullback_pct': 8.45}, {'high_date': '2025-07-23', 'high': 1443.3, 'low_date': '2025-07-30', 'low': 1352.6, 'pullback_pct': 6.28}, {'high_date': '2025-08-20', 'high': 1468.0, 'low_date': '2025-08-29', 'low': 1307.3, 'pullback_pct': 10.95}, {'high_date': '2025-09-03', 'high': 1591.0, 'low_date': '2025-09-04', 'low': 1524.6, 'pullback_pct': 4.17}, {'high_date': '2025-09-09', 'high': 1642.6, 'low_date': '2025-09-12', 'low': 1554.7, 'pullback_pct': 5.35}, {'high_date': '2025-09-22', 'high': 1638.2, 'low_date': '2025-09-29', 'low': 1476.6, 'pullback_pct': 9.86}, {'high_date': '2025-10-03', 'high': 1600.5, 'low_date': '2025-10-14', 'low': 1497.7, 'pullback_pct': 6.42}, {'high_date': '2025-10-27', 'high': 1614.3, 'low_date': '2025-10-31', 'low': 1483.2, 'pullback_pct': 8.12}, {'high_date': '2025-11-24', 'high': 1730.7, 'low_date': '2025-12-08', 'low': 1605.8, 'pullback_pct': 7.22}]",1730.7,False,21.0,1675.1,1595.99,4.72,1912.44,14.17,3.0,no valid VCP base
TITAN,None,None,10,2,7,False,T8_rs_rank,29.8,1.7,104.2,LEADING,False,50,"[{'high_date': '2025-02-27', 'high': 3213.43, 'low_date': '2025-03-13', 'low': 3001.12, 'pullback_pct': 6.61}, {'high_date': '2025-03-20', 'high': 3183.52, 'low_date': '2025-04-01', 'low': 2977.99, 'pullback_pct': 6.46}, {'high_date': '2025-05-15', 'high': 3625.89, 'low_date': '2025-06-17', 'low': 3395.48, 'pullback_pct': 6.35}, {'high_date': '2025-07-02', 'high': 3696.87, 'low_date': '2025-08-01', 'low': 3316.0, 'pullback_pct': 10.3}, {'high_date': '2025-09-04', 'high': 3691.1, 'low_date': '2025-09-26', 'low': 3327.3, 'pullback_pct': 9.86}, {'high_date': '2025-11-19', 'high': 3933.1, 'low_date': '2025-12-08', 'low': 3767.0, 'pullback_pct': 4.22}]",3933.1,False,26.0,3866.2,3776.19,2.33,4136.23,6.98,3.0,no valid VCP base
SYNGENE,None,None,10,2,2,False,"T2_ma150_above_200,T3_ma200_uptrend,T4_ma50_above_med,T6_25pct_above_low,T7_within_25pct_high,T8_rs_rank",8.4,26.9,99.06,IMPROVING,False,50,"[{'high_date': '2025-04-03', 'high': 745.7, 'low_date': '2025-04-09', 'low': 690.36, 'pullback_pct': 7.42}, {'high_date': '2025-04-23', 'high': 747.7, 'low_date': '2025-05-08', 'low': 609.52, 'pullback_pct': 18.48}, {'high_date': '2025-06-12', 'high': 661.87, 'low_date': '2025-06-19', 'low': 626.04, 'pullback_pct': 5.41}, {'high_date': '2025-07-30', 'high': 722.05, 'low_date': '2025-08-11', 'low': 642.6, 'pullback_pct': 11.0}, {'high_date': '2025-08-19', 'high': 683.05, 'low_date': '2025-08-29', 'low': 625.9, 'pullback_pct': 8.37}, {'high_date': '2025-09-15', 'high': 670.8, 'low_date': '2025-09-26', 'low': 609.45, 'pullback_pct': 9.15}, {'high_date': '2025-10-23', 'high': 661.25, 'low_date': '2025-11-07', 'low': 616.3, 'pullback_pct': 6.8}, {'high_date': '2025-11-12', 'high': 663.85, 'low_date': '2025-12-09', 'low': 627.15, 'pullback_pct': 5.53}]",663.85,False,33.0,660.35,641.06,2.92,718.22,8.76,3.0,no valid VCP base
BLS,None,None,10,4,0,False,"T1_above_ma150_200,T2_ma150_above_200,T3_ma200_uptrend,T4_ma50_above_med,T5_above_ma50,T6_25pct_above_low,T7_within_25pct_high,T8_rs_rank",13.6,37.2,97.78,IMPROVING,False,50,"[{'high_date': '2025-02-06', 'high': 440.82, 'low_date': '2025-02-17', 'low': 366.46, 'pullback_pct': 16.87}, {'high_date': '2025-02-20', 'high': 388.74, 'low_date': '2025-03-03', 'low': 324.87, 'pullback_pct': 16.43}, {'high_date': '2025-03-07', 'high': 343.83, 'low_date': '2025-03-13', 'low': 322.45, 'pullback_pct': 6.22}, {'high_date': '2025-03-24', 'high': 418.2, 'low_date': '2025-04-07', 'low': 347.15, 'pullback_pct': 16.99}, {'high_date': '2025-04-08', 'high': 363.64, 'low_date': '2025-04-09', 'low': 343.14, 'pullback_pct': 5.64}, {'high_date': '2025-04-21', 'high': 399.98, 'low_date': '2025-05-06', 'low': 337.15, 'pullback_pct': 15.71}, {'high_date': '2025-05-28', 'high': 411.56, 'low_date': '2025-06-19', 'low': 350.67, 'pullback_pct': 14.8}, {'high_date': '2025-06-27', 'high': 375.77, 'low_date': '2025-07-02', 'low': 359.08, 'pullback_pct': 4.44}, {'high_date': '2025-07-16', 'high': 383.54, 'low_date': '2025-07-28', 'low': 356.46, 'pullback_pct': 7.06}, {'high_date': '2025-08-06', 'high': 398.29, 'low_date': '2025-09-30', 'low': 320.0, 'pullback_pct': 19.66}, {'high_date': '2025-10-07', 'high': 348.89, 'low_date': '2025-10-15', 'low': 276.56, 'pullback_pct': 20.73}, {'high_date': '2025-10-17', 'high': 324.47, 'low_date': '2025-10-28', 'low': 305.16, 'pullback_pct': 5.95}, {'high_date': '2025-11-04', 'high': 319.65, 'low_date': '2025-11-11', 'low': 306.3, 'pullback_pct': 4.18}, {'high_date': '2025-11-12', 'high': 334.3, 'low_date': '2025-11-25', 'low': 310.72, 'pullback_pct': 7.05}, {'high_date': '2025-12-05', 'high': 330.38, 'low_date': '2025-12-08', 'low': 312.65, 'pullback_pct': 5.36}]",330.38,False,10.0,314.24,303.95,3.28,345.12,9.83,3.0,no valid VCP base
ATUL,None,None,10,4,2,False,"T1_above_ma150_200,T3_ma200_uptrend,T4_ma50_above_med,T5_above_ma50,T6_25pct_above_low,T8_rs_rank",13.6,23.7,98.23,IMPROVING,False,50,"[{'high_date': '2025-03-28', 'high': 6116.16, 'low_date': '2025-04-07', 'low': 5149.59, 'pullback_pct': 15.8}, {'high_date': '2025-06-09', 'high': 7438.14, 'low_date': '2025-06-20', 'low': 6850.6, 'pullback_pct': 7.9}, {'high_date': '2025-07-07', 'high': 7670.36, 'low_date': '2025-08-26', 'low': 6261.0, 'pullback_pct': 18.37}, {'high_date': '2025-09-18', 'high': 6545.0, 'low_date': '2025-11-07', 'low': 5691.0, 'pullback_pct': 13.05}, {'high_date': '2025-11-18', 'high': 6146.0, 'low_date': '2025-12-08', 'low': 5731.0, 'pullback_pct': 6.75}]",6146.0,False,27.0,5850.0,5654.32,3.34,6437.04,10.03,3.0,no valid VCP base
APARINDS,None,None,10,2,7,False,T8_rs_rank,89.8,21.6,102.27,LEADING,False,50,"[{'high_date': '2025-01-31', 'high': 7447.85, 'low_date': '2025-02-18', 'low': 6124.34, 'pullback_pct': 17.77}, {'high_date': '2025-02-24', 'high': 6410.55, 'low_date': '2025-03-06', 'low': 5688.87, 'pullback_pct': 11.26}, {'high_date': '2025-03-07', 'high': 6070.66, 'low_date': '2025-03-17', 'low': 5290.28, 'pullback_pct': 12.85}, {'high_date': '2025-03-24', 'high': 6109.33, 'low_date': '2025-04-09', 'low': 4788.95, 'pullback_pct': 21.61}, {'high_date': '2025-05-16', 'high': 8179.57, 'low_date': '2025-05-20', 'low': 7393.23, 'pullback_pct': 9.61}, {'high_date': '2025-06-09', 'high': 8137.82, 'low_date': '2025-06-16', 'low': 7690.97, 'pullback_pct': 5.49}, {'high_date': '2025-07-03', 'high': 8868.49, 'low_date': '2025-07-07', 'low': 8493.22, 'pullback_pct': 4.23}, {'high_date': '2025-07-21', 'high': 9203.51, 'low_date': '2025-07-28', 'low': 8614.0, 'pullback_pct': 6.41}, {'high_date': '2025-07-29', 'high': 9681.5, 'low_date': '2025-08-28', 'low': 7730.5, 'pullback_pct': 20.15}, {'high_date': '2025-09-17', 'high': 8943.0, 'low_date': '2025-09-30', 'low': 8186.0, 'pullback_pct': 8.46}, {'high_date': '2025-10-29', 'high': 9462.0, 'low_date': '2025-11-10', 'low': 8280.0, 'pullback_pct': 12.49}, {'high_date': '2025-11-19', 'high': 9335.0, 'low_date': '2025-12-08', 'low': 8643.0, 'pullback_pct': 7.41}]",9335.0,False,26.0,9090.5,8704.25,4.25,10249.25,12.75,3.0,no valid VCP base
APOLLOTYRE,None,None,10,2,6,False,"T5_above_ma50,T8_rs_rank",36.8,6.5,101.69,WEAKENING,False,50,"[{'high_date': '2025-01-31', 'high': 429.68, 'low_date': '2025-02-28', 'low': 367.78, 'pullback_pct': 14.41}, {'high_date': '2025-03-24', 'high': 425.4, 'low_date': '2025-04-07', 'low': 390.52, 'pullback_pct': 8.2}, {'high_date': '2025-05-07', 'high': 486.13, 'low_date': '2025-05-09', 'low': 458.47, 'pullback_pct': 5.69}, {'high_date': '2025-05-26', 'high': 486.52, 'low_date': '2025-06-20', 'low': 432.13, 'pullback_pct': 11.18}, {'high_date': '2025-07-09', 'high': 465.64, 'low_date': '2025-08-14', 'low': 429.31, 'pullback_pct': 7.8}, {'high_date': '2025-09-24', 'high': 491.28, 'low_date': '2025-09-29', 'low': 462.33, 'pullback_pct': 5.89}, {'high_date': '2025-11-13', 'high': 533.19, 'low_date': '2025-11-21', 'low': 508.86, 'pullback_pct': 4.56}, {'high_date': '2025-12-03', 'high': 531.5, 'low_date': '2025-12-15', 'low': 503.0, 'pullback_pct': 5.36}]",531.5,False,12.0,503.0,488.98,2.79,545.04,8.36,3.0,no valid VCP base
AUROPHARMA,None,None,10,2,5,False,"T2_ma150_above_200,T6_25pct_above_low,T8_rs_rank",16.1,12.0,104.98,LEADING,False,50,"[{'high_date': '2025-02-13', 'high': 1175.54, 'low_date': '2025-03-04', 'low': 1047.82, 'pullback_pct': 10.86}, {'high_date': '2025-03-24', 'high': 1205.08, 'low_date': '2025-04-09', 'low': 1054.04, 'pullback_pct': 12.53}, {'high_date': '2025-04-24', 'high': 1253.1, 'low_date': '2025-05-08', 'low': 1153.27, 'pullback_pct': 7.97}, {'high_date': '2025-05-13', 'high': 1219.22, 'low_date': '2025-06-19', 'low': 1078.45, 'pullback_pct': 11.55}, {'high_date': '2025-07-04', 'high': 1186.84, 'low_date': '2025-07-22', 'low': 1097.28, 'pullback_pct': 7.55}, {'high_date': '2025-07-29', 'high': 1153.77, 'low_date': '2025-08-08', 'low': 1042.1, 'pullback_pct': 9.68}, {'high_date': '2025-08-19', 'high': 1089.7, 'low_date': '2025-09-02', 'low': 1022.2, 'pullback_pct': 6.19}, {'high_date': '2025-09-18', 'high': 1128.9, 'low_date': '2025-10-08', 'low': 1070.8, 'pullback_pct': 5.15}, {'high_date': '2025-10-13', 'high': 1136.8, 'low_date': '2025-10-24', 'low': 1085.0, 'pullback_pct': 4.56}, {'high_date': '2025-11-18', 'high': 1239.3, 'low_date': '2025-12-09', 'low': 1163.6, 'pullback_pct': 6.11}]",1239.3,False,27.0,1186.3,1150.69,3.0,1293.14,9.01,3.0,no valid VCP base
ADANIPORTS,None,None,10,2,7,False,T8_rs_rank,44.3,1.2,102.36,LEADING,False,50,"[{'high_date': '2025-02-06', 'high': 1158.41, 'low_date': '2025-02-14', 'low': 1057.55, 'pullback_pct': 8.71}, {'high_date': '2025-02-20', 'high': 1106.32, 'low_date': '2025-03-03', 'low': 1047.95, 'pullback_pct': 5.28}, {'high_date': '2025-03-24', 'high': 1194.99, 'low_date': '2025-04-07', 'low': 1105.27, 'pullback_pct': 7.51}, {'high_date': '2025-04-17', 'high': 1253.3, 'low_date': '2025-04-25', 'low': 1187.22, 'pullback_pct': 5.27}, {'high_date': '2025-06-10', 'high': 1466.66, 'low_date': '2025-06-19', 'low': 1338.0, 'pullback_pct': 8.77}, {'high_date': '2025-07-16', 'high': 1456.7, 'low_date': '2025-08-14', 'low': 1300.3, 'pullback_pct': 10.74}, {'high_date': '2025-08-20', 'high': 1370.6, 'low_date': '2025-08-29', 'low': 1312.8, 'pullback_pct': 4.22}, {'high_date': '2025-09-22', 'high': 1444.2, 'low_date': '2025-09-29', 'low': 1383.2, 'pullback_pct': 4.22}, {'high_date': '2025-10-16', 'high': 1479.5, 'low_date': '2025-10-28', 'low': 1417.9, 'pullback_pct': 4.16}]",1479.5,True,60.0,1512.6,1472.65,2.64,1632.46,7.92,3.0,no valid VCP base
AFCONS,None,None,10,4,0,False,"T1_above_ma150_200,T2_ma150_above_200,T3_ma200_uptrend,T4_ma50_above_med,T5_above_ma50,T6_25pct_above_low,T7_within_25pct_high,T8_rs_rank",2.8,26.4,90.27,LAGGING,False,50,"[{'high_date': '2025-02-01', 'high': 470.26, 'low_date': '2025-02-04', 'low': 425.53, 'pullback_pct': 9.51}, {'high_date': '2025-02-07', 'high': 463.7, 'low_date': '2025-02-14', 'low': 421.7, 'pullback_pct': 9.06}, {'high_date': '2025-02-20', 'high': 453.16, 'low_date': '2025-03-03', 'low': 404.06, 'pullback_pct': 10.84}, {'high_date': '2025-03-24', 'high': 486.76, 'low_date': '2025-04-09', 'low': 419.96, 'pullback_pct': 13.72}, {'high_date': '2025-04-16', 'high': 442.43, 'low_date': '2025-05-06', 'low': 411.56, 'pullback_pct': 6.98}, {'high_date': '2025-05-20', 'high': 463.35, 'low_date': '2025-06-04', 'low': 418.97, 'pullback_pct': 9.58}, {'high_date': '2025-06-09', 'high': 445.21, 'low_date': '2025-06-19', 'low': 422.3, 'pullback_pct': 5.15}, {'high_date': '2025-06-27', 'high': 439.74, 'low_date': '2025-07-29', 'low': 396.95, 'pullback_pct': 9.73}, {'high_date': '2025-09-19', 'high': 461.65, 'low_date': '2025-09-26', 'low': 438.3, 'pullback_pct': 5.06}, {'high_date': '2025-10-09', 'high': 465.7, 'low_date': '2025-11-19', 'low': 388.95, 'pullback_pct': 16.48}, {'high_date': '2025-12-02', 'high': 414.65, 'low_date': '2025-12-08', 'low': 388.3, 'pullback_pct': 6.35}]",414.65,False,13.0,399.05,383.74,3.84,444.97,11.51,3.0,no valid VCP base
AJANTPHARM,None,None,10,2,3,False,"T2_ma150_above_200,T3_ma200_uptrend,T4_ma50_above_med,T6_25pct_above_low,T8_rs_rank",12.5,12.2,103.64,LEADING,False,50,"[{'high_date': '2025-02-03', 'high': 2949.66, 'low_date': '2025-02-13', 'low': 2467.92, 'pullback_pct': 16.33}, {'high_date': '2025-02-19', 'high': 2757.47, 'low_date': '2025-03-03', 'low': 2416.89, 'pullback_pct': 12.35}, {'high_date': '2025-03-25', 'high': 2743.53, 'low_date': '2025-04-07', 'low': 2348.11, 'pullback_pct': 14.41}, {'high_date': '2025-04-24', 'high': 2759.45, 'low_date': '2025-05-12', 'low': 2454.76, 'pullback_pct': 11.04}, {'high_date': '2025-05-21', 'high': 2608.64, 'low_date': '2025-05-30', 'low': 2482.95, 'pullback_pct': 4.82}, {'high_date': '2025-06-12', 'high': 2700.01, 'low_date': '2025-07-01', 'low': 2474.94, 'pullback_pct': 8.34}, {'high_date': '2025-07-29', 'high': 2791.88, 'low_date': '2025-08-06', 'low': 2513.21, 'pullback_pct': 9.98}, {'high_date': '2025-08-19', 'high': 2673.31, 'low_date': '2025-09-01', 'low': 2424.8, 'pullback_pct': 9.3}, {'high_date': '2025-09-05', 'high': 2585.1, 'low_date': '2025-10-28', 'low': 2361.91, 'pullback_pct': 8.63}, {'high_date': '2025-11-04', 'high': 2581.74, 'low_date': '2025-11-18', 'low': 2458.1, 'pullback_pct': 4.79}]",2581.74,True,41.0,2642.1,2559.25,3.14,2890.66,9.41,3.0,no valid VCP base
ALKEM,None,None,10,2,6,False,"T6_25pct_above_low,T8_rs_rank",23.4,2.6,100.26,WEAKENING,False,50,"[{'high_date': '2025-02-06', 'high': 5164.3, 'low_date': '2025-02-25', 'low': 4519.77, 'pullback_pct': 12.48}, {'high_date': '2025-03-24', 'high': 5003.91, 'low_date': '2025-04-07', 'low': 4655.25, 'pullback_pct': 6.97}, {'high_date': '2025-04-23', 'high': 5182.63, 'low_date': '2025-05-08', 'low': 4891.95, 'pullback_pct': 5.61}, {'high_date': '2025-05-21', 'high': 5322.27, 'low_date': '2025-07-10', 'low': 4687.24, 'pullback_pct': 11.93}, {'high_date': '2025-07-30', 'high': 5050.51, 'low_date': '2025-08-08', 'low': 4725.9, 'pullback_pct': 6.43}]",5050.51,True,138.0,5579.52,5430.08,2.68,6027.83,8.04,3.0,no valid VCP base
ABDL,None,None,10,2,7,False,T8_rs_rank,107.2,8.4,104.85,WEAKENING,False,50,"[{'high_date': '2025-02-04', 'high': 397.68, 'low_date': '2025-02-18', 'low': 322.51, 'pullback_pct': 18.9}, {'high_date': '2025-02-20', 'high': 335.65, 'low_date': '2025-03-03', 'low': 308.18, 'pullback_pct': 8.18}, {'high_date': '2025-03-07', 'high': 332.08, 'low_date': '2025-03-17', 'low': 308.43, 'pullback_pct': 7.12}, {'high_date': '2025-03-24', 'high': 323.95, 'low_date': '2025-04-01', 'low': 303.22, 'pullback_pct': 6.4}, {'high_date': '2025-04-23', 'high': 330.34, 'low_date': '2025-05-02', 'low': 302.23, 'pullback_pct': 8.51}, {'high_date': '2025-05-15', 'high': 406.01, 'low_date': '2025-05-16', 'low': 386.72, 'pullback_pct': 4.75}, {'high_date': '2025-06-10', 'high': 440.87, 'low_date': '2025-06-12', 'low': 412.01, 'pullback_pct': 6.55}, {'high_date': '2025-06-17', 'high': 430.66, 'low_date': '2025-06-19', 'low': 411.77, 'pullback_pct': 4.39}, {'high_date': '2025-07-17', 'high': 496.95, 'low_date': '2025-07-25', 'low': 459.75, 'pullback_pct': 7.49}, {'high_date': '2025-08-04', 'high': 528.9, 'low_date': '2025-08-11', 'low': 488.7, 'pullback_pct': 7.6}, {'high_date': '2025-08-19', 'high': 527.3, 'low_date': '2025-09-03', 'low': 492.85, 'pullback_pct': 6.53}, {'high_date': '2025-09-15', 'high': 564.35, 'low_date': '2025-09-30', 'low': 507.7, 'pullback_pct': 10.04}, {'high_date': '2025-10-06', 'high': 556.4, 'low_date': '2025-10-14', 'low': 528.5, 'pullback_pct': 5.01}, {'high_date': '2025-11-03', 'high': 683.8, 'low_date': '2025-11-11', 'low': 617.45, 'pullback_pct': 9.7}, {'high_date': '2025-11-17', 'high': 670.35, 'low_date': '2025-12-02', 'low': 598.6, 'pullback_pct': 10.7}]",670.35,False,28.0,626.1,616.72,1.5,654.23,4.49,3.0,no valid VCP base
APLAPOLLO,None,None,8,2,6,False,"T5_above_ma50,T8_rs_rank",33.9,9.1,99.53,LAGGING,False,40,"[{'high_date': '2025-02-21', 'high': 1484.02, 'low_date': '2025-03-13', 'low': 1368.03, 'pullback_pct': 7.82}, {'high_date': '2025-04-03', 'high': 1560.4, 'low_date': '2025-04-07', 'low': 1434.99, 'pullback_pct': 8.04}, {'high_date': '2025-06-06', 'high': 1914.22, 'low_date': '2025-07-28', 'low': 1499.57, 'pullback_pct': 21.66}, {'high_date': '2025-10-29', 'high': 1804.8, 'low_date': '2025-11-25', 'low': 1698.4, 'pullback_pct': 5.9}]",1804.8,False,47.0,1739.1,1692.21,2.7,1879.76,8.09,3.0,no valid VCP base
AADHARHFC,None,None,8,3,6,False,"T5_above_ma50,T8_rs_rank",36.6,7.9,95.18,LAGGING,False,40,"[{'high_date': '2025-02-07', 'high': 401.15, 'low_date': '2025-02-24', 'low': 366.25, 'pullback_pct': 8.7}, {'high_date': '2025-03-19', 'high': 443.2, 'low_date': '2025-03-26', 'low': 403.25, 'pullback_pct': 9.01}, {'high_date': '2025-04-03', 'high': 458.65, 'low_date': '2025-04-07', 'low': 430.2, 'pullback_pct': 6.2}, {'high_date': '2025-04-17', 'high': 485.35, 'low_date': '2025-04-25', 'low': 456.75, 'pullback_pct': 5.89}, {'high_date': '2025-04-29', 'high': 476.55, 'low_date': '2025-05-09', 'low': 440.95, 'pullback_pct': 7.47}, {'high_date': '2025-05-13', 'high': 460.55, 'low_date': '2025-05-29', 'low': 430.1, 'pullback_pct': 6.61}, {'high_date': '2025-06-09', 'high': 452.95, 'low_date': '2025-06-24', 'low': 434.25, 'pullback_pct': 4.13}, {'high_date': '2025-07-22', 'high': 519.6, 'low_date': '2025-07-25', 'low': 496.4, 'pullback_pct': 4.46}, {'high_date': '2025-07-28', 'high': 516.55, 'low_date': '2025-08-06', 'low': 495.55, 'pullback_pct': 4.07}, {'high_date': '2025-08-22', 'high': 521.85, 'low_date': '2025-08-28', 'low': 497.0, 'pullback_pct': 4.76}, {'high_date': '2025-09-24', 'high': 539.85, 'low_date': '2025-11-28', 'low': 481.15, 'pullback_pct': 10.87}]",539.85,False,82.0,497.35,496.66,0.14,499.41,0.42,3.0,no valid VCP base
ADANIENT,None,None,8,4,3,False,"T1_above_ma150_200,T4_ma50_above_med,T5_above_ma50,T6_25pct_above_low,T8_rs_rank",8.8,14.9,92.63,LAGGING,False,40,"[{'high_date': '2025-02-12', 'high': 2352.28, 'low_date': '2025-02-28', 'low': 2094.96, 'pullback_pct': 10.94}, {'high_date': '2025-04-03', 'high': 2409.61, 'low_date': '2025-04-07', 'low': 2211.6, 'pullback_pct': 8.22}, {'high_date': '2025-04-23', 'high': 2452.38, 'low_date': '2025-05-02', 'low': 2297.96, 'pullback_pct': 6.3}, {'high_date': '2025-05-05', 'high': 2454.28, 'low_date': '2025-05-09', 'low': 2249.88, 'pullback_pct': 8.33}, {'high_date': '2025-06-10', 'high': 2611.81, 'low_date': '2025-06-19', 'low': 2420.6, 'pullback_pct': 7.32}, {'high_date': '2025-06-27', 'high': 2646.3, 'low_date': '2025-08-08', 'low': 2178.1, 'pullback_pct': 17.69}, {'high_date': '2025-08-19', 'high': 2388.4, 'low_date': '2025-08-29', 'low': 2244.7, 'pullback_pct': 6.02}, {'high_date': '2025-09-23', 'high': 2676.4, 'low_date': '2025-11-11', 'low': 2294.58, 'pullback_pct': 14.27}, {'high_date': '2025-11-17', 'high': 2462.0, 'low_date': '2025-12-03', 'low': 2189.8, 'pullback_pct': 11.06}]",2462.0,False,28.0,2278.9,2265.04,0.61,2320.48,1.82,3.0,no valid VCP base
ADANIENSOL,None,None,8,2,7,False,T8_rs_rank,57.2,1.0,103.41,LEADING,False,40,"[{'high_date': '2025-02-05', 'high': 775.5, 'low_date': '2025-03-04', 'low': 646.65, 'pullback_pct': 16.62}, {'high_date': '2025-04-03', 'high': 884.35, 'low_date': '2025-04-07', 'low': 815.05, 'pullback_pct': 7.84}, {'high_date': '2025-04-24', 'high': 961.7, 'low_date': '2025-04-30', 'low': 899.65, 'pullback_pct': 6.45}, {'high_date': '2025-05-05', 'high': 937.2, 'low_date': '2025-05-09', 'low': 827.1, 'pullback_pct': 11.75}, {'high_date': '2025-05-16', 'high': 915.05, 'low_date': '2025-06-03', 'low': 856.55, 'pullback_pct': 6.39}, {'high_date': '2025-06-10', 'high': 915.5, 'low_date': '2025-06-19', 'low': 823.6, 'pullback_pct': 10.04}, {'high_date': '2025-07-10', 'high': 891.05, 'low_date': '2025-08-14', 'low': 775.8, 'pullback_pct': 12.93}, {'high_date': '2025-08-19', 'high': 828.2, 'low_date': '2025-09-05', 'low': 755.95, 'pullback_pct': 8.72}, {'high_date': '2025-09-22', 'high': 937.4, 'low_date': '2025-09-29', 'low': 871.75, 'pullback_pct': 7.0}, {'high_date': '2025-11-18', 'high': 1026.65, 'low_date': '2025-12-08', 'low': 960.5, 'pullback_pct': 6.44}]",1026.65,False,27.0,1016.45,981.75,3.41,1120.56,10.24,3.0,no valid VCP base
AIIL,None,None,8,2,5,False,"T1_above_ma150_200,T5_above_ma50,T8_rs_rank",91.4,18.6,90.86,LAGGING,False,40,"[{'high_date': '2025-02-06', 'high': 361.05, 'low_date': '2025-02-28', 'low': 280.68, 'pullback_pct': 22.26}, {'high_date': '2025-03-03', 'high': 313.88, 'low_date': '2025-03-17', 'low': 283.8, 'pullback_pct': 9.58}, {'high_date': '2025-04-02', 'high': 358.44, 'low_date': '2025-04-07', 'low': 302.33, 'pullback_pct': 15.66}, {'high_date': '2025-04-08', 'high': 328.1, 'low_date': '2025-04-09', 'low': 311.44, 'pullback_pct': 5.08}, {'high_date': '2025-04-23', 'high': 372.55, 'low_date': '2025-04-25', 'low': 344.52, 'pullback_pct': 7.52}, {'high_date': '2025-04-29', 'high': 359.12, 'low_date': '2025-04-30', 'low': 344.02, 'pullback_pct': 4.21}, {'high_date': '2025-05-05', 'high': 370.55, 'low_date': '2025-05-09', 'low': 348.67, 'pullback_pct': 5.9}, {'high_date': '2025-06-25', 'high': 543.94, 'low_date': '2025-07-01', 'low': 498.48, 'pullback_pct': 8.36}, {'high_date': '2025-07-03', 'high': 536.72, 'low_date': '2025-07-04', 'low': 513.58, 'pullback_pct': 4.31}, {'high_date': '2025-07-23', 'high': 577.8, 'low_date': '2025-07-28', 'low': 536.82, 'pullback_pct': 7.09}, {'high_date': '2025-08-13', 'high': 597.52, 'low_date': '2025-08-20', 'low': 572.12, 'pullback_pct': 4.25}, {'high_date': '2025-08-29', 'high': 646.58, 'low_date': '2025-09-08', 'low': 610.46, 'pullback_pct': 5.59}, {'high_date': '2025-09-16', 'high': 656.92, 'low_date': '2025-09-26', 'low': 593.1, 'pullback_pct': 9.72}, {'high_date': '2025-10-10', 'high': 659.9, 'low_date': '2025-11-10', 'low': 547.34, 'pullback_pct': 17.06}, {'high_date': '2025-11-13', 'high': 570.82, 'low_date': '2025-11-25', 'low': 524.96, 'pullback_pct': 8.03}, {'high_date': '2025-11-27', 'high': 548.76, 'low_date': '2025-12-10', 'low': 505.96, 'pullback_pct': 7.8}]",548.76,False,18.0,537.2,511.25,4.83,615.04,14.49,3.0,no valid VCP base
AEGISLOG,None,None,8,4,3,False,"T1_above_ma150_200,T2_ma150_above_200,T5_above_ma50,T6_25pct_above_low,T8_rs_rank",19.4,21.3,95.3,LAGGING,False,40,"[{'high_date': '2025-02-07', 'high': 818.96, 'low_date': '2025-02-18', 'low': 655.94, 'pullback_pct': 19.91}, {'high_date': '2025-02-19', 'high': 753.3, 'low_date': '2025-02-20', 'low': 721.59, 'pullback_pct': 4.21}, {'high_date': '2025-03-05', 'high': 770.32, 'low_date': '2025-03-11', 'low': 704.32, 'pullback_pct': 8.57}, {'high_date': '2025-03-27', 'high': 893.12, 'low_date': '2025-04-11', 'low': 747.81, 'pullback_pct': 16.27}, {'high_date': '2025-05-20', 'high': 920.88, 'low_date': '2025-06-18', 'low': 766.37, 'pullback_pct': 16.78}, {'high_date': '2025-06-26', 'high': 818.81, 'low_date': '2025-08-18', 'low': 694.0, 'pullback_pct': 15.24}, {'high_date': '2025-08-21', 'high': 741.15, 'low_date': '2025-08-29', 'low': 672.15, 'pullback_pct': 9.31}, {'high_date': '2025-09-17', 'high': 800.95, 'low_date': '2025-09-29', 'low': 738.8, 'pullback_pct': 7.76}, {'high_date': '2025-10-03', 'high': 881.15, 'low_date': '2025-10-31', 'low': 750.15, 'pullback_pct': 14.87}, {'high_date': '2025-11-13', 'high': 801.8, 'low_date': '2025-12-08', 'low': 729.9, 'pullback_pct': 8.97}]",801.8,False,32.0,751.05,737.66,1.78,791.23,5.35,3.0,no valid VCP base
ANANDRATHI,None,None,8,2,6,False,"T5_above_ma50,T8_rs_rank",81.5,7.6,96.55,LAGGING,False,40,"[{'high_date': '2025-02-05', 'high': 1889.35, 'low_date': '2025-02-17', 'low': 1792.76, 'pullback_pct': 5.11}, {'high_date': '2025-03-03', 'high': 2054.86, 'low_date': '2025-03-12', 'low': 1639.57, 'pullback_pct': 20.21}, {'high_date': '2025-03-28', 'high': 1896.84, 'low_date': '2025-05-08', 'low': 1668.99, 'pullback_pct': 12.01}, {'high_date': '2025-09-18', 'high': 3053.68, 'low_date': '2025-09-29', 'low': 2800.87, 'pullback_pct': 8.28}, {'high_date': '2025-10-27', 'high': 3219.68, 'low_date': '2025-12-08', 'low': 2833.94, 'pullback_pct': 11.98}]",3219.68,False,49.0,2975.46,2962.11,0.45,3015.53,1.35,3.0,no valid VCP base
VTL,None,None,8,3,5,False,"T4_ma50_above_med,T6_25pct_above_low,T8_rs_rank",24.9,18.4,102.28,LEADING,False,40,"[{'high_date': '2025-01-30', 'high': 454.87, 'low_date': '2025-03-03', 'low': 369.75, 'pullback_pct': 18.71}, {'high_date': '2025-03-07', 'high': 396.54, 'low_date': '2025-03-17', 'low': 360.26, 'pullback_pct': 9.15}, {'high_date': '2025-04-03', 'high': 470.53, 'low_date': '2025-04-09', 'low': 431.54, 'pullback_pct': 8.29}, {'high_date': '2025-04-17', 'high': 496.88, 'low_date': '2025-05-06', 'low': 446.27, 'pullback_pct': 10.19}, {'high_date': '2025-05-19', 'high': 509.58, 'low_date': '2025-06-19', 'low': 450.02, 'pullback_pct': 11.69}, {'high_date': '2025-07-10', 'high': 502.26, 'low_date': '2025-08-11', 'low': 385.77, 'pullback_pct': 23.19}, {'high_date': '2025-08-19', 'high': 430.1, 'low_date': '2025-08-26', 'low': 393.73, 'pullback_pct': 8.46}, {'high_date': '2025-08-28', 'high': 445.03, 'low_date': '2025-09-05', 'low': 402.08, 'pullback_pct': 9.65}, {'high_date': '2025-09-17', 'high': 445.5, 'low_date': '2025-10-14', 'low': 394.65, 'pullback_pct': 11.41}, {'high_date': '2025-11-20', 'high': 465.25, 'low_date': '2025-11-25', 'low': 425.15, 'pullback_pct': 8.62}]",465.25,False,25.0,449.9,434.04,3.53,497.49,10.58,3.0,no valid VCP base
TATAELXSI,None,None,8,4,1,False,"T1_above_ma150_200,T3_ma200_uptrend,T4_ma50_above_med,T5_above_ma50,T6_25pct_above_low,T7_within_25pct_high,T8_rs_rank",7.4,30.7,96.45,IMPROVING,False,40,"[{'high_date': '2025-02-07', 'high': 6364.6, 'low_date': '2025-03-04', 'low': 5328.77, 'pullback_pct': 16.27}, {'high_date': '2025-03-06', 'high': 5575.23, 'low_date': '2025-03-17', 'low': 5116.57, 'pullback_pct': 8.23}, {'high_date': '2025-03-24', 'high': 5566.98, 'low_date': '2025-04-11', 'low': 4698.89, 'pullback_pct': 15.59}, {'high_date': '2025-04-24', 'high': 5851.8, 'low_date': '2025-04-25', 'low': 5549.72, 'pullback_pct': 5.16}, {'high_date': '2025-06-10', 'high': 6630.0, 'low_date': '2025-07-11', 'low': 6066.0, 'pullback_pct': 8.51}, {'high_date': '2025-07-15', 'high': 6380.0, 'low_date': '2025-08-29', 'low': 5234.0, 'pullback_pct': 17.96}, {'high_date': '2025-09-10', 'high': 5843.5, 'low_date': '2025-10-01', 'low': 5226.0, 'pullback_pct': 10.57}, {'high_date': '2025-10-09', 'high': 5573.0, 'low_date': '2025-10-14', 'low': 5335.0, 'pullback_pct': 4.27}, {'high_date': '2025-10-27', 'high': 5585.5, 'low_date': '2025-11-07', 'low': 5180.0, 'pullback_pct': 7.26}, {'high_date': '2025-11-12', 'high': 5388.0, 'low_date': '2025-12-10', 'low': 4863.0, 'pullback_pct': 9.74}]",5388.0,False,33.0,5048.5,4956.96,1.81,5323.12,5.44,3.0,no valid VCP base
BAJAJFINSV,None,None,8,2,6,False,"T5_above_ma50,T8_rs_rank",32.8,4.9,99.18,LAGGING,False,40,"[{'high_date': '2025-04-29', 'high': 2065.89, 'low_date': '2025-04-30', 'low': 1950.65, 'pullback_pct': 5.58}, {'high_date': '2025-05-26', 'high': 2051.6, 'low_date': '2025-06-05', 'low': 1943.05, 'pullback_pct': 5.29}, {'high_date': '2025-07-23', 'high': 2060.5, 'low_date': '2025-08-12', 'low': 1908.0, 'pullback_pct': 7.4}, {'high_date': '2025-08-18', 'high': 1993.5, 'low_date': '2025-08-29', 'low': 1913.5, 'pullback_pct': 4.01}, {'high_date': '2025-09-23', 'high': 2084.4, 'low_date': '2025-10-03', 'low': 2000.9, 'pullback_pct': 4.01}, {'high_date': '2025-10-23', 'high': 2176.6, 'low_date': '2025-11-11', 'low': 1989.4, 'pullback_pct': 8.6}]",2176.6,False,53.0,2070.5,2012.72,2.79,2243.85,8.37,3.0,no valid VCP base
BAJFINANCE,None,None,8,2,6,False,"T5_above_ma50,T8_rs_rank",49.7,7.4,98.32,LAGGING,False,40,"[{'high_date': '2025-04-28', 'high': 903.72, 'low_date': '2025-04-30', 'low': 858.15, 'pullback_pct': 5.04}, {'high_date': '2025-06-09', 'high': 960.75, 'low_date': '2025-06-19', 'low': 900.5, 'pullback_pct': 6.27}, {'high_date': '2025-06-26', 'high': 951.5, 'low_date': '2025-07-03', 'low': 910.15, 'pullback_pct': 4.35}, {'high_date': '2025-07-23', 'high': 968.3, 'low_date': '2025-08-12', 'low': 853.0, 'pullback_pct': 11.91}, {'high_date': '2025-09-24', 'high': 1029.75, 'low_date': '2025-09-26', 'low': 985.1, 'pullback_pct': 4.34}, {'high_date': '2025-10-23', 'high': 1094.15, 'low_date': '2025-11-06', 'low': 1041.9, 'pullback_pct': 4.78}, {'high_date': '2025-11-10', 'high': 1085.0, 'low_date': '2025-11-25', 'low': 986.2, 'pullback_pct': 9.11}]",1085.0,False,35.0,1012.7,998.2,1.43,1056.2,4.3,3.0,no valid VCP base
BAJAJ-AUTO,None,None,8,2,6,False,"T5_above_ma50,T8_rs_rank",25.5,5.2,99.9,LAGGING,False,40,"[{'high_date': '2025-02-01', 'high': 8929.3, 'low_date': '2025-03-04', 'low': 7152.04, 'pullback_pct': 19.9}, {'high_date': '2025-03-24', 'high': 7924.71, 'low_date': '2025-04-07', 'low': 7126.19, 'pullback_pct': 10.08}, {'high_date': '2025-04-23', 'high': 8057.3, 'low_date': '2025-05-09', 'low': 7492.61, 'pullback_pct': 7.01}, {'high_date': '2025-05-27', 'high': 8741.46, 'low_date': '2025-07-11', 'low': 8067.0, 'pullback_pct': 7.72}, {'high_date': '2025-07-21', 'high': 8438.5, 'low_date': '2025-07-31', 'low': 8008.0, 'pullback_pct': 5.1}, {'high_date': '2025-09-08', 'high': 9433.5, 'low_date': '2025-10-01', 'low': 8626.5, 'pullback_pct': 8.55}, {'high_date': '2025-10-16', 'high': 9151.5, 'low_date': '2025-11-06', 'low': 8720.5, 'pullback_pct': 4.71}]",9151.5,False,60.0,8940.0,8719.29,2.47,9602.14,7.41,3.0,no valid VCP base
VBL,None,None,8,4,1,False,"T1_above_ma150_200,T2_ma150_above_200,T3_ma200_uptrend,T4_ma50_above_med,T6_25pct_above_low,T7_within_25pct_high,T8_rs_rank",9.8,26.6,101.05,LEADING,False,40,"[{'high_date': '2025-02-04', 'high': 583.59, 'low_date': '2025-02-20', 'low': 466.04, 'pullback_pct': 20.14}, {'high_date': '2025-02-24', 'high': 497.43, 'low_date': '2025-02-28', 'low': 433.85, 'pullback_pct': 12.78}, {'high_date': '2025-03-20', 'high': 545.98, 'low_date': '2025-03-25', 'low': 514.54, 'pullback_pct': 5.76}, {'high_date': '2025-04-02', 'high': 544.14, 'low_date': '2025-04-07', 'low': 517.46, 'pullback_pct': 4.9}, {'high_date': '2025-04-17', 'high': 554.45, 'low_date': '2025-05-08', 'low': 487.21, 'pullback_pct': 12.13}, {'high_date': '2025-05-12', 'high': 512.23, 'low_date': '2025-05-22', 'low': 468.07, 'pullback_pct': 8.62}, {'high_date': '2025-05-23', 'high': 487.21, 'low_date': '2025-06-19', 'low': 447.23, 'pullback_pct': 8.2}, {'high_date': '2025-07-31', 'high': 520.95, 'low_date': '2025-08-08', 'low': 494.86, 'pullback_pct': 5.01}, {'high_date': '2025-08-20', 'high': 516.51, 'low_date': '2025-10-08', 'low': 433.89, 'pullback_pct': 16.0}, {'high_date': '2025-10-29', 'high': 494.36, 'low_date': '2025-11-24', 'low': 445.12, 'pullback_pct': 9.96}]",494.36,False,47.0,476.55,459.43,3.59,527.91,10.78,3.0,no valid VCP base
UPL,None,None,8,2,7,False,T8_rs_rank,54.6,1.0,104.77,LEADING,False,40,"[{'high_date': '2025-02-05', 'high': 639.6, 'low_date': '2025-02-11', 'low': 605.16, 'pullback_pct': 5.38}, {'high_date': '2025-02-19', 'high': 644.16, 'low_date': '2025-03-13', 'low': 596.0, 'pullback_pct': 7.48}, {'high_date': '2025-03-21', 'high': 652.88, 'low_date': '2025-04-09', 'low': 608.68, 'pullback_pct': 6.77}, {'high_date': '2025-05-07', 'high': 681.76, 'low_date': '2025-05-30', 'low': 622.21, 'pullback_pct': 8.74}, {'high_date': '2025-07-28', 'high': 729.85, 'low_date': '2025-08-01', 'low': 665.15, 'pullback_pct': 8.86}, {'high_date': '2025-08-05', 'high': 720.45, 'low_date': '2025-08-14', 'low': 683.75, 'pullback_pct': 5.09}, {'high_date': '2025-09-01', 'high': 727.95, 'low_date': '2025-09-26', 'low': 648.0, 'pullback_pct': 10.98}, {'high_date': '2025-11-17', 'high': 773.2, 'low_date': '2025-12-10', 'low': 736.9, 'pullback_pct': 4.69}]",773.2,False,28.0,765.65,741.71,3.13,837.47,9.38,3.0,no valid VCP base
UNOMINDA,None,None,8,2,6,False,"T5_above_ma50,T8_rs_rank",54.6,9.3,99.91,LAGGING,False,40,"[{'high_date': '2025-02-10', 'high': 1069.91, 'low_date': '2025-02-28', 'low': 824.07, 'pullback_pct': 22.98}, {'high_date': '2025-03-19', 'high': 1010.3, 'low_date': '2025-04-07', 'low': 801.07, 'pullback_pct': 20.71}, {'high_date': '2025-06-11', 'high': 1103.19, 'low_date': '2025-06-19', 'low': 1036.54, 'pullback_pct': 6.04}, {'high_date': '2025-07-16', 'high': 1118.68, 'low_date': '2025-07-31', 'low': 1040.64, 'pullback_pct': 6.98}, {'high_date': '2025-10-07', 'high': 1365.3, 'low_date': '2025-10-14', 'low': 1184.53, 'pullback_pct': 13.24}, {'high_date': '2025-11-12', 'high': 1331.93, 'low_date': '2025-12-10', 'low': 1222.41, 'pullback_pct': 8.22}]",1331.93,False,33.0,1238.49,1225.38,1.06,1277.85,3.18,3.0,no valid VCP base
RAMCOCEM,None,None,8,2,6,False,"T4_ma50_above_med,T8_rs_rank",32.9,11.3,99.82,IMPROVING,False,40,"[{'high_date': '2025-01-29', 'high': 924.6, 'low_date': '2025-02-28', 'low': 827.57, 'pullback_pct': 10.49}, {'high_date': '2025-03-06', 'high': 874.79, 'low_date': '2025-03-13', 'low': 800.17, 'pullback_pct': 8.53}, {'high_date': '2025-04-24', 'high': 985.85, 'low_date': '2025-05-09', 'low': 937.83, 'pullback_pct': 4.87}, {'high_date': '2025-05-23', 'high': 1004.37, 'low_date': '2025-05-29', 'low': 950.96, 'pullback_pct': 5.32}, {'high_date': '2025-06-11', 'high': 1069.3, 'low_date': '2025-06-20', 'low': 1010.36, 'pullback_pct': 5.51}, {'high_date': '2025-07-30', 'high': 1199.33, 'low_date': '2025-08-12', 'low': 1059.3, 'pullback_pct': 11.68}, {'high_date': '2025-08-20', 'high': 1114.6, 'low_date': '2025-08-28', 'low': 1034.3, 'pullback_pct': 7.2}, {'high_date': '2025-09-04', 'high': 1090.3, 'low_date': '2025-10-06', 'low': 979.5, 'pullback_pct': 10.16}, {'high_date': '2025-10-28', 'high': 1059.1, 'low_date': '2025-11-14', 'low': 980.3, 'pullback_pct': 7.44}, {'high_date': '2025-11-28', 'high': 1037.5, 'low_date': '2025-12-08', 'low': 995.9, 'pullback_pct': 4.01}]",1037.5,True,17.0,1063.3,1028.96,3.23,1166.32,9.69,3.0,no valid VCP base
JBCHEPHARM,None,None,8,2,6,False,"T6_25pct_above_low,T8_rs_rank",19.6,5.5,102.59,LEADING,False,40,"[{'high_date': '2025-02-13', 'high': 1666.09, 'low_date': '2025-02-24', 'low': 1554.47, 'pullback_pct': 6.7}, {'high_date': '2025-02-28', 'high': 1627.15, 'low_date': '2025-03-12', 'low': 1488.66, 'pullback_pct': 8.51}, {'high_date': '2025-03-25', 'high': 1712.3, 'low_date': '2025-04-07', 'low': 1501.97, 'pullback_pct': 12.28}, {'high_date': '2025-04-21', 'high': 1641.35, 'low_date': '2025-05-06', 'low': 1488.66, 'pullback_pct': 9.3}, {'high_date': '2025-06-12', 'high': 1727.04, 'low_date': '2025-06-19', 'low': 1654.21, 'pullback_pct': 4.22}, {'high_date': '2025-06-27', 'high': 1782.55, 'low_date': '2025-07-11', 'low': 1591.77, 'pullback_pct': 10.7}, {'high_date': '2025-07-29', 'high': 1783.74, 'low_date': '2025-08-06', 'low': 1648.54, 'pullback_pct': 7.58}, {'high_date': '2025-08-25', 'high': 1737.85, 'low_date': '2025-10-07', 'low': 1645.76, 'pullback_pct': 5.3}, {'high_date': '2025-11-11', 'high': 1816.33, 'low_date': '2025-11-21', 'low': 1718.18, 'pullback_pct': 5.4}]",1816.33,False,34.0,1780.36,1731.76,2.73,1926.19,8.19,3.0,no valid VCP base
JMFINANCIL,None,None,8,3,4,False,"T1_above_ma150_200,T4_ma50_above_med,T5_above_ma50,T8_rs_rank",78.6,23.7,88.85,LAGGING,False,40,"[{'high_date': '2025-02-01', 'high': 109.17, 'low_date': '2025-02-03', 'low': 103.93, 'pullback_pct': 4.8}, {'high_date': '2025-02-07', 'high': 114.07, 'low_date': '2025-02-18', 'low': 94.76, 'pullback_pct': 16.92}, {'high_date': '2025-02-20', 'high': 100.12, 'low_date': '2025-03-03', 'low': 88.14, 'pullback_pct': 11.96}, {'high_date': '2025-03-07', 'high': 94.77, 'low_date': '2025-03-17', 'low': 81.71, 'pullback_pct': 13.78}, {'high_date': '2025-04-03', 'high': 96.87, 'low_date': '2025-04-07', 'low': 85.4, 'pullback_pct': 11.84}, {'high_date': '2025-04-22', 'high': 102.75, 'low_date': '2025-05-02', 'low': 96.71, 'pullback_pct': 5.88}, {'high_date': '2025-06-09', 'high': 150.68, 'low_date': '2025-06-19', 'low': 137.3, 'pullback_pct': 8.88}, {'high_date': '2025-07-23', 'high': 177.84, 'low_date': '2025-08-01', 'low': 150.44, 'pullback_pct': 15.41}, {'high_date': '2025-08-22', 'high': 191.14, 'low_date': '2025-08-29', 'low': 175.75, 'pullback_pct': 8.05}, {'high_date': '2025-09-08', 'high': 190.37, 'low_date': '2025-09-30', 'low': 158.15, 'pullback_pct': 16.93}, {'high_date': '2025-10-15', 'high': 176.22, 'low_date': '2025-11-10', 'low': 145.47, 'pullback_pct': 17.45}, {'high_date': '2025-11-13', 'high': 152.6, 'low_date': '2025-11-24', 'low': 137.38, 'pullback_pct': 9.97}, {'high_date': '2025-12-01', 'high': 154.58, 'low_date': '2025-12-08', 'low': 138.27, 'pullback_pct': 10.55}]",154.58,False,14.0,145.93,142.21,2.55,157.08,7.64,3.0,no valid VCP base
IDFCFIRSTB,None,None,8,2,7,False,T8_rs_rank,59.1,0.0,104.92,LEADING,False,40,"[{'high_date': '2025-02-07', 'high': 63.88, 'low_date': '2025-03-17', 'low': 52.72, 'pullback_pct': 17.48}, {'high_date': '2025-03-24', 'high': 57.7, 'low_date': '2025-03-28', 'low': 54.78, 'pullback_pct': 5.06}, {'high_date': '2025-04-03', 'high': 60.15, 'low_date': '2025-04-07', 'low': 56.31, 'pullback_pct': 6.4}, {'high_date': '2025-04-23', 'high': 68.23, 'low_date': '2025-04-30', 'low': 64.68, 'pullback_pct': 5.2}, {'high_date': '2025-05-15', 'high': 69.25, 'low_date': '2025-05-26', 'low': 66.4, 'pullback_pct': 4.12}, {'high_date': '2025-07-04', 'high': 77.63, 'low_date': '2025-08-01', 'low': 67.58, 'pullback_pct': 12.94}, {'high_date': '2025-08-19', 'high': 71.29, 'low_date': '2025-08-29', 'low': 67.99, 'pullback_pct': 4.63}, {'high_date': '2025-09-09', 'high': 73.53, 'low_date': '2025-09-26', 'low': 68.59, 'pullback_pct': 6.72}, {'high_date': '2025-11-03', 'high': 81.99, 'low_date': '2025-11-24', 'low': 77.97, 'pullback_pct': 4.9}]",81.99,True,42.0,83.87,81.15,3.24,92.03,9.73,3.0,no valid VCP base
IRB,None,None,8,4,1,False,"T1_above_ma150_200,T3_ma200_uptrend,T4_ma50_above_med,T5_above_ma50,T6_25pct_above_low,T7_within_25pct_high,T8_rs_rank",3.1,30.0,97.28,IMPROVING,False,40,"[{'high_date': '2025-01-31', 'high': 28.47, 'low_date': '2025-03-04', 'low': 21.18, 'pullback_pct': 25.6}, {'high_date': '2025-03-06', 'high': 22.39, 'low_date': '2025-03-17', 'low': 21.28, 'pullback_pct': 4.93}, {'high_date': '2025-03-24', 'high': 23.43, 'low_date': '2025-03-28', 'low': 22.47, 'pullback_pct': 4.1}, {'high_date': '2025-04-03', 'high': 23.68, 'low_date': '2025-04-07', 'low': 21.49, 'pullback_pct': 9.25}, {'high_date': '2025-04-23', 'high': 24.18, 'low_date': '2025-05-06', 'low': 21.92, 'pullback_pct': 9.36}, {'high_date': '2025-06-09', 'high': 26.45, 'low_date': '2025-06-19', 'low': 23.91, 'pullback_pct': 9.59}, {'high_date': '2025-06-26', 'high': 25.0, 'low_date': '2025-08-08', 'low': 21.65, 'pullback_pct': 13.38}, {'high_date': '2025-08-14', 'high': 22.57, 'low_date': '2025-09-08', 'low': 21.06, 'pullback_pct': 6.72}, {'high_date': '2025-09-18', 'high': 21.97, 'low_date': '2025-09-29', 'low': 20.35, 'pullback_pct': 7.37}, {'high_date': '2025-11-03', 'high': 22.52, 'low_date': '2025-11-13', 'low': 21.11, 'pullback_pct': 6.28}, {'high_date': '2025-11-17', 'high': 22.2, 'low_date': '2025-12-12', 'low': 20.6, 'pullback_pct': 7.22}]",22.2,False,28.0,20.98,20.42,2.65,22.65,7.96,3.0,no valid VCP base
MPHASIS,None,None,8,2,7,False,T8_rs_rank,40.6,7.6,101.56,WEAKENING,False,40,"[{'high_date': '2025-01-24', 'high': 2950.35, 'low_date': '2025-01-28', 'low': 2827.26, 'pullback_pct': 4.17}, {'high_date': '2025-01-29', 'high': 2950.3, 'low_date': '2025-03-04', 'low': 2202.59, 'pullback_pct': 25.34}, {'high_date': '2025-03-06', 'high': 2297.1, 'low_date': '2025-03-17', 'low': 2157.1, 'pullback_pct': 6.09}, {'high_date': '2025-03-25', 'high': 2484.75, 'low_date': '2025-04-07', 'low': 2061.02, 'pullback_pct': 17.05}, {'high_date': '2025-04-25', 'high': 2488.87, 'low_date': '2025-05-06', 'low': 2311.51, 'pullback_pct': 7.13}, {'high_date': '2025-05-15', 'high': 2572.89, 'low_date': '2025-06-02', 'low': 2442.3, 'pullback_pct': 5.08}, {'high_date': '2025-07-15', 'high': 2884.8, 'low_date': '2025-07-25', 'low': 2625.0, 'pullback_pct': 9.01}, {'high_date': '2025-07-30', 'high': 2806.6, 'low_date': '2025-08-06', 'low': 2654.1, 'pullback_pct': 5.43}, {'high_date': '2025-08-25', 'high': 2917.7, 'low_date': '2025-08-29', 'low': 2788.0, 'pullback_pct': 4.45}, {'high_date': '2025-09-01', 'high': 2921.5, 'low_date': '2025-09-08', 'low': 2787.1, 'pullback_pct': 4.6}, {'high_date': '2025-09-18', 'high': 3000.6, 'low_date': '2025-09-26', 'low': 2642.4, 'pullback_pct': 11.94}, {'high_date': '2025-10-07', 'high': 2817.7, 'low_date': '2025-10-17', 'low': 2693.7, 'pullback_pct': 4.4}, {'high_date': '2025-10-30', 'high': 2893.7, 'low_date': '2025-11-18', 'low': 2658.5, 'pullback_pct': 8.13}]",2893.7,True,46.0,2897.9,2815.76,2.83,3144.31,8.5,3.0,no valid VCP base
INDGN,None,None,8,4,2,False,"T1_above_ma150_200,T3_ma200_uptrend,T4_ma50_above_med,T5_above_ma50,T6_25pct_above_low,T8_rs_rank",5.1,21.4,95.82,LAGGING,False,40,"[{'high_date': '2025-02-07', 'high': 627.05, 'low_date': '2025-02-27', 'low': 502.27, 'pullback_pct': 19.9}, {'high_date': '2025-03-07', 'high': 532.22, 'low_date': '2025-03-10', 'low': 503.96, 'pullback_pct': 5.31}, {'high_date': '2025-03-11', 'high': 575.62, 'low_date': '2025-03-13', 'low': 511.59, 'pullback_pct': 11.12}, {'high_date': '2025-04-02', 'high': 577.12, 'low_date': '2025-04-07', 'low': 531.12, 'pullback_pct': 7.97}, {'high_date': '2025-04-15', 'high': 577.91, 'low_date': '2025-05-02', 'low': 528.43, 'pullback_pct': 8.56}, {'high_date': '2025-06-03', 'high': 617.63, 'low_date': '2025-06-06', 'low': 579.66, 'pullback_pct': 6.15}, {'high_date': '2025-06-11', 'high': 604.77, 'low_date': '2025-07-31', 'low': 543.0, 'pullback_pct': 10.21}, {'high_date': '2025-08-19', 'high': 589.55, 'low_date': '2025-08-29', 'low': 542.3, 'pullback_pct': 8.01}, {'high_date': '2025-09-19', 'high': 586.55, 'low_date': '2025-10-14', 'low': 532.65, 'pullback_pct': 9.19}, {'high_date': '2025-10-20', 'high': 556.8, 'low_date': '2025-11-18', 'low': 506.05, 'pullback_pct': 9.11}]",556.8,False,56.0,527.85,512.26,2.95,574.63,8.86,3.0,no valid VCP base
M&M,None,None,8,2,6,False,"T5_above_ma50,T8_rs_rank",46.0,4.0,101.52,WEAKENING,False,40,"[{'high_date': '2025-02-20', 'high': 2816.82, 'low_date': '2025-02-21', 'low': 2648.08, 'pullback_pct': 5.99}, {'high_date': '2025-02-25', 'high': 2755.71, 'low_date': '2025-02-28', 'low': 2564.5, 'pullback_pct': 6.94}, {'high_date': '2025-03-20', 'high': 2805.56, 'low_date': '2025-04-07', 'low': 2471.39, 'pullback_pct': 11.91}, {'high_date': '2025-05-07', 'high': 3095.03, 'low_date': '2025-05-09', 'low': 2958.33, 'pullback_pct': 4.42}, {'high_date': '2025-05-15', 'high': 3119.24, 'low_date': '2025-05-30', 'low': 2953.07, 'pullback_pct': 5.33}, {'high_date': '2025-08-22', 'high': 3403.0, 'low_date': '2025-08-29', 'low': 3199.5, 'pullback_pct': 5.98}, {'high_date': '2025-09-09', 'high': 3696.3, 'low_date': '2025-09-26', 'low': 3396.5, 'pullback_pct': 8.11}, {'high_date': '2025-10-17', 'high': 3647.2, 'low_date': '2025-10-31', 'low': 3487.2, 'pullback_pct': 4.39}]",3647.2,False,59.0,3608.0,3513.1,2.63,3892.69,7.89,3.0,no valid VCP base
MARICO,None,None,8,2,7,False,T8_rs_rank,26.8,3.0,100.09,WEAKENING,False,40,"[{'high_date': '2025-02-01', 'high': 683.72, 'low_date': '2025-03-04', 'low': 581.95, 'pullback_pct': 14.88}, {'high_date': '2025-05-12', 'high': 730.82, 'low_date': '2025-06-17', 'low': 680.08, 'pullback_pct': 6.94}, {'high_date': '2025-07-15', 'high': 732.9, 'low_date': '2025-07-25', 'low': 687.11, 'pullback_pct': 6.25}, {'high_date': '2025-08-20', 'high': 751.85, 'low_date': '2025-08-28', 'low': 711.6, 'pullback_pct': 5.35}, {'high_date': '2025-09-02', 'high': 741.9, 'low_date': '2025-09-30', 'low': 697.4, 'pullback_pct': 6.0}, {'high_date': '2025-11-17', 'high': 760.7, 'low_date': '2025-12-03', 'low': 710.65, 'pullback_pct': 6.58}]",760.7,False,28.0,737.65,717.86,2.68,797.03,8.05,3.0,no valid VCP base
LEMONTREE,None,None,8,2,6,False,"T5_above_ma50,T8_rs_rank",32.5,9.4,96.13,LAGGING,False,40,"[{'high_date': '2025-02-05', 'high': 148.16, 'low_date': '2025-02-18', 'low': 124.08, 'pullback_pct': 16.25}, {'high_date': '2025-02-19', 'high': 133.21, 'low_date': '2025-02-28', 'low': 121.71, 'pullback_pct': 8.63}, {'high_date': '2025-03-21', 'high': 139.14, 'low_date': '2025-03-28', 'low': 128.41, 'pullback_pct': 7.71}, {'high_date': '2025-04-03', 'high': 143.69, 'low_date': '2025-04-07', 'low': 133.79, 'pullback_pct': 6.89}, {'high_date': '2025-04-21', 'high': 147.31, 'low_date': '2025-05-09', 'low': 129.75, 'pullback_pct': 11.92}, {'high_date': '2025-05-29', 'high': 143.01, 'low_date': '2025-06-19', 'low': 133.43, 'pullback_pct': 6.7}, {'high_date': '2025-07-10', 'high': 158.11, 'low_date': '2025-08-11', 'low': 142.11, 'pullback_pct': 10.12}, {'high_date': '2025-09-08', 'high': 177.93, 'low_date': '2025-09-29', 'low': 163.37, 'pullback_pct': 8.18}, {'high_date': '2025-10-03', 'high': 173.24, 'low_date': '2025-10-14', 'low': 161.63, 'pullback_pct': 6.7}, {'high_date': '2025-10-21', 'high': 168.47, 'low_date': '2025-11-24', 'low': 148.43, 'pullback_pct': 11.9}]",168.47,False,55.0,161.25,154.99,3.88,180.02,11.64,3.0,no valid VCP base
KIMS,None,None,8,3,4,False,"T1_above_ma150_200,T4_ma50_above_med,T5_above_ma50,T8_rs_rank",31.8,15.1,94.24,LAGGING,False,40,"[{'high_date': '2025-02-06', 'high': 654.1, 'low_date': '2025-03-05', 'low': 508.45, 'pullback_pct': 22.27}, {'high_date': '2025-03-24', 'high': 642.25, 'low_date': '2025-03-26', 'low': 612.9, 'pullback_pct': 4.57}, {'high_date': '2025-03-28', 'high': 639.6, 'low_date': '2025-04-07', 'low': 568.9, 'pullback_pct': 11.05}, {'high_date': '2025-04-23', 'high': 691.3, 'low_date': '2025-05-08', 'low': 634.5, 'pullback_pct': 8.22}, {'high_date': '2025-05-30', 'high': 684.25, 'low_date': '2025-06-10', 'low': 650.65, 'pullback_pct': 4.91}, {'high_date': '2025-06-13', 'high': 679.95, 'low_date': '2025-06-23', 'low': 623.8, 'pullback_pct': 8.26}, {'high_date': '2025-07-24', 'high': 789.35, 'low_date': '2025-08-08', 'low': 711.3, 'pullback_pct': 9.89}, {'high_date': '2025-08-19', 'high': 769.15, 'low_date': '2025-08-29', 'low': 723.9, 'pullback_pct': 5.88}, {'high_date': '2025-09-11', 'high': 762.4, 'low_date': '2025-10-01', 'low': 687.9, 'pullback_pct': 9.77}, {'high_date': '2025-10-06', 'high': 722.2, 'low_date': '2025-10-09', 'low': 690.3, 'pullback_pct': 4.42}, {'high_date': '2025-10-29', 'high': 735.35, 'low_date': '2025-11-19', 'low': 663.75, 'pullback_pct': 9.74}, {'high_date': '2025-12-03', 'high': 706.85, 'low_date': '2025-12-11', 'low': 658.2, 'pullback_pct': 6.88}]",706.85,False,12.0,670.1,650.3,2.95,729.49,8.86,3.0,no valid VCP base
KOTAKBANK,None,None,8,2,7,False,T8_rs_rank,25.6,3.7,100.43,LEADING,False,40,"[{'high_date': '2025-02-19', 'high': 396.54, 'low_date': '2025-02-28', 'low': 380.15, 'pullback_pct': 4.13}, {'high_date': '2025-03-24', 'high': 434.73, 'low_date': '2025-04-07', 'low': 407.1, 'pullback_pct': 6.36}, {'high_date': '2025-04-22', 'high': 453.24, 'low_date': '2025-06-05', 'low': 407.51, 'pullback_pct': 10.09}, {'high_date': '2025-06-24', 'high': 444.21, 'low_date': '2025-07-03', 'low': 424.83, 'pullback_pct': 4.36}, {'high_date': '2025-07-09', 'high': 445.35, 'low_date': '2025-09-02', 'low': 388.5, 'pullback_pct': 12.76}, {'high_date': '2025-10-23', 'high': 445.12, 'low_date': '2025-11-25', 'low': 413.98, 'pullback_pct': 7.0}]",445.12,False,53.0,436.26,425.54,2.46,468.43,7.37,3.0,no valid VCP base
KEC,None,None,8,4,1,False,"T1_above_ma150_200,T3_ma200_uptrend,T4_ma50_above_med,T5_above_ma50,T6_25pct_above_low,T7_within_25pct_high,T8_rs_rank",7.9,42.6,86.52,LAGGING,False,40,"[{'high_date': '2025-01-31', 'high': 835.53, 'low_date': '2025-02-03', 'low': 789.57, 'pullback_pct': 5.5}, {'high_date': '2025-02-05', 'high': 839.55, 'low_date': '2025-02-18', 'low': 712.5, 'pullback_pct': 15.13}, {'high_date': '2025-02-20', 'high': 762.09, 'low_date': '2025-03-03', 'low': 682.0, 'pullback_pct': 10.51}, {'high_date': '2025-03-07', 'high': 718.47, 'low_date': '2025-03-11', 'low': 672.46, 'pullback_pct': 6.4}, {'high_date': '2025-03-12', 'high': 710.12, 'low_date': '2025-03-13', 'low': 667.39, 'pullback_pct': 6.02}, {'high_date': '2025-03-21', 'high': 833.79, 'low_date': '2025-03-26', 'low': 756.68, 'pullback_pct': 9.25}, {'high_date': '2025-03-27', 'high': 793.05, 'low_date': '2025-04-07', 'low': 653.13, 'pullback_pct': 17.64}, {'high_date': '2025-04-22', 'high': 736.55, 'low_date': '2025-05-06', 'low': 686.07, 'pullback_pct': 6.85}, {'high_date': '2025-05-07', 'high': 720.36, 'low_date': '2025-05-09', 'low': 690.49, 'pullback_pct': 4.15}, {'high_date': '2025-05-28', 'high': 869.61, 'low_date': '2025-05-30', 'low': 827.18, 'pullback_pct': 4.88}, {'high_date': '2025-06-09', 'high': 915.72, 'low_date': '2025-06-13', 'low': 870.11, 'pullback_pct': 4.98}, {'high_date': '2025-06-26', 'high': 928.19, 'low_date': '2025-08-14', 'low': 778.55, 'pullback_pct': 16.12}, {'high_date': '2025-09-23', 'high': 883.9, 'low_date': '2025-09-29', 'low': 832.35, 'pullback_pct': 5.83}, {'high_date': '2025-09-30', 'high': 872.95, 'low_date': '2025-11-10', 'low': 722.25, 'pullback_pct': 17.26}, {'high_date': '2025-11-12', 'high': 797.7, 'low_date': '2025-11-28', 'low': 685.75, 'pullback_pct': 14.03}, {'high_date': '2025-12-03', 'high': 720.35, 'low_date': '2025-12-08', 'low': 681.55, 'pullback_pct': 5.39}]",720.35,False,12.0,704.9,678.13,3.8,785.21,11.39,3.0,no valid VCP base
GRANULES,None,None,8,2,7,False,T8_rs_rank,33.0,6.9,100.51,WEAKENING,False,40,"[{'high_date': '2025-02-07', 'high': 581.12, 'low_date': '2025-02-28', 'low': 460.39, 'pullback_pct': 20.78}, {'high_date': '2025-03-06', 'high': 492.49, 'low_date': '2025-03-13', 'low': 469.22, 'pullback_pct': 4.73}, {'high_date': '2025-03-24', 'high': 509.89, 'low_date': '2025-04-09', 'low': 429.79, 'pullback_pct': 15.71}, {'high_date': '2025-04-23', 'high': 483.47, 'low_date': '2025-05-09', 'low': 439.56, 'pullback_pct': 9.08}, {'high_date': '2025-06-10', 'high': 540.8, 'low_date': '2025-07-11', 'low': 467.57, 'pullback_pct': 13.54}, {'high_date': '2025-07-17', 'high': 500.92, 'low_date': '2025-07-28', 'low': 461.79, 'pullback_pct': 7.81}, {'high_date': '2025-07-30', 'high': 490.65, 'low_date': '2025-08-06', 'low': 439.35, 'pullback_pct': 10.46}, {'high_date': '2025-09-17', 'high': 546.05, 'low_date': '2025-09-29', 'low': 514.6, 'pullback_pct': 5.76}, {'high_date': '2025-10-30', 'high': 574.3, 'low_date': '2025-11-11', 'low': 535.45, 'pullback_pct': 6.76}, {'high_date': '2025-11-17', 'high': 561.7, 'low_date': '2025-11-24', 'low': 532.85, 'pullback_pct': 5.14}, {'high_date': '2025-12-02', 'high': 570.2, 'low_date': '2025-12-08', 'low': 543.95, 'pullback_pct': 4.6}]",570.2,True,13.0,571.6,549.96,3.79,636.53,11.36,3.0,no valid VCP base
JIOFIN,None,None,8,3,4,False,"T1_above_ma150_200,T4_ma50_above_med,T5_above_ma50,T8_rs_rank",49.3,12.5,97.7,IMPROVING,False,40,"[{'high_date': '2025-02-06', 'high': 250.09, 'low_date': '2025-02-18', 'low': 220.68, 'pullback_pct': 11.76}, {'high_date': '2025-02-20', 'high': 234.9, 'low_date': '2025-03-03', 'low': 200.61, 'pullback_pct': 14.6}, {'high_date': '2025-03-24', 'high': 232.32, 'low_date': '2025-04-07', 'low': 213.19, 'pullback_pct': 8.23}, {'high_date': '2025-05-05', 'high': 260.19, 'low_date': '2025-05-09', 'low': 247.96, 'pullback_pct': 4.7}, {'high_date': '2025-06-09', 'high': 303.78, 'low_date': '2025-06-19', 'low': 283.66, 'pullback_pct': 6.62}, {'high_date': '2025-07-10', 'high': 331.13, 'low_date': '2025-07-28', 'low': 306.87, 'pullback_pct': 7.33}, {'high_date': '2025-08-04', 'high': 333.38, 'low_date': '2025-09-30', 'low': 293.2, 'pullback_pct': 12.05}, {'high_date': '2025-10-15', 'high': 312.65, 'low_date': '2025-11-06', 'low': 298.1, 'pullback_pct': 4.65}, {'high_date': '2025-11-14', 'high': 314.9, 'low_date': '2025-12-10', 'low': 290.85, 'pullback_pct': 7.64}]",314.9,False,31.0,299.6,291.2,2.8,324.8,8.41,3.0,no valid VCP base
JUBLINGREA,None,None,8,3,4,False,"T1_above_ma150_200,T4_ma50_above_med,T6_25pct_above_low,T8_rs_rank",21.9,17.3,101.96,LEADING,False,40,"[{'high_date': '2025-02-05', 'high': 738.74, 'low_date': '2025-02-14', 'low': 626.06, 'pullback_pct': 15.25}, {'high_date': '2025-02-25', 'high': 680.14, 'low_date': '2025-03-03', 'low': 576.6, 'pullback_pct': 15.22}, {'high_date': '2025-03-20', 'high': 699.9, 'low_date': '2025-04-09', 'low': 591.74, 'pullback_pct': 15.45}, {'high_date': '2025-04-22', 'high': 691.71, 'low_date': '2025-04-30', 'low': 638.08, 'pullback_pct': 7.75}, {'high_date': '2025-05-12', 'high': 712.71, 'low_date': '2025-05-20', 'low': 670.9, 'pullback_pct': 5.87}, {'high_date': '2025-06-02', 'high': 729.05, 'low_date': '2025-06-11', 'low': 675.57, 'pullback_pct': 7.34}, {'high_date': '2025-06-13', 'high': 788.15, 'low_date': '2025-06-20', 'low': 695.88, 'pullback_pct': 11.71}, {'high_date': '2025-07-17', 'high': 828.87, 'low_date': '2025-08-11', 'low': 694.02, 'pullback_pct': 16.27}, {'high_date': '2025-09-04', 'high': 729.09, 'low_date': '2025-09-30', 'low': 636.94, 'pullback_pct': 12.64}, {'high_date': '2025-10-14', 'high': 710.11, 'low_date': '2025-11-07', 'low': 652.33, 'pullback_pct': 8.14}, {'high_date': '2025-11-26', 'high': 726.25, 'low_date': '2025-12-08', 'low': 655.32, 'pullback_pct': 9.77}]",726.25,False,19.0,703.14,668.15,4.98,808.11,14.93,3.0,no valid VCP base
KEI,None,None,8,2,7,False,T8_rs_rank,66.1,9.9,99.92,LAGGING,False,40,"[{'high_date': '2025-02-21', 'high': 3839.9, 'low_date': '2025-02-27', 'low': 2995.5, 'pullback_pct': 21.99}, {'high_date': '2025-03-06', 'high': 3283.36, 'low_date': '2025-03-11', 'low': 3024.87, 'pullback_pct': 7.87}, {'high_date': '2025-03-19', 'high': 3279.37, 'low_date': '2025-04-07', 'low': 2506.78, 'pullback_pct': 23.56}, {'high_date': '2025-06-09', 'high': 3808.29, 'low_date': '2025-06-20', 'low': 3570.27, 'pullback_pct': 6.25}, {'high_date': '2025-07-03', 'high': 3836.16, 'low_date': '2025-07-11', 'low': 3608.03, 'pullback_pct': 5.95}, {'high_date': '2025-07-22', 'high': 3985.58, 'low_date': '2025-08-12', 'low': 3760.25, 'pullback_pct': 5.65}, {'high_date': '2025-08-20', 'high': 3981.69, 'low_date': '2025-08-29', 'low': 3806.09, 'pullback_pct': 4.41}, {'high_date': '2025-10-15', 'high': 4415.37, 'low_date': '2025-11-06', 'low': 3922.96, 'pullback_pct': 11.15}, {'high_date': '2025-12-04', 'high': 4180.15, 'low_date': '2025-12-10', 'low': 3943.23, 'pullback_pct': 5.67}]",4180.15,False,11.0,4162.97,4008.48,3.71,4626.44,11.13,3.0,no valid VCP base
GESHIP,None,None,8,2,7,False,T8_rs_rank,42.0,2.0,102.42,LEADING,False,40,"[{'high_date': '2025-02-01', 'high': 958.67, 'low_date': '2025-02-28', 'low': 783.5, 'pullback_pct': 18.27}, {'high_date': '2025-03-20', 'high': 920.98, 'low_date': '2025-04-09', 'low': 831.53, 'pullback_pct': 9.71}, {'high_date': '2025-04-23', 'high': 893.24, 'low_date': '2025-04-30', 'low': 840.86, 'pullback_pct': 5.86}, {'high_date': '2025-05-05', 'high': 899.57, 'low_date': '2025-05-08', 'low': 834.86, 'pullback_pct': 7.19}, {'high_date': '2025-05-16', 'high': 945.65, 'low_date': '2025-05-21', 'low': 885.14, 'pullback_pct': 6.4}, {'high_date': '2025-06-16', 'high': 977.15, 'low_date': '2025-06-19', 'low': 929.56, 'pullback_pct': 4.87}, {'high_date': '2025-07-04', 'high': 1004.22, 'low_date': '2025-08-05', 'low': 898.75, 'pullback_pct': 10.5}, {'high_date': '2025-08-19', 'high': 962.63, 'low_date': '2025-08-29', 'low': 908.59, 'pullback_pct': 5.61}, {'high_date': '2025-09-18', 'high': 1038.22, 'low_date': '2025-09-29', 'low': 956.26, 'pullback_pct': 7.89}, {'high_date': '2025-10-31', 'high': 1077.36, 'low_date': '2025-11-06', 'low': 1028.27, 'pullback_pct': 4.56}, {'high_date': '2025-11-12', 'high': 1135.56, 'low_date': '2025-11-25', 'low': 1049.0, 'pullback_pct': 7.62}, {'high_date': '2025-12-01', 'high': 1109.14, 'low_date': '2025-12-08', 'low': 1056.29, 'pullback_pct': 4.76}]",1109.14,True,14.0,1112.88,1070.08,3.85,1241.29,11.54,3.0,no valid VCP base
JINDALSTEL,None,None,8,3,6,False,"T5_above_ma50,T8_rs_rank",33.5,4.9,97.15,LAGGING,False,40,"[{'high_date': '2025-03-20', 'high': 924.37, 'low_date': '2025-04-09', 'low': 785.34, 'pullback_pct': 15.04}, {'high_date': '2025-04-23', 'high': 917.23, 'low_date': '2025-05-08', 'low': 849.46, 'pullback_pct': 7.39}, {'high_date': '2025-05-16', 'high': 979.66, 'low_date': '2025-06-19', 'low': 885.69, 'pullback_pct': 9.59}, {'high_date': '2025-07-24', 'high': 998.47, 'low_date': '2025-08-01', 'low': 943.63, 'pullback_pct': 5.49}, {'high_date': '2025-08-20', 'high': 1014.24, 'low_date': '2025-08-29', 'low': 945.8, 'pullback_pct': 6.75}, {'high_date': '2025-10-03', 'high': 1076.5, 'low_date': '2025-10-14', 'low': 996.0, 'pullback_pct': 7.48}, {'high_date': '2025-11-13', 'high': 1087.8, 'low_date': '2025-12-08', 'low': 997.5, 'pullback_pct': 8.3}]",1087.8,False,32.0,1034.0,1003.54,2.95,1125.38,8.84,3.0,no valid VCP base
JINDALSAW,None,None,8,4,0,False,"T1_above_ma150_200,T2_ma150_above_200,T3_ma200_uptrend,T4_ma50_above_med,T5_above_ma50,T6_25pct_above_low,T7_within_25pct_high,T8_rs_rank",4.1,49.7,87.51,LAGGING,False,40,"[{'high_date': '2025-01-31', 'high': 247.75, 'low_date': '2025-02-03', 'low': 231.65, 'pullback_pct': 6.5}, {'high_date': '2025-02-06', 'high': 265.09, 'low_date': '2025-02-12', 'low': 233.18, 'pullback_pct': 12.04}, {'high_date': '2025-02-13', 'high': 243.24, 'low_date': '2025-02-14', 'low': 230.31, 'pullback_pct': 5.32}, {'high_date': '2025-02-21', 'high': 254.14, 'low_date': '2025-03-04', 'low': 232.19, 'pullback_pct': 8.64}, {'high_date': '2025-03-06', 'high': 270.19, 'low_date': '2025-03-17', 'low': 250.16, 'pullback_pct': 7.41}, {'high_date': '2025-03-20', 'high': 280.72, 'low_date': '2025-04-07', 'low': 231.65, 'pullback_pct': 17.48}, {'high_date': '2025-04-22', 'high': 268.46, 'low_date': '2025-05-09', 'low': 199.82, 'pullback_pct': 25.57}, {'high_date': '2025-05-19', 'high': 219.79, 'low_date': '2025-05-22', 'low': 207.15, 'pullback_pct': 5.75}, {'high_date': '2025-06-11', 'high': 250.84, 'low_date': '2025-06-19', 'low': 232.11, 'pullback_pct': 7.47}, {'high_date': '2025-06-27', 'high': 243.92, 'low_date': '2025-08-29', 'low': 197.29, 'pullback_pct': 19.12}, {'high_date': '2025-09-03', 'high': 209.59, 'low_date': '2025-09-05', 'low': 200.92, 'pullback_pct': 4.14}, {'high_date': '2025-09-24', 'high': 217.32, 'low_date': '2025-11-07', 'low': 164.5, 'pullback_pct': 24.31}, {'high_date': '2025-11-11', 'high': 172.89, 'low_date': '2025-12-08', 'low': 157.05, 'pullback_pct': 9.16}]",172.89,False,34.0,163.49,159.06,2.71,176.78,8.13,3.0,no valid VCP base
INDIACEM,None,None,8,2,7,False,T8_rs_rank,69.3,0.3,103.41,WEAKENING,False,40,"[{'high_date': '2025-02-14', 'high': 282.05, 'low_date': '2025-02-27', 'low': 246.65, 'pullback_pct': 12.55}, {'high_date': '2025-03-07', 'high': 297.0, 'low_date': '2025-03-17', 'low': 266.85, 'pullback_pct': 10.15}, {'high_date': '2025-03-24', 'high': 282.7, 'low_date': '2025-03-26', 'low': 267.85, 'pullback_pct': 5.25}, {'high_date': '2025-05-27', 'high': 337.45, 'low_date': '2025-05-30', 'low': 317.15, 'pullback_pct': 6.02}, {'high_date': '2025-06-03', 'high': 351.7, 'low_date': '2025-06-20', 'low': 306.15, 'pullback_pct': 12.95}, {'high_date': '2025-07-22', 'high': 370.95, 'low_date': '2025-07-28', 'low': 356.05, 'pullback_pct': 4.02}, {'high_date': '2025-08-05', 'high': 373.25, 'low_date': '2025-08-08', 'low': 355.0, 'pullback_pct': 4.89}, {'high_date': '2025-09-17', 'high': 406.35, 'low_date': '2025-09-23', 'low': 381.7, 'pullback_pct': 6.07}, {'high_date': '2025-10-31', 'high': 402.35, 'low_date': '2025-11-07', 'low': 378.45, 'pullback_pct': 5.94}, {'high_date': '2025-11-19', 'high': 416.9, 'low_date': '2025-12-03', 'low': 375.7, 'pullback_pct': 9.88}]",416.9,True,26.0,417.55,393.58,5.74,489.45,17.22,3.0,no valid VCP base
IRCTC,None,None,8,4,2,False,"T1_above_ma150_200,T3_ma200_uptrend,T4_ma50_above_med,T5_above_ma50,T6_25pct_above_low,T8_rs_rank",1.7,20.4,95.67,LAGGING,False,40,"[{'high_date': '2025-01-31', 'high': 807.45, 'low_date': '2025-02-28', 'low': 661.56, 'pullback_pct': 18.07}, {'high_date': '2025-04-03', 'high': 727.92, 'low_date': '2025-04-07', 'low': 687.64, 'pullback_pct': 5.53}, {'high_date': '2025-04-23', 'high': 773.96, 'low_date': '2025-05-09', 'low': 712.44, 'pullback_pct': 7.95}, {'high_date': '2025-05-16', 'high': 797.73, 'low_date': '2025-05-30', 'low': 745.42, 'pullback_pct': 6.56}, {'high_date': '2025-06-10', 'high': 777.86, 'low_date': '2025-06-19', 'low': 736.35, 'pullback_pct': 5.34}, {'high_date': '2025-07-09', 'high': 775.05, 'low_date': '2025-08-29', 'low': 683.21, 'pullback_pct': 11.85}, {'high_date': '2025-09-19', 'high': 727.29, 'low_date': '2025-09-29', 'low': 690.91, 'pullback_pct': 5.0}, {'high_date': '2025-10-29', 'high': 721.42, 'low_date': '2025-12-08', 'low': 657.62, 'pullback_pct': 8.84}]",721.42,False,47.0,668.76,663.71,0.76,683.91,2.27,3.0,no valid VCP base
IOC,None,None,8,2,7,False,T8_rs_rank,51.7,2.6,102.5,LEADING,False,40,"[{'high_date': '2025-01-31', 'high': 120.51, 'low_date': '2025-02-03', 'low': 113.45, 'pullback_pct': 5.86}, {'high_date': '2025-02-05', 'high': 118.58, 'low_date': '2025-02-14', 'low': 109.97, 'pullback_pct': 7.26}, {'high_date': '2025-02-20', 'high': 115.16, 'low_date': '2025-02-28', 'low': 106.44, 'pullback_pct': 7.57}, {'high_date': '2025-03-24', 'high': 125.37, 'low_date': '2025-03-28', 'low': 119.77, 'pullback_pct': 4.47}, {'high_date': '2025-05-05', 'high': 139.33, 'low_date': '2025-06-05', 'low': 130.59, 'pullback_pct': 6.27}, {'high_date': '2025-06-11', 'high': 136.14, 'low_date': '2025-06-20', 'low': 130.04, 'pullback_pct': 4.48}, {'high_date': '2025-07-08', 'high': 144.27, 'low_date': '2025-08-29', 'low': 130.91, 'pullback_pct': 9.26}, {'high_date': '2025-11-17', 'high': 165.88, 'low_date': '2025-11-28', 'low': 154.99, 'pullback_pct': 6.57}]",165.88,False,28.0,161.5,156.77,2.93,175.71,8.8,3.0,no valid VCP base
INDHOTEL,None,None,8,4,2,False,"T1_above_ma150_200,T2_ma150_above_200,T3_ma200_uptrend,T4_ma50_above_med,T6_25pct_above_low,T8_rs_rank",5.8,17.6,99.17,LAGGING,False,40,"[{'high_date': '2025-02-04', 'high': 825.77, 'low_date': '2025-02-14', 'low': 708.12, 'pullback_pct': 14.25}, {'high_date': '2025-02-20', 'high': 758.77, 'low_date': '2025-02-28', 'low': 714.0, 'pullback_pct': 5.9}, {'high_date': '2025-03-24', 'high': 839.63, 'low_date': '2025-03-28', 'low': 785.24, 'pullback_pct': 6.48}, {'high_date': '2025-04-03', 'high': 828.61, 'low_date': '2025-04-07', 'low': 749.75, 'pullback_pct': 9.52}, {'high_date': '2025-04-16', 'high': 839.58, 'low_date': '2025-05-09', 'low': 716.64, 'pullback_pct': 14.64}, {'high_date': '2025-06-02', 'high': 781.3, 'low_date': '2025-06-13', 'low': 732.99, 'pullback_pct': 6.18}, {'high_date': '2025-06-26', 'high': 780.65, 'low_date': '2025-07-14', 'low': 729.15, 'pullback_pct': 6.6}, {'high_date': '2025-07-21', 'high': 771.7, 'low_date': '2025-08-08', 'low': 735.75, 'pullback_pct': 4.66}, {'high_date': '2025-08-20', 'high': 806.8, 'low_date': '2025-08-29', 'low': 758.45, 'pullback_pct': 5.99}, {'high_date': '2025-09-15', 'high': 790.85, 'low_date': '2025-09-26', 'low': 709.8, 'pullback_pct': 10.25}, {'high_date': '2025-10-30', 'high': 749.65, 'low_date': '2025-11-07', 'low': 691.3, 'pullback_pct': 7.78}, {'high_date': '2025-12-01', 'high': 749.05, 'low_date': '2025-12-08', 'low': 718.1, 'pullback_pct': 4.13}]",749.05,False,14.0,731.15,709.73,2.93,795.42,8.79,3.0,no valid VCP base
PHOENIXLTD,None,None,8,2,7,False,T8_rs_rank,26.5,4.1,103.71,LEADING,False,40,"[{'high_date': '2025-02-03', 'high': 1819.18, 'low_date': '2025-02-27', 'low': 1509.43, 'pullback_pct': 17.03}, {'high_date': '2025-03-11', 'high': 1654.19, 'low_date': '2025-03-19', 'low': 1553.16, 'pullback_pct': 6.11}, {'high_date': '2025-03-24', 'high': 1678.96, 'low_date': '2025-04-11', 'low': 1475.63, 'pullback_pct': 12.11}, {'high_date': '2025-04-22', 'high': 1679.6, 'low_date': '2025-05-09', 'low': 1476.53, 'pullback_pct': 12.09}, {'high_date': '2025-05-21', 'high': 1615.21, 'low_date': '2025-05-30', 'low': 1534.64, 'pullback_pct': 4.99}, {'high_date': '2025-06-11', 'high': 1647.36, 'low_date': '2025-07-02', 'low': 1492.6, 'pullback_pct': 9.39}, {'high_date': '2025-07-08', 'high': 1572.18, 'low_date': '2025-07-24', 'low': 1445.78, 'pullback_pct': 8.04}, {'high_date': '2025-07-25', 'high': 1523.45, 'low_date': '2025-08-08', 'low': 1415.03, 'pullback_pct': 7.12}, {'high_date': '2025-08-25', 'high': 1585.36, 'low_date': '2025-08-29', 'low': 1500.79, 'pullback_pct': 5.33}, {'high_date': '2025-09-02', 'high': 1563.19, 'low_date': '2025-09-04', 'low': 1498.69, 'pullback_pct': 4.13}, {'high_date': '2025-09-22', 'high': 1638.3, 'low_date': '2025-09-26', 'low': 1540.4, 'pullback_pct': 5.98}, {'high_date': '2025-11-07', 'high': 1773.3, 'low_date': '2025-11-24', 'low': 1677.9, 'pullback_pct': 5.38}]",1773.3,True,38.0,1789.4,1731.24,3.25,1963.87,9.75,3.0,no valid VCP base
DCMSHRIRAM,None,None,8,3,6,False,"T4_ma50_above_med,T8_rs_rank",36.4,12.6,99.38,IMPROVING,False,40,"[{'high_date': '2025-01-27', 'high': 1186.69, 'low_date': '2025-03-03', 'low': 915.72, 'pullback_pct': 22.83}, {'high_date': '2025-03-06', 'high': 1034.3, 'low_date': '2025-03-13', 'low': 978.33, 'pullback_pct': 5.41}, {'high_date': '2025-03-21', 'high': 1121.65, 'low_date': '2025-03-26', 'low': 1036.58, 'pullback_pct': 7.58}, {'high_date': '2025-03-27', 'high': 1094.43, 'low_date': '2025-04-09', 'low': 1006.93, 'pullback_pct': 7.99}, {'high_date': '2025-04-21', 'high': 1075.35, 'low_date': '2025-05-02', 'low': 971.14, 'pullback_pct': 9.69}, {'high_date': '2025-07-03', 'high': 1413.34, 'low_date': '2025-07-11', 'low': 1338.68, 'pullback_pct': 5.28}, {'high_date': '2025-07-23', 'high': 1429.79, 'low_date': '2025-09-15', 'low': 1210.4, 'pullback_pct': 15.34}, {'high_date': '2025-09-17', 'high': 1371.31, 'low_date': '2025-09-30', 'low': 1140.92, 'pullback_pct': 16.8}, {'high_date': '2025-10-29', 'high': 1322.11, 'low_date': '2025-11-20', 'low': 1170.35, 'pullback_pct': 11.48}, {'high_date': '2025-11-21', 'high': 1264.34, 'low_date': '2025-11-25', 'low': 1185.8, 'pullback_pct': 6.21}, {'high_date': '2025-11-26', 'high': 1254.87, 'low_date': '2025-12-08', 'low': 1198.66, 'pullback_pct': 4.48}]",1254.87,False,19.0,1249.39,1185.13,5.14,1442.16,15.43,3.0,no valid VCP base
ENGINERSIN,None,None,8,3,4,False,"T1_above_ma150_200,T4_ma50_above_med,T5_above_ma50,T8_rs_rank",34.0,21.5,97.83,IMPROVING,False,40,"[{'high_date': '2025-01-31', 'high': 165.23, 'low_date': '2025-02-03', 'low': 157.32, 'pullback_pct': 4.79}, {'high_date': '2025-02-10', 'high': 163.74, 'low_date': '2025-02-11', 'low': 155.52, 'pullback_pct': 5.02}, {'high_date': '2025-02-12', 'high': 163.12, 'low_date': '2025-02-17', 'low': 152.9, 'pullback_pct': 6.27}, {'high_date': '2025-02-20', 'high': 171.15, 'low_date': '2025-03-03', 'low': 143.59, 'pullback_pct': 16.1}, {'high_date': '2025-03-24', 'high': 162.7, 'low_date': '2025-03-26', 'low': 152.88, 'pullback_pct': 6.03}, {'high_date': '2025-04-03', 'high': 162.98, 'low_date': '2025-04-07', 'low': 153.53, 'pullback_pct': 5.8}, {'high_date': '2025-04-23', 'high': 181.14, 'low_date': '2025-05-08', 'low': 168.25, 'pullback_pct': 7.11}, {'high_date': '2025-06-10', 'high': 236.99, 'low_date': '2025-06-19', 'low': 210.12, 'pullback_pct': 11.34}, {'high_date': '2025-07-11', 'high': 244.96, 'low_date': '2025-08-14', 'low': 186.09, 'pullback_pct': 24.03}, {'high_date': '2025-09-15', 'high': 208.28, 'low_date': '2025-09-29', 'low': 190.24, 'pullback_pct': 8.66}, {'high_date': '2025-10-30', 'high': 202.49, 'low_date': '2025-11-13', 'low': 188.13, 'pullback_pct': 7.09}, {'high_date': '2025-11-17', 'high': 202.46, 'low_date': '2025-11-25', 'low': 193.02, 'pullback_pct': 4.66}, {'high_date': '2025-12-05', 'high': 201.22, 'low_date': '2025-12-08', 'low': 188.45, 'pullback_pct': 6.34}]",201.22,False,10.0,192.39,185.12,3.78,214.2,11.33,3.0,no valid VCP base
EIDPARRY,None,None,8,3,4,False,"T1_above_ma150_200,T4_ma50_above_med,T5_above_ma50,T8_rs_rank",57.3,16.0,97.55,IMPROVING,False,40,"[{'high_date': '2025-02-06', 'high': 862.2, 'low_date': '2025-03-03', 'low': 659.95, 'pullback_pct': 23.46}, {'high_date': '2025-04-03', 'high': 796.65, 'low_date': '2025-04-07', 'low': 738.0, 'pullback_pct': 7.36}, {'high_date': '2025-04-24', 'high': 859.8, 'low_date': '2025-04-30', 'low': 817.35, 'pullback_pct': 4.94}, {'high_date': '2025-05-23', 'high': 999.25, 'low_date': '2025-05-30', 'low': 950.15, 'pullback_pct': 4.91}, {'high_date': '2025-06-11', 'high': 1011.25, 'low_date': '2025-06-17', 'low': 950.85, 'pullback_pct': 5.97}, {'high_date': '2025-07-30', 'high': 1236.2, 'low_date': '2025-08-08', 'low': 1117.6, 'pullback_pct': 9.59}, {'high_date': '2025-08-22', 'high': 1178.0, 'low_date': '2025-09-29', 'low': 1012.8, 'pullback_pct': 14.02}, {'high_date': '2025-10-29', 'high': 1089.8, 'low_date': '2025-12-08', 'low': 1009.0, 'pullback_pct': 7.41}]",1089.8,False,47.0,1037.8,1003.86,3.27,1139.63,9.81,3.0,no valid VCP base
DIVISLAB,None,None,8,2,4,False,"T1_above_ma150_200,T5_above_ma50,T6_25pct_above_low,T8_rs_rank",21.2,8.7,99.81,IMPROVING,False,40,"[{'high_date': '2025-02-07', 'high': 6112.72, 'low_date': '2025-02-28', 'low': 5455.41, 'pullback_pct': 10.75}, {'high_date': '2025-03-24', 'high': 5883.91, 'low_date': '2025-04-07', 'low': 5235.11, 'pullback_pct': 11.03}, {'high_date': '2025-04-24', 'high': 6187.33, 'low_date': '2025-05-12', 'low': 5915.07, 'pullback_pct': 4.4}, {'high_date': '2025-07-09', 'high': 6951.85, 'low_date': '2025-08-08', 'low': 5914.5, 'pullback_pct': 14.92}, {'high_date': '2025-08-25', 'high': 6248.5, 'low_date': '2025-09-26', 'low': 5689.5, 'pullback_pct': 8.95}, {'high_date': '2025-11-06', 'high': 6883.5, 'low_date': '2025-12-09', 'low': 6294.0, 'pullback_pct': 8.56}]",6883.5,False,39.0,6347.5,6332.82,0.23,6391.54,0.69,3.0,no valid VCP base
ONGC,None,None,8,3,4,False,"T1_above_ma150_200,T5_above_ma50,T6_25pct_above_low,T8_rs_rank",10.3,8.9,98.55,LAGGING,False,40,"[{'high_date': '2025-01-31', 'high': 244.26, 'low_date': '2025-02-03', 'low': 231.6, 'pullback_pct': 5.18}, {'high_date': '2025-02-05', 'high': 243.37, 'low_date': '2025-02-14', 'low': 218.66, 'pullback_pct': 10.15}, {'high_date': '2025-02-20', 'high': 229.48, 'low_date': '2025-03-10', 'low': 211.73, 'pullback_pct': 7.73}, {'high_date': '2025-04-02', 'high': 237.77, 'low_date': '2025-04-07', 'low': 208.55, 'pullback_pct': 12.29}, {'high_date': '2025-04-23', 'high': 239.22, 'low_date': '2025-05-08', 'low': 221.25, 'pullback_pct': 7.51}, {'high_date': '2025-05-20', 'high': 236.46, 'low_date': '2025-06-03', 'low': 225.09, 'pullback_pct': 4.81}, {'high_date': '2025-06-16', 'high': 243.6, 'low_date': '2025-09-09', 'low': 220.61, 'pullback_pct': 9.44}, {'high_date': '2025-11-03', 'high': 245.61, 'low_date': '2025-12-15', 'low': 229.94, 'pullback_pct': 6.38}]",245.61,False,42.0,229.94,225.96,1.73,241.87,5.19,3.0,no valid VCP base
PNBHOUSING,None,None,8,3,4,False,"T1_above_ma150_200,T4_ma50_above_med,T6_25pct_above_low,T8_rs_rank",22.4,17.7,101.67,LEADING,False,40,"[{'high_date': '2025-02-06', 'high': 902.4, 'low_date': '2025-02-17', 'low': 777.29, 'pullback_pct': 13.86}, {'high_date': '2025-02-20', 'high': 822.46, 'low_date': '2025-02-28', 'low': 759.48, 'pullback_pct': 7.66}, {'high_date': '2025-04-08', 'high': 959.21, 'low_date': '2025-04-09', 'low': 918.47, 'pullback_pct': 4.25}, {'high_date': '2025-05-13', 'high': 1086.66, 'low_date': '2025-05-27', 'low': 1035.32, 'pullback_pct': 4.72}, {'high_date': '2025-06-10', 'high': 1120.49, 'low_date': '2025-06-19', 'low': 1033.23, 'pullback_pct': 7.79}, {'high_date': '2025-06-26', 'high': 1104.57, 'low_date': '2025-08-07', 'low': 758.7, 'pullback_pct': 31.31}, {'high_date': '2025-08-19', 'high': 817.7, 'low_date': '2025-08-29', 'low': 753.6, 'pullback_pct': 7.84}, {'high_date': '2025-09-25', 'high': 907.75, 'low_date': '2025-10-17', 'low': 838.85, 'pullback_pct': 7.59}, {'high_date': '2025-10-29', 'high': 938.45, 'low_date': '2025-11-24', 'low': 872.1, 'pullback_pct': 7.07}, {'high_date': '2025-11-26', 'high': 915.9, 'low_date': '2025-12-08', 'low': 873.15, 'pullback_pct': 4.67}]",915.9,True,19.0,922.05,880.99,4.45,1045.22,13.36,3.0,no valid VCP base
PATANJALI,None,None,8,4,1,False,"T1_above_ma150_200,T2_ma150_above_200,T3_ma200_uptrend,T4_ma50_above_med,T5_above_ma50,T6_25pct_above_low,T8_rs_rank",0.2,20.2,94.85,LAGGING,False,40,"[{'high_date': '2025-02-20', 'high': 614.57, 'low_date': '2025-03-13', 'low': 568.4, 'pullback_pct': 7.51}, {'high_date': '2025-04-03', 'high': 621.37, 'low_date': '2025-04-07', 'low': 587.2, 'pullback_pct': 5.5}, {'high_date': '2025-04-16', 'high': 661.74, 'low_date': '2025-06-24', 'low': 533.48, 'pullback_pct': 19.38}, {'high_date': '2025-07-21', 'high': 642.29, 'low_date': '2025-09-30', 'low': 571.95, 'pullback_pct': 10.95}, {'high_date': '2025-10-30', 'high': 605.47, 'low_date': '2025-12-04', 'low': 526.78, 'pullback_pct': 13.0}, {'high_date': '2025-12-05', 'high': 548.75, 'low_date': '2025-12-10', 'low': 526.78, 'pullback_pct': 4.0}]",548.75,False,10.0,527.77,507.49,3.84,588.62,11.53,3.0,no valid VCP base
PVRINOX,None,None,8,3,5,False,"T5_above_ma50,T7_within_25pct_high,T8_rs_rank",28.0,27.3,95.11,LAGGING,False,40,"[{'high_date': '2025-02-05', 'high': 1132.4, 'low_date': '2025-03-03', 'low': 895.2, 'pullback_pct': 20.95}, {'high_date': '2025-03-06', 'high': 980.8, 'low_date': '2025-03-13', 'low': 899.8, 'pullback_pct': 8.26}, {'high_date': '2025-03-19', 'high': 977.75, 'low_date': '2025-03-28', 'low': 912.55, 'pullback_pct': 6.67}, {'high_date': '2025-04-02', 'high': 968.1, 'low_date': '2025-04-07', 'low': 848.7, 'pullback_pct': 12.33}, {'high_date': '2025-04-24', 'high': 1012.1, 'low_date': '2025-05-09', 'low': 921.45, 'pullback_pct': 8.96}, {'high_date': '2025-05-16', 'high': 1017.4, 'low_date': '2025-05-22', 'low': 954.15, 'pullback_pct': 6.22}, {'high_date': '2025-06-04', 'high': 1060.35, 'low_date': '2025-06-20', 'low': 940.65, 'pullback_pct': 11.29}, {'high_date': '2025-07-21', 'high': 1032.45, 'low_date': '2025-07-28', 'low': 978.7, 'pullback_pct': 5.21}, {'high_date': '2025-09-05', 'high': 1146.3, 'low_date': '2025-09-30', 'low': 1075.0, 'pullback_pct': 6.22}, {'high_date': '2025-10-30', 'high': 1241.0, 'low_date': '2025-11-25', 'low': 1049.6, 'pullback_pct': 15.42}, {'high_date': '2025-12-03', 'high': 1129.7, 'low_date': '2025-12-12', 'low': 1051.9, 'pullback_pct': 6.89}]",1129.7,False,12.0,1086.6,1039.32,4.35,1228.43,13.05,3.0,no valid VCP base
NH,None,None,8,2,7,False,T4_ma50_above_med,50.1,15.8,105.73,LEADING,False,40,"[{'high_date': '2025-02-07', 'high': 1401.7, 'low_date': '2025-02-17', 'low': 1323.63, 'pullback_pct': 5.57}, {'high_date': '2025-03-03', 'high': 1611.8, 'low_date': '2025-03-13', 'low': 1538.53, 'pullback_pct': 4.55}, {'high_date': '2025-04-17', 'high': 1850.04, 'low_date': '2025-05-22', 'low': 1718.65, 'pullback_pct': 7.1}, {'high_date': '2025-06-27', 'high': 2257.88, 'low_date': '2025-07-21', 'low': 1911.3, 'pullback_pct': 15.35}, {'high_date': '2025-07-23', 'high': 1989.22, 'low_date': '2025-08-08', 'low': 1737.2, 'pullback_pct': 12.67}, {'high_date': '2025-08-21', 'high': 1847.9, 'low_date': '2025-08-29', 'low': 1753.8, 'pullback_pct': 5.09}, {'high_date': '2025-09-04', 'high': 1837.5, 'low_date': '2025-09-25', 'low': 1720.4, 'pullback_pct': 6.37}, {'high_date': '2025-11-04', 'high': 1830.3, 'low_date': '2025-11-14', 'low': 1753.5, 'pullback_pct': 4.2}, {'high_date': '2025-11-21', 'high': 2043.2, 'low_date': '2025-12-10', 'low': 1857.6, 'pullback_pct': 9.08}]",2043.2,False,24.0,1900.2,1879.74,1.08,1961.57,3.23,3.0,no valid VCP base
NLCINDIA,None,None,8,3,5,False,"T1_above_ma150_200,T5_above_ma50,T8_rs_rank",25.7,14.9,92.19,LAGGING,False,40,"[{'high_date': '2025-01-31', 'high': 216.04, 'low_date': '2025-02-03', 'low': 205.74, 'pullback_pct': 4.77}, {'high_date': '2025-02-04', 'high': 221.71, 'low_date': '2025-02-14', 'low': 190.43, 'pullback_pct': 14.11}, {'high_date': '2025-02-19', 'high': 224.85, 'low_date': '2025-03-03', 'low': 200.27, 'pullback_pct': 10.93}, {'high_date': '2025-03-06', 'high': 225.15, 'low_date': '2025-03-11', 'low': 214.93, 'pullback_pct': 4.54}, {'high_date': '2025-03-21', 'high': 252.39, 'low_date': '2025-04-09', 'low': 220.53, 'pullback_pct': 12.62}, {'high_date': '2025-04-21', 'high': 242.61, 'low_date': '2025-05-06', 'low': 213.42, 'pullback_pct': 12.03}, {'high_date': '2025-05-28', 'high': 237.23, 'low_date': '2025-06-19', 'low': 217.71, 'pullback_pct': 8.23}, {'high_date': '2025-07-24', 'high': 240.31, 'low_date': '2025-07-28', 'low': 229.76, 'pullback_pct': 4.39}, {'high_date': '2025-07-30', 'high': 239.0, 'low_date': '2025-08-01', 'low': 229.3, 'pullback_pct': 4.06}, {'high_date': '2025-08-04', 'high': 239.16, 'low_date': '2025-08-08', 'low': 227.74, 'pullback_pct': 4.78}, {'high_date': '2025-08-13', 'high': 237.37, 'low_date': '2025-08-29', 'low': 220.69, 'pullback_pct': 7.03}, {'high_date': '2025-09-30', 'high': 281.31, 'low_date': '2025-10-29', 'low': 248.56, 'pullback_pct': 11.64}, {'high_date': '2025-10-30', 'high': 260.19, 'low_date': '2025-12-10', 'low': 232.92, 'pullback_pct': 10.48}]",260.19,False,46.0,239.46,239.37,0.04,239.71,0.11,3.0,no valid VCP base
NEULANDLAB,None,None,8,2,6,False,"T5_above_ma50,T8_rs_rank",56.9,9.2,100.6,WEAKENING,False,40,"[{'high_date': '2025-02-05', 'high': 14805.24, 'low_date': '2025-02-21', 'low': 10986.4, 'pullback_pct': 25.79}, {'high_date': '2025-02-25', 'high': 11591.6, 'low_date': '2025-03-03', 'low': 10478.62, 'pullback_pct': 9.6}, {'high_date': '2025-03-07', 'high': 12083.89, 'low_date': '2025-03-17', 'low': 10788.47, 'pullback_pct': 10.72}, {'high_date': '2025-03-25', 'high': 11905.19, 'low_date': '2025-03-26', 'low': 11261.87, 'pullback_pct': 5.4}, {'high_date': '2025-03-28', 'high': 12061.56, 'low_date': '2025-04-01', 'low': 11474.4, 'pullback_pct': 4.87}, {'high_date': '2025-04-03', 'high': 12042.58, 'low_date': '2025-04-09', 'low': 10950.38, 'pullback_pct': 9.07}, {'high_date': '2025-04-21', 'high': 13125.13, 'low_date': '2025-05-02', 'low': 11898.15, 'pullback_pct': 9.35}, {'high_date': '2025-05-13', 'high': 12576.58, 'low_date': '2025-05-16', 'low': 11046.85, 'pullback_pct': 12.16}, {'high_date': '2025-06-11', 'high': 13618.72, 'low_date': '2025-07-03', 'low': 11658.35, 'pullback_pct': 14.39}, {'high_date': '2025-07-15', 'high': 15260.36, 'low_date': '2025-08-06', 'low': 12806.0, 'pullback_pct': 16.08}, {'high_date': '2025-08-22', 'high': 13888.0, 'low_date': '2025-08-28', 'low': 13115.0, 'pullback_pct': 5.57}, {'high_date': '2025-09-16', 'high': 16221.0, 'low_date': '2025-09-26', 'low': 13966.0, 'pullback_pct': 13.9}, {'high_date': '2025-10-20', 'high': 16443.0, 'low_date': '2025-10-29', 'low': 15406.0, 'pullback_pct': 6.31}, {'high_date': '2025-11-10', 'high': 18113.0, 'low_date': '2025-11-24', 'low': 16283.0, 'pullback_pct': 10.1}, {'high_date': '2025-11-28', 'high': 17288.0, 'low_date': '2025-12-08', 'low': 16078.0, 'pullback_pct': 7.0}]",17288.0,False,17.0,16439.0,15904.96,3.25,18041.12,9.75,3.0,no valid VCP base
NAM-INDIA,None,None,8,2,6,False,"T5_above_ma50,T8_rs_rank",72.9,9.5,98.94,LAGGING,False,40,"[{'high_date': '2025-02-05', 'high': 616.15, 'low_date': '2025-02-18', 'low': 502.76, 'pullback_pct': 18.4}, {'high_date': '2025-02-25', 'high': 525.64, 'low_date': '2025-02-28', 'low': 501.74, 'pullback_pct': 4.55}, {'high_date': '2025-03-25', 'high': 587.46, 'low_date': '2025-04-01', 'low': 556.38, 'pullback_pct': 5.29}, {'high_date': '2025-04-02', 'high': 580.37, 'low_date': '2025-04-07', 'low': 520.45, 'pullback_pct': 10.32}, {'high_date': '2025-04-08', 'high': 543.03, 'low_date': '2025-04-09', 'low': 514.88, 'pullback_pct': 5.18}, {'high_date': '2025-04-24', 'high': 655.79, 'low_date': '2025-04-29', 'low': 608.67, 'pullback_pct': 7.18}, {'high_date': '2025-05-07', 'high': 639.71, 'low_date': '2025-05-09', 'low': 610.14, 'pullback_pct': 4.62}, {'high_date': '2025-06-09', 'high': 788.28, 'low_date': '2025-06-19', 'low': 718.2, 'pullback_pct': 8.89}, {'high_date': '2025-07-16', 'high': 860.52, 'low_date': '2025-07-28', 'low': 785.25, 'pullback_pct': 8.75}, {'high_date': '2025-08-20', 'high': 857.31, 'low_date': '2025-08-29', 'low': 776.74, 'pullback_pct': 9.4}, {'high_date': '2025-10-21', 'high': 958.32, 'low_date': '2025-10-29', 'low': 849.14, 'pullback_pct': 11.39}, {'high_date': '2025-11-10', 'high': 891.0, 'low_date': '2025-12-08', 'low': 809.5, 'pullback_pct': 9.15}]",891.0,False,35.0,867.7,830.21,4.32,980.17,12.96,3.0,no valid VCP base
ICICIPRULI,None,None,8,2,5,False,"T4_ma50_above_med,T6_25pct_above_low,T8_rs_rank",21.0,6.6,102.63,LEADING,False,40,"[{'high_date': '2025-01-31', 'high': 615.18, 'low_date': '2025-03-13', 'low': 535.89, 'pullback_pct': 12.89}, {'high_date': '2025-03-24', 'high': 596.06, 'low_date': '2025-04-07', 'low': 536.19, 'pullback_pct': 10.04}, {'high_date': '2025-04-30', 'high': 613.54, 'low_date': '2025-05-09', 'low': 580.43, 'pullback_pct': 5.4}, {'high_date': '2025-05-29', 'high': 667.57, 'low_date': '2025-06-19', 'low': 623.35, 'pullback_pct': 6.62}, {'high_date': '2025-07-09', 'high': 680.35, 'low_date': '2025-08-01', 'low': 601.05, 'pullback_pct': 11.66}, {'high_date': '2025-08-18', 'high': 636.4, 'low_date': '2025-09-26', 'low': 585.5, 'pullback_pct': 8.0}, {'high_date': '2025-11-12', 'high': 632.95, 'low_date': '2025-11-24', 'low': 607.35, 'pullback_pct': 4.04}]",632.95,True,33.0,648.5,628.44,3.09,708.67,9.28,3.0,no valid VCP base
IDBI,None,None,8,2,7,False,T8_rs_rank,52.4,5.5,101.62,LEADING,False,40,"[{'high_date': '2025-02-05', 'high': 79.51, 'low_date': '2025-03-03', 'low': 66.08, 'pullback_pct': 16.89}, {'high_date': '2025-03-21', 'high': 79.67, 'low_date': '2025-03-27', 'low': 75.49, 'pullback_pct': 5.25}, {'high_date': '2025-04-03', 'high': 78.9, 'low_date': '2025-04-07', 'low': 72.0, 'pullback_pct': 8.75}, {'high_date': '2025-04-22', 'high': 83.6, 'low_date': '2025-05-09', 'low': 74.7, 'pullback_pct': 10.65}, {'high_date': '2025-06-09', 'high': 99.2, 'low_date': '2025-06-19', 'low': 87.39, 'pullback_pct': 11.9}, {'high_date': '2025-07-01', 'high': 102.65, 'low_date': '2025-08-14', 'low': 87.35, 'pullback_pct': 14.91}, {'high_date': '2025-08-21', 'high': 97.58, 'low_date': '2025-08-29', 'low': 85.67, 'pullback_pct': 12.21}, {'high_date': '2025-09-10', 'high': 94.76, 'low_date': '2025-09-29', 'low': 89.35, 'pullback_pct': 5.71}, {'high_date': '2025-10-28', 'high': 102.18, 'low_date': '2025-10-30', 'low': 97.9, 'pullback_pct': 4.19}, {'high_date': '2025-10-31', 'high': 103.8, 'low_date': '2025-11-06', 'low': 97.26, 'pullback_pct': 6.3}, {'high_date': '2025-11-19', 'high': 104.62, 'low_date': '2025-12-10', 'low': 94.45, 'pullback_pct': 9.72}]",104.62,False,26.0,98.84,96.25,2.62,106.61,7.86,3.0,no valid VCP base
HONAUT,None,None,8,4,2,False,"T1_above_ma150_200,T3_ma200_uptrend,T4_ma50_above_med,T5_above_ma50,T6_25pct_above_low,T8_rs_rank",4.6,20.7,94.91,LAGGING,False,40,"[{'high_date': '2025-03-07', 'high': 35714.16, 'low_date': '2025-03-25', 'low': 32559.87, 'pullback_pct': 8.83}, {'high_date': '2025-04-03', 'high': 34288.14, 'low_date': '2025-04-07', 'low': 32607.34, 'pullback_pct': 4.9}, {'high_date': '2025-05-16', 'high': 38713.07, 'low_date': '2025-05-20', 'low': 36898.09, 'pullback_pct': 4.69}, {'high_date': '2025-06-04', 'high': 39206.71, 'low_date': '2025-06-20', 'low': 37510.0, 'pullback_pct': 4.33}, {'high_date': '2025-07-03', 'high': 41200.0, 'low_date': '2025-08-12', 'low': 35585.0, 'pullback_pct': 13.63}, {'high_date': '2025-08-28', 'high': 39015.0, 'low_date': '2025-09-05', 'low': 35400.0, 'pullback_pct': 9.27}, {'high_date': '2025-09-18', 'high': 37600.0, 'low_date': '2025-10-06', 'low': 35500.0, 'pullback_pct': 5.59}, {'high_date': '2025-10-29', 'high': 37395.0, 'low_date': '2025-11-21', 'low': 34135.0, 'pullback_pct': 8.72}, {'high_date': '2025-11-24', 'high': 36265.0, 'low_date': '2025-12-11', 'low': 33845.0, 'pullback_pct': 6.67}]",36265.0,False,21.0,34065.0,33363.8,2.06,36168.6,6.18,3.0,no valid VCP base
HOMEFIRST,None,None,8,4,5,False,"T1_above_ma150_200,T4_ma50_above_med,T8_rs_rank",34.7,19.7,94.38,LAGGING,False,40,"[{'high_date': '2025-02-06', 'high': 1012.82, 'low_date': '2025-02-25', 'low': 882.27, 'pullback_pct': 12.89}, {'high_date': '2025-03-21', 'high': 1099.75, 'low_date': '2025-04-08', 'low': 984.85, 'pullback_pct': 10.45}, {'high_date': '2025-04-23', 'high': 1297.09, 'low_date': '2025-05-09', 'low': 1143.86, 'pullback_pct': 11.81}, {'high_date': '2025-05-19', 'high': 1203.67, 'low_date': '2025-05-22', 'low': 1147.75, 'pullback_pct': 4.65}, {'high_date': '2025-06-06', 'high': 1300.5, 'low_date': '2025-06-12', 'low': 1233.6, 'pullback_pct': 5.14}, {'high_date': '2025-06-27', 'high': 1473.9, 'low_date': '2025-07-01', 'low': 1320.1, 'pullback_pct': 10.43}, {'high_date': '2025-07-15', 'high': 1426.2, 'low_date': '2025-07-18', 'low': 1365.5, 'pullback_pct': 4.26}, {'high_date': '2025-07-25', 'high': 1479.0, 'low_date': '2025-08-01', 'low': 1197.3, 'pullback_pct': 19.05}, {'high_date': '2025-08-05', 'high': 1280.0, 'low_date': '2025-08-08', 'low': 1202.3, 'pullback_pct': 6.07}, {'high_date': '2025-08-25', 'high': 1330.4, 'low_date': '2025-08-29', 'low': 1218.6, 'pullback_pct': 8.4}, {'high_date': '2025-09-12', 'high': 1302.8, 'low_date': '2025-09-26', 'low': 1178.7, 'pullback_pct': 9.53}, {'high_date': '2025-10-03', 'high': 1257.0, 'low_date': '2025-10-09', 'low': 1206.2, 'pullback_pct': 4.04}, {'high_date': '2025-10-15', 'high': 1263.1, 'low_date': '2025-10-31', 'low': 1195.1, 'pullback_pct': 5.38}, {'high_date': '2025-11-03', 'high': 1254.7, 'low_date': '2025-11-07', 'low': 1132.0, 'pullback_pct': 9.78}, {'high_date': '2025-11-17', 'high': 1230.3, 'low_date': '2025-12-04', 'low': 1084.9, 'pullback_pct': 11.82}]",1230.3,False,28.0,1188.0,1141.11,3.95,1328.66,11.84,3.0,no valid VCP base
HINDALCO,None,None,8,2,7,False,T8_rs_rank,52.0,1.6,102.57,WEAKENING,False,40,"[{'high_date': '2025-02-21', 'high': 648.79, 'low_date': '2025-02-25', 'low': 614.94, 'pullback_pct': 5.22}, {'high_date': '2025-03-20', 'high': 700.81, 'low_date': '2025-04-07', 'low': 557.71, 'pullback_pct': 20.42}, {'high_date': '2025-05-21', 'high': 658.17, 'low_date': '2025-06-02', 'low': 626.51, 'pullback_pct': 4.81}, {'high_date': '2025-07-04', 'high': 694.36, 'low_date': '2025-07-14', 'low': 661.65, 'pullback_pct': 4.71}, {'high_date': '2025-10-30', 'high': 861.35, 'low_date': '2025-11-24', 'low': 774.65, 'pullback_pct': 10.07}]",861.35,False,46.0,847.85,824.24,2.78,918.68,8.35,3.0,no valid VCP base
HINDPETRO,None,None,8,2,7,False,T8_rs_rank,64.5,4.5,101.65,LEADING,False,40,"[{'high_date': '2025-02-06', 'high': 330.89, 'low_date': '2025-02-14', 'low': 301.23, 'pullback_pct': 8.96}, {'high_date': '2025-02-20', 'high': 319.89, 'low_date': '2025-02-28', 'low': 283.3, 'pullback_pct': 11.44}, {'high_date': '2025-03-06', 'high': 327.08, 'low_date': '2025-03-13', 'low': 312.18, 'pullback_pct': 4.56}, {'high_date': '2025-04-22', 'high': 384.27, 'low_date': '2025-04-30', 'low': 365.22, 'pullback_pct': 4.96}, {'high_date': '2025-05-05', 'high': 395.26, 'low_date': '2025-05-09', 'low': 372.5, 'pullback_pct': 5.76}, {'high_date': '2025-05-28', 'high': 403.22, 'low_date': '2025-06-13', 'low': 372.5, 'pullback_pct': 7.62}, {'high_date': '2025-07-08', 'high': 436.59, 'low_date': '2025-08-29', 'low': 372.02, 'pullback_pct': 14.79}, {'high_date': '2025-10-09', 'high': 453.28, 'low_date': '2025-10-24', 'low': 433.93, 'pullback_pct': 4.27}, {'high_date': '2025-11-11', 'high': 487.9, 'low_date': '2025-12-08', 'low': 445.95, 'pullback_pct': 8.6}]",487.9,False,34.0,466.15,450.76,3.3,512.31,9.9,3.0,no valid VCP base
HAVELLS,None,None,8,4,1,False,"T1_above_ma150_200,T2_ma150_above_200,T3_ma200_uptrend,T4_ma50_above_med,T5_above_ma50,T6_25pct_above_low,T8_rs_rank",1.6,19.6,95.28,LAGGING,False,40,"[{'high_date': '2025-02-03', 'high': 1648.75, 'low_date': '2025-03-04', 'low': 1397.44, 'pullback_pct': 15.24}, {'high_date': '2025-03-19', 'high': 1547.25, 'low_date': '2025-04-07', 'low': 1446.1, 'pullback_pct': 6.54}, {'high_date': '2025-04-22', 'high': 1653.27, 'low_date': '2025-06-05', 'low': 1483.46, 'pullback_pct': 10.27}, {'high_date': '2025-06-11', 'high': 1574.28, 'low_date': '2025-08-12', 'low': 1460.33, 'pullback_pct': 7.24}, {'high_date': '2025-09-16', 'high': 1609.88, 'low_date': '2025-10-14', 'low': 1444.68, 'pullback_pct': 10.26}, {'high_date': '2025-10-29', 'high': 1504.8, 'low_date': '2025-12-10', 'low': 1385.66, 'pullback_pct': 7.92}]",1504.8,False,47.0,1407.99,1384.42,1.67,1478.73,5.02,3.0,no valid VCP base
GMDCLTD,None,None,8,2,6,False,"T5_above_ma50,T8_rs_rank",129.0,15.0,89.87,LAGGING,False,40,"[{'high_date': '2025-01-29', 'high': 316.45, 'low_date': '2025-02-18', 'low': 250.59, 'pullback_pct': 20.81}, {'high_date': '2025-02-20', 'high': 265.9, 'low_date': '2025-03-03', 'low': 233.98, 'pullback_pct': 12.0}, {'high_date': '2025-03-07', 'high': 256.98, 'low_date': '2025-03-17', 'low': 242.07, 'pullback_pct': 5.8}, {'high_date': '2025-03-24', 'high': 269.8, 'low_date': '2025-03-26', 'low': 255.92, 'pullback_pct': 5.14}, {'high_date': '2025-04-03', 'high': 282.93, 'low_date': '2025-04-07', 'low': 256.82, 'pullback_pct': 9.23}, {'high_date': '2025-04-22', 'high': 324.75, 'low_date': '2025-05-09', 'low': 289.22, 'pullback_pct': 10.94}, {'high_date': '2025-06-09', 'high': 406.61, 'low_date': '2025-06-19', 'low': 376.38, 'pullback_pct': 7.44}, {'high_date': '2025-07-01', 'high': 412.6, 'low_date': '2025-07-14', 'low': 369.56, 'pullback_pct': 10.43}, {'high_date': '2025-07-23', 'high': 449.46, 'low_date': '2025-08-01', 'low': 374.86, 'pullback_pct': 16.6}, {'high_date': '2025-08-18', 'high': 428.01, 'low_date': '2025-08-29', 'low': 396.4, 'pullback_pct': 7.38}, {'high_date': '2025-09-08', 'high': 529.21, 'low_date': '2025-09-11', 'low': 504.86, 'pullback_pct': 4.6}, {'high_date': '2025-09-23', 'high': 627.4, 'low_date': '2025-09-26', 'low': 589.0, 'pullback_pct': 6.12}, {'high_date': '2025-10-01', 'high': 620.6, 'low_date': '2025-10-07', 'low': 583.95, 'pullback_pct': 5.91}, {'high_date': '2025-10-09', 'high': 630.3, 'low_date': '2025-10-17', 'low': 567.1, 'pullback_pct': 10.03}, {'high_date': '2025-11-03', 'high': 600.45, 'low_date': '2025-11-06', 'low': 566.75, 'pullback_pct': 5.61}, {'high_date': '2025-11-07', 'high': 600.3, 'low_date': '2025-11-24', 'low': 469.6, 'pullback_pct': 21.77}, {'high_date': '2025-11-27', 'high': 553.15, 'low_date': '2025-12-10', 'low': 486.95, 'pullback_pct': 11.97}]",553.15,False,18.0,535.9,508.9,5.04,616.91,15.12,3.0,no valid VCP base
ABB,None,None,8,4,2,False,"T1_above_ma150_200,T3_ma200_uptrend,T4_ma50_above_med,T6_25pct_above_low,T7_within_25pct_high,T8_rs_rank",7.9,32.5,99.17,IMPROVING,False,40,"[{'high_date': '2025-02-05', 'high': 5675.99, 'low_date': '2025-02-19', 'low': 5062.34, 'pullback_pct': 10.81}, {'high_date': '2025-02-24', 'high': 5325.25, 'low_date': '2025-02-28', 'low': 4876.16, 'pullback_pct': 8.43}, {'high_date': '2025-03-06', 'high': 5305.54, 'low_date': '2025-03-13', 'low': 5057.11, 'pullback_pct': 4.68}, {'high_date': '2025-03-28', 'high': 5479.67, 'low_date': '2025-04-07', 'low': 4903.97, 'pullback_pct': 10.51}, {'high_date': '2025-04-23', 'high': 5644.42, 'low_date': '2025-05-08', 'low': 5255.91, 'pullback_pct': 6.88}, {'high_date': '2025-06-09', 'high': 6177.87, 'low_date': '2025-07-16', 'low': 5517.84, 'pullback_pct': 10.68}, {'high_date': '2025-07-21', 'high': 5801.13, 'low_date': '2025-08-29', 'low': 4978.64, 'pullback_pct': 14.18}, {'high_date': '2025-09-19', 'high': 5414.75, 'low_date': '2025-11-13', 'low': 4892.99, 'pullback_pct': 9.64}]",5414.75,False,87.0,5263.47,5120.01,2.73,5693.87,8.18,3.0,no valid VCP base
360ONE,None,None,8,2,7,False,T8_rs_rank,43.2,10.8,103.32,LEADING,False,40,"[{'high_date': '2025-02-05', 'high': 1011.58, 'low_date': '2025-02-18', 'low': 869.76, 'pullback_pct': 14.02}, {'high_date': '2025-02-25', 'high': 1021.02, 'low_date': '2025-03-12', 'low': 832.1, 'pullback_pct': 18.5}, {'high_date': '2025-03-24', 'high': 962.27, 'low_date': '2025-04-04', 'low': 835.05, 'pullback_pct': 13.22}, {'high_date': '2025-04-07', 'high': 871.63, 'low_date': '2025-04-09', 'low': 794.94, 'pullback_pct': 8.8}, {'high_date': '2025-04-23', 'high': 1041.91, 'low_date': '2025-05-06', 'low': 896.51, 'pullback_pct': 13.96}, {'high_date': '2025-06-16', 'high': 1156.97, 'low_date': '2025-06-19', 'low': 1102.36, 'pullback_pct': 4.72}, {'high_date': '2025-07-07', 'high': 1239.46, 'low_date': '2025-08-12', 'low': 1007.6, 'pullback_pct': 18.71}, {'high_date': '2025-08-20', 'high': 1090.99, 'low_date': '2025-08-29', 'low': 1007.1, 'pullback_pct': 7.69}, {'high_date': '2025-09-17', 'high': 1091.08, 'low_date': '2025-09-26', 'low': 990.98, 'pullback_pct': 9.17}, {'high_date': '2025-10-24', 'high': 1172.89, 'low_date': '2025-11-14', 'low': 1059.25, 'pullback_pct': 9.69}, {'high_date': '2025-12-01', 'high': 1182.44, 'low_date': '2025-12-10', 'low': 1096.44, 'pullback_pct': 7.27}]",1182.44,False,14.0,1138.09,1087.84,4.42,1288.84,13.25,3.0,no valid VCP base
ZYDUSWELL,None,None,8,3,5,False,"T1_above_ma150_200,T5_above_ma50,T8_rs_rank",39.5,18.6,91.54,LAGGING,False,40,"[{'high_date': '2025-02-03', 'high': 370.73, 'low_date': '2025-03-04', 'low': 306.16, 'pullback_pct': 17.42}, {'high_date': '2025-04-24', 'high': 360.08, 'low_date': '2025-05-07', 'low': 337.29, 'pullback_pct': 6.33}, {'high_date': '2025-05-21', 'high': 392.79, 'low_date': '2025-06-05', 'low': 376.79, 'pullback_pct': 4.07}, {'high_date': '2025-06-19', 'high': 411.91, 'low_date': '2025-07-08', 'low': 394.62, 'pullback_pct': 4.2}, {'high_date': '2025-07-24', 'high': 427.62, 'low_date': '2025-08-14', 'low': 385.96, 'pullback_pct': 9.74}, {'high_date': '2025-09-16', 'high': 524.26, 'low_date': '2025-10-14', 'low': 447.95, 'pullback_pct': 14.56}, {'high_date': '2025-10-28', 'high': 493.9, 'low_date': '2025-11-06', 'low': 443.8, 'pullback_pct': 10.14}, {'high_date': '2025-11-10', 'high': 461.6, 'low_date': '2025-12-05', 'low': 409.8, 'pullback_pct': 11.22}]",461.6,False,35.0,427.0,424.67,0.55,433.98,1.64,3.0,no valid VCP base
ECLERX,None,None,8,2,7,False,T8_rs_rank,93.6,5.3,104.03,WEAKENING,False,40,"[{'high_date': '2025-01-29', 'high': 1566.13, 'low_date': '2025-01-30', 'low': 1501.62, 'pullback_pct': 4.12}, {'high_date': '2025-02-05', 'high': 1649.09, 'low_date': '2025-02-17', 'low': 1499.47, 'pullback_pct': 9.07}, {'high_date': '2025-02-20', 'high': 1559.91, 'low_date': '2025-03-03', 'low': 1310.95, 'pullback_pct': 15.96}, {'high_date': '2025-03-07', 'high': 1396.2, 'low_date': '2025-03-17', 'low': 1255.66, 'pullback_pct': 10.07}, {'high_date': '2025-04-03', 'high': 1390.33, 'low_date': '2025-04-11', 'low': 1200.8, 'pullback_pct': 13.63}, {'high_date': '2025-04-24', 'high': 1327.17, 'low_date': '2025-05-06', 'low': 1203.25, 'pullback_pct': 9.34}, {'high_date': '2025-06-10', 'high': 1843.89, 'low_date': '2025-07-08', 'low': 1683.98, 'pullback_pct': 8.67}, {'high_date': '2025-08-07', 'high': 2056.74, 'low_date': '2025-08-22', 'low': 1948.75, 'pullback_pct': 5.25}, {'high_date': '2025-08-26', 'high': 2227.45, 'low_date': '2025-08-29', 'low': 2110.65, 'pullback_pct': 5.24}, {'high_date': '2025-09-02', 'high': 2267.25, 'low_date': '2025-09-08', 'low': 2117.25, 'pullback_pct': 6.62}, {'high_date': '2025-09-11', 'high': 2254.55, 'low_date': '2025-10-03', 'low': 1964.0, 'pullback_pct': 12.89}, {'high_date': '2025-10-27', 'high': 2393.65, 'low_date': '2025-11-07', 'low': 2139.75, 'pullback_pct': 10.61}, {'high_date': '2025-12-03', 'high': 2455.7, 'low_date': '2025-12-10', 'low': 2206.95, 'pullback_pct': 10.13}]",2455.7,False,12.0,2325.2,2259.24,2.84,2523.07,8.51,3.0,no valid VCP base
SONACOMS,None,None,8,3,5,False,"T2_ma150_above_200,T3_ma200_uptrend,T6_25pct_above_low",20.2,23.6,106.02,LEADING,False,40,"[{'high_date': '2025-02-06', 'high': 529.75, 'low_date': '2025-02-17', 'low': 484.1, 'pullback_pct': 8.62}, {'high_date': '2025-02-20', 'high': 514.55, 'low_date': '2025-03-04', 'low': 471.09, 'pullback_pct': 8.45}, {'high_date': '2025-03-06', 'high': 518.47, 'low_date': '2025-03-13', 'low': 482.61, 'pullback_pct': 6.92}, {'high_date': '2025-03-21', 'high': 506.01, 'low_date': '2025-04-07', 'low': 403.93, 'pullback_pct': 20.17}, {'high_date': '2025-04-23', 'high': 475.31, 'low_date': '2025-04-25', 'low': 450.67, 'pullback_pct': 5.18}, {'high_date': '2025-05-26', 'high': 541.42, 'low_date': '2025-07-11', 'low': 445.7, 'pullback_pct': 17.68}, {'high_date': '2025-07-24', 'high': 489.21, 'low_date': '2025-08-01', 'low': 436.13, 'pullback_pct': 10.85}, {'high_date': '2025-08-19', 'high': 453.78, 'low_date': '2025-10-08', 'low': 403.94, 'pullback_pct': 10.98}, {'high_date': '2025-11-28', 'high': 510.09, 'low_date': '2025-12-10', 'low': 470.02, 'pullback_pct': 7.86}]",510.09,False,17.0,485.32,469.28,3.31,533.44,9.92,3.0,no valid VCP base
SARDAEN,None,None,8,2,5,False,"T5_above_ma50,T6_25pct_above_low,T8_rs_rank",24.8,16.9,91.62,LAGGING,False,40,"[{'high_date': '2025-01-31', 'high': 472.02, 'low_date': '2025-02-03', 'low': 444.93, 'pullback_pct': 5.74}, {'high_date': '2025-02-07', 'high': 465.08, 'low_date': '2025-02-12', 'low': 440.69, 'pullback_pct': 5.24}, {'high_date': '2025-02-21', 'high': 488.42, 'low_date': '2025-03-03', 'low': 448.27, 'pullback_pct': 8.22}, {'high_date': '2025-03-21', 'high': 544.18, 'low_date': '2025-03-25', 'low': 482.94, 'pullback_pct': 11.25}, {'high_date': '2025-04-02', 'high': 535.36, 'low_date': '2025-04-09', 'low': 417.55, 'pullback_pct': 22.0}, {'high_date': '2025-04-22', 'high': 504.73, 'low_date': '2025-05-08', 'low': 417.0, 'pullback_pct': 17.38}, {'high_date': '2025-05-21', 'high': 472.76, 'low_date': '2025-05-27', 'low': 429.02, 'pullback_pct': 9.25}, {'high_date': '2025-06-10', 'high': 452.51, 'low_date': '2025-06-23', 'low': 429.17, 'pullback_pct': 5.16}, {'high_date': '2025-06-27', 'high': 449.47, 'low_date': '2025-07-08', 'low': 422.84, 'pullback_pct': 5.93}, {'high_date': '2025-07-11', 'high': 451.57, 'low_date': '2025-07-28', 'low': 429.97, 'pullback_pct': 4.78}, {'high_date': '2025-08-06', 'high': 580.29, 'low_date': '2025-08-08', 'low': 533.61, 'pullback_pct': 8.04}, {'high_date': '2025-09-01', 'high': 601.2, 'low_date': '2025-09-04', 'low': 559.75, 'pullback_pct': 6.89}, {'high_date': '2025-09-15', 'high': 626.15, 'low_date': '2025-09-30', 'low': 539.4, 'pullback_pct': 13.85}, {'high_date': '2025-10-06', 'high': 584.05, 'low_date': '2025-10-20', 'low': 526.25, 'pullback_pct': 9.9}, {'high_date': '2025-10-29', 'high': 558.85, 'low_date': '2025-11-24', 'low': 472.75, 'pullback_pct': 15.41}, {'high_date': '2025-12-01', 'high': 500.45, 'low_date': '2025-12-08', 'low': 474.45, 'pullback_pct': 5.2}]",500.45,True,14.0,520.5,495.88,4.73,594.36,14.19,3.0,no valid VCP base
SAGILITY,None,None,8,2,7,False,T8_rs_rank,34.1,6.7,102.74,LEADING,False,40,"[{'high_date': '2025-02-06', 'high': 52.68, 'low_date': '2025-03-03', 'low': 41.94, 'pullback_pct': 20.39}, {'high_date': '2025-03-06', 'high': 44.0, 'low_date': '2025-03-17', 'low': 41.4, 'pullback_pct': 5.9}, {'high_date': '2025-03-24', 'high': 44.42, 'low_date': '2025-04-09', 'low': 37.95, 'pullback_pct': 14.55}, {'high_date': '2025-04-22', 'high': 43.3, 'low_date': '2025-05-06', 'low': 39.8, 'pullback_pct': 8.08}, {'high_date': '2025-05-14', 'high': 47.0, 'low_date': '2025-05-15', 'low': 44.9, 'pullback_pct': 4.48}, {'high_date': '2025-05-16', 'high': 46.73, 'low_date': '2025-06-03', 'low': 38.41, 'pullback_pct': 17.81}, {'high_date': '2025-06-10', 'high': 40.58, 'low_date': '2025-06-13', 'low': 38.87, 'pullback_pct': 4.21}, {'high_date': '2025-07-02', 'high': 43.68, 'low_date': '2025-07-07', 'low': 41.35, 'pullback_pct': 5.33}, {'high_date': '2025-07-16', 'high': 45.49, 'low_date': '2025-07-28', 'low': 42.05, 'pullback_pct': 7.58}, {'high_date': '2025-07-31', 'high': 46.57, 'low_date': '2025-08-12', 'low': 43.62, 'pullback_pct': 6.35}, {'high_date': '2025-08-22', 'high': 46.01, 'low_date': '2025-09-08', 'low': 41.98, 'pullback_pct': 8.77}, {'high_date': '2025-09-18', 'high': 46.43, 'low_date': '2025-09-30', 'low': 42.62, 'pullback_pct': 8.22}, {'high_date': '2025-10-10', 'high': 46.32, 'low_date': '2025-10-14', 'low': 44.28, 'pullback_pct': 4.42}, {'high_date': '2025-10-30', 'high': 54.53, 'low_date': '2025-11-11', 'low': 50.02, 'pullback_pct': 8.26}, {'high_date': '2025-11-14', 'high': 53.28, 'low_date': '2025-12-08', 'low': 48.06, 'pullback_pct': 9.8}]",53.28,False,31.0,50.88,49.02,3.66,56.47,10.98,3.0,no valid VCP base
BRIGADE,None,None,8,4,1,False,"T1_above_ma150_200,T3_ma200_uptrend,T4_ma50_above_med,T5_above_ma50,T6_25pct_above_low,T7_within_25pct_high,T8_rs_rank",3.3,31.9,93.0,IMPROVING,False,40,"[{'high_date': '2025-01-31', 'high': 1168.04, 'low_date': '2025-02-18', 'low': 971.35, 'pullback_pct': 16.84}, {'high_date': '2025-02-19', 'high': 1021.22, 'low_date': '2025-03-17', 'low': 934.25, 'pullback_pct': 8.52}, {'high_date': '2025-03-24', 'high': 991.05, 'low_date': '2025-04-07', 'low': 893.55, 'pullback_pct': 9.84}, {'high_date': '2025-04-23', 'high': 1046.06, 'low_date': '2025-05-02', 'low': 986.36, 'pullback_pct': 5.71}, {'high_date': '2025-06-06', 'high': 1274.72, 'low_date': '2025-07-03', 'low': 1048.5, 'pullback_pct': 17.75}, {'high_date': '2025-07-08', 'high': 1118.02, 'low_date': '2025-07-11', 'low': 1060.27, 'pullback_pct': 5.17}, {'high_date': '2025-07-17', 'high': 1128.9, 'low_date': '2025-09-09', 'low': 904.35, 'pullback_pct': 19.89}, {'high_date': '2025-09-15', 'high': 970.05, 'low_date': '2025-09-29', 'low': 887.75, 'pullback_pct': 8.48}, {'high_date': '2025-11-03', 'high': 1041.4, 'low_date': '2025-11-24', 'low': 869.7, 'pullback_pct': 16.49}, {'high_date': '2025-11-26', 'high': 911.6, 'low_date': '2025-12-09', 'low': 855.95, 'pullback_pct': 6.1}]",911.6,False,19.0,884.4,849.09,3.99,990.33,11.98,3.0,no valid VCP base
REDINGTON,None,None,8,3,7,False,T8_rs_rank,52.9,12.8,99.25,IMPROVING,False,40,"[{'high_date': '2025-01-30', 'high': 207.0, 'low_date': '2025-02-04', 'low': 198.04, 'pullback_pct': 4.33}, {'high_date': '2025-02-10', 'high': 236.69, 'low_date': '2025-02-12', 'low': 224.05, 'pullback_pct': 5.34}, {'high_date': '2025-02-14', 'high': 239.92, 'low_date': '2025-02-18', 'low': 222.84, 'pullback_pct': 7.12}, {'high_date': '2025-02-21', 'high': 246.03, 'low_date': '2025-02-28', 'low': 219.44, 'pullback_pct': 10.81}, {'high_date': '2025-03-07', 'high': 245.64, 'low_date': '2025-03-13', 'low': 219.71, 'pullback_pct': 10.56}, {'high_date': '2025-03-21', 'high': 244.73, 'low_date': '2025-04-08', 'low': 196.86, 'pullback_pct': 19.56}, {'high_date': '2025-05-21', 'high': 283.57, 'low_date': '2025-05-30', 'low': 253.04, 'pullback_pct': 10.77}, {'high_date': '2025-07-01', 'high': 322.52, 'low_date': '2025-07-10', 'low': 297.55, 'pullback_pct': 7.74}, {'high_date': '2025-07-22', 'high': 311.9, 'low_date': '2025-08-12', 'low': 235.8, 'pullback_pct': 24.4}, {'high_date': '2025-08-20', 'high': 246.45, 'low_date': '2025-08-26', 'low': 233.5, 'pullback_pct': 5.25}, {'high_date': '2025-09-19', 'high': 299.73, 'low_date': '2025-09-26', 'low': 264.83, 'pullback_pct': 11.64}, {'high_date': '2025-09-29', 'high': 291.24, 'low_date': '2025-10-09', 'low': 268.6, 'pullback_pct': 7.77}, {'high_date': '2025-10-10', 'high': 290.1, 'low_date': '2025-11-04', 'low': 250.25, 'pullback_pct': 13.74}, {'high_date': '2025-11-13', 'high': 296.5, 'low_date': '2025-12-08', 'low': 267.9, 'pullback_pct': 9.65}]",296.5,False,32.0,281.1,272.78,2.96,306.06,8.88,3.0,no valid VCP base
SUNPHARMA,None,None,8,2,5,False,"T2_ma150_above_200,T6_25pct_above_low,T8_rs_rank",15.1,4.0,103.99,LEADING,False,40,"[{'high_date': '2025-01-27', 'high': 1758.89, 'low_date': '2025-03-04', 'low': 1551.28, 'pullback_pct': 11.8}, {'high_date': '2025-03-24', 'high': 1767.46, 'low_date': '2025-04-01', 'low': 1681.85, 'pullback_pct': 4.84}, {'high_date': '2025-04-03', 'high': 1752.81, 'low_date': '2025-04-09', 'low': 1636.15, 'pullback_pct': 6.66}, {'high_date': '2025-04-28', 'high': 1823.71, 'low_date': '2025-06-19', 'low': 1631.6, 'pullback_pct': 10.53}, {'high_date': '2025-07-30', 'high': 1722.61, 'low_date': '2025-08-08', 'low': 1576.66, 'pullback_pct': 8.47}, {'high_date': '2025-08-25', 'high': 1646.01, 'low_date': '2025-09-01', 'low': 1553.21, 'pullback_pct': 5.64}, {'high_date': '2025-09-19', 'high': 1645.31, 'low_date': '2025-09-26', 'low': 1576.46, 'pullback_pct': 4.18}]",1645.31,True,87.0,1785.5,1744.97,2.27,1907.11,6.81,3.0,no valid VCP base
SWIGGY,None,None,8,2,6,False,"T7_within_25pct_high,T8_rs_rank",36.0,30.8,95.22,LAGGING,False,40,"[{'high_date': '2025-01-29', 'high': 428.2, 'low_date': '2025-01-30', 'low': 404.75, 'pullback_pct': 5.48}, {'high_date': '2025-02-03', 'high': 458.4, 'low_date': '2025-02-11', 'low': 333.35, 'pullback_pct': 27.28}, {'high_date': '2025-02-13', 'high': 365.5, 'low_date': '2025-02-17', 'low': 338.25, 'pullback_pct': 7.46}, {'high_date': '2025-02-19', 'high': 377.4, 'low_date': '2025-03-03', 'low': 326.3, 'pullback_pct': 13.54}, {'high_date': '2025-03-06', 'high': 362.55, 'low_date': '2025-03-26', 'low': 323.85, 'pullback_pct': 10.67}, {'high_date': '2025-04-03', 'high': 345.15, 'low_date': '2025-04-07', 'low': 321.7, 'pullback_pct': 6.79}, {'high_date': '2025-04-23', 'high': 348.05, 'low_date': '2025-05-02', 'low': 304.0, 'pullback_pct': 12.66}, {'high_date': '2025-05-05', 'high': 343.95, 'low_date': '2025-05-14', 'low': 307.3, 'pullback_pct': 10.66}, {'high_date': '2025-06-06', 'high': 374.45, 'low_date': '2025-06-13', 'low': 354.2, 'pullback_pct': 5.41}, {'high_date': '2025-06-27', 'high': 406.95, 'low_date': '2025-07-07', 'low': 376.65, 'pullback_pct': 7.45}, {'high_date': '2025-07-24', 'high': 419.25, 'low_date': '2025-08-08', 'low': 384.8, 'pullback_pct': 8.22}, {'high_date': '2025-08-21', 'high': 435.7, 'low_date': '2025-08-29', 'low': 409.75, 'pullback_pct': 5.96}, {'high_date': '2025-09-08', 'high': 443.15, 'low_date': '2025-09-12', 'low': 420.55, 'pullback_pct': 5.1}, {'high_date': '2025-09-19', 'high': 458.45, 'low_date': '2025-10-03', 'low': 413.85, 'pullback_pct': 9.73}, {'high_date': '2025-10-16', 'high': 448.4, 'low_date': '2025-11-13', 'low': 383.1, 'pullback_pct': 14.56}, {'high_date': '2025-11-24', 'high': 404.6, 'low_date': '2025-11-28', 'low': 378.3, 'pullback_pct': 6.5}, {'high_date': '2025-12-03', 'high': 403.25, 'low_date': '2025-12-08', 'low': 385.9, 'pullback_pct': 4.3}]",403.25,True,12.0,413.4,394.5,4.57,470.1,13.72,3.0,no valid VCP base
ZEEL,None,None,8,4,1,False,"T1_above_ma150_200,T3_ma200_uptrend,T4_ma50_above_med,T5_above_ma50,T6_25pct_above_low,T7_within_25pct_high,T8_rs_rank",6.2,36.0,90.72,LAGGING,False,40,"[{'high_date': '2025-02-05', 'high': 107.62, 'low_date': '2025-02-14', 'low': 94.58, 'pullback_pct': 12.11}, {'high_date': '2025-02-20', 'high': 98.49, 'low_date': '2025-03-03', 'low': 88.32, 'pullback_pct': 10.33}, {'high_date': '2025-03-10', 'high': 105.28, 'low_date': '2025-03-17', 'low': 97.15, 'pullback_pct': 7.72}, {'high_date': '2025-03-21', 'high': 104.15, 'low_date': '2025-03-28', 'low': 96.32, 'pullback_pct': 7.52}, {'high_date': '2025-04-03', 'high': 105.18, 'low_date': '2025-04-07', 'low': 95.05, 'pullback_pct': 9.63}, {'high_date': '2025-04-21', 'high': 116.31, 'low_date': '2025-05-02', 'low': 103.88, 'pullback_pct': 10.69}, {'high_date': '2025-05-16', 'high': 127.0, 'low_date': '2025-05-20', 'low': 120.38, 'pullback_pct': 5.21}, {'high_date': '2025-06-16', 'high': 135.08, 'low_date': '2025-06-19', 'low': 124.97, 'pullback_pct': 7.48}, {'high_date': '2025-06-23', 'high': 146.58, 'low_date': '2025-07-02', 'low': 138.11, 'pullback_pct': 5.78}, {'high_date': '2025-07-04', 'high': 144.35, 'low_date': '2025-07-11', 'low': 134.54, 'pullback_pct': 6.8}, {'high_date': '2025-07-16', 'high': 141.2, 'low_date': '2025-08-06', 'low': 110.02, 'pullback_pct': 22.08}, {'high_date': '2025-08-22', 'high': 121.04, 'low_date': '2025-09-01', 'low': 113.96, 'pullback_pct': 5.85}, {'high_date': '2025-09-22', 'high': 119.91, 'low_date': '2025-11-10', 'low': 97.58, 'pullback_pct': 18.62}, {'high_date': '2025-11-12', 'high': 103.41, 'low_date': '2025-11-25', 'low': 97.01, 'pullback_pct': 6.19}, {'high_date': '2025-11-28', 'high': 101.47, 'low_date': '2025-12-09', 'low': 92.73, 'pullback_pct': 8.61}]",101.47,False,17.0,93.81,93.35,0.49,95.18,1.46,3.0,no valid VCP base
SIEMENS,None,None,8,3,2,False,"T1_above_ma150_200,T4_ma50_above_med,T5_above_ma50,T6_25pct_above_low,T7_within_25pct_high,T8_rs_rank",16.4,32.3,100.59,WEAKENING,False,40,"[{'high_date': '2025-01-31', 'high': 3565.05, 'low_date': '2025-02-03', 'low': 3067.6, 'pullback_pct': 13.95}, {'high_date': '2025-02-06', 'high': 3311.26, 'low_date': '2025-02-28', 'low': 2713.99, 'pullback_pct': 18.04}, {'high_date': '2025-03-06', 'high': 3029.09, 'low_date': '2025-03-12', 'low': 2879.67, 'pullback_pct': 4.93}, {'high_date': '2025-03-26', 'high': 3180.51, 'low_date': '2025-04-09', 'low': 2715.85, 'pullback_pct': 14.61}, {'high_date': '2025-05-07', 'high': 2967.2, 'low_date': '2025-05-08', 'low': 2838.6, 'pullback_pct': 4.33}, {'high_date': '2025-06-09', 'high': 3383.3, 'low_date': '2025-06-23', 'low': 3091.6, 'pullback_pct': 8.62}, {'high_date': '2025-07-01', 'high': 3323.1, 'low_date': '2025-08-04', 'low': 2993.6, 'pullback_pct': 9.92}, {'high_date': '2025-08-21', 'high': 3197.2, 'low_date': '2025-08-28', 'low': 3043.2, 'pullback_pct': 4.82}, {'high_date': '2025-09-19', 'high': 3325.9, 'low_date': '2025-09-26', 'low': 3096.3, 'pullback_pct': 6.9}, {'high_date': '2025-10-06', 'high': 3251.7, 'low_date': '2025-11-11', 'low': 3022.0, 'pullback_pct': 7.06}, {'high_date': '2025-12-04', 'high': 3362.5, 'low_date': '2025-12-09', 'low': 3142.8, 'pullback_pct': 6.53}]",3362.5,False,11.0,3157.8,3093.5,2.04,3350.7,6.11,3.0,no valid VCP base
SBICARD,None,None,8,4,5,False,"T1_above_ma150_200,T5_above_ma50,T8_rs_rank",31.4,14.5,97.71,LAGGING,False,40,"[{'high_date': '2025-04-04', 'high': 845.04, 'low_date': '2025-04-07', 'low': 809.22, 'pullback_pct': 4.24}, {'high_date': '2025-04-24', 'high': 923.32, 'low_date': '2025-04-28', 'low': 860.88, 'pullback_pct': 6.76}, {'high_date': '2025-05-07', 'high': 911.46, 'low_date': '2025-05-09', 'low': 871.15, 'pullback_pct': 4.42}, {'high_date': '2025-06-09', 'high': 1013.45, 'low_date': '2025-06-19', 'low': 936.42, 'pullback_pct': 7.6}, {'high_date': '2025-06-27', 'high': 987.89, 'low_date': '2025-08-08', 'low': 784.15, 'pullback_pct': 20.62}, {'high_date': '2025-08-21', 'high': 822.32, 'low_date': '2025-09-05', 'low': 788.69, 'pullback_pct': 4.09}, {'high_date': '2025-09-15', 'high': 896.91, 'low_date': '2025-09-29', 'low': 860.29, 'pullback_pct': 4.08}, {'high_date': '2025-10-20', 'high': 934.68, 'low_date': '2025-12-04', 'low': 852.91, 'pullback_pct': 8.75}]",934.68,False,56.0,866.96,859.91,0.81,888.13,2.44,3.0,no valid VCP base
BBTC,None,None,8,3,2,False,"T1_above_ma150_200,T3_ma200_uptrend,T4_ma50_above_med,T5_above_ma50,T6_25pct_above_low,T8_rs_rank",14.2,21.5,97.05,LAGGING,False,40,"[{'high_date': '2025-02-01', 'high': 2119.72, 'low_date': '2025-02-28', 'low': 1638.55, 'pullback_pct': 22.7}, {'high_date': '2025-03-07', 'high': 1771.76, 'low_date': '2025-03-17', 'low': 1621.16, 'pullback_pct': 8.5}, {'high_date': '2025-03-24', 'high': 1808.22, 'low_date': '2025-03-26', 'low': 1704.41, 'pullback_pct': 5.74}, {'high_date': '2025-04-02', 'high': 1871.21, 'low_date': '2025-04-07', 'low': 1699.31, 'pullback_pct': 9.19}, {'high_date': '2025-04-24', 'high': 1969.46, 'low_date': '2025-05-09', 'low': 1704.02, 'pullback_pct': 13.48}, {'high_date': '2025-05-28', 'high': 2011.16, 'low_date': '2025-06-20', 'low': 1831.98, 'pullback_pct': 8.91}, {'high_date': '2025-07-17', 'high': 2013.84, 'low_date': '2025-08-29', 'low': 1737.0, 'pullback_pct': 13.75}, {'high_date': '2025-09-15', 'high': 1942.62, 'low_date': '2025-09-29', 'low': 1745.22, 'pullback_pct': 10.16}, {'high_date': '2025-10-23', 'high': 2083.07, 'low_date': '2025-11-14', 'low': 1813.26, 'pullback_pct': 12.95}, {'high_date': '2025-11-18', 'high': 2003.44, 'low_date': '2025-12-02', 'low': 1794.45, 'pullback_pct': 10.43}]",2003.44,False,27.0,1850.7,1843.16,0.41,1873.32,1.22,3.0,no valid VCP base
FIVESTAR,None,None,8,4,0,False,"T1_above_ma150_200,T2_ma150_above_200,T3_ma200_uptrend,T4_ma50_above_med,T5_above_ma50,T6_25pct_above_low,T7_within_25pct_high,T8_rs_rank",12.7,31.6,100.7,LEADING,False,40,"[{'high_date': '2025-01-31', 'high': 786.57, 'low_date': '2025-02-03', 'low': 722.3, 'pullback_pct': 8.17}, {'high_date': '2025-02-07', 'high': 768.29, 'low_date': '2025-02-19', 'low': 675.31, 'pullback_pct': 12.1}, {'high_date': '2025-02-28', 'high': 758.87, 'low_date': '2025-03-12', 'low': 647.31, 'pullback_pct': 14.7}, {'high_date': '2025-03-21', 'high': 724.29, 'low_date': '2025-04-07', 'low': 666.24, 'pullback_pct': 8.01}, {'high_date': '2025-04-22', 'high': 840.69, 'low_date': '2025-05-20', 'low': 666.89, 'pullback_pct': 20.67}, {'high_date': '2025-06-10', 'high': 798.18, 'low_date': '2025-06-20', 'low': 719.71, 'pullback_pct': 9.83}, {'high_date': '2025-07-14', 'high': 777.41, 'low_date': '2025-08-12', 'low': 569.97, 'pullback_pct': 26.68}, {'high_date': '2025-08-18', 'high': 597.1, 'low_date': '2025-09-26', 'low': 510.25, 'pullback_pct': 14.55}, {'high_date': '2025-09-30', 'high': 536.6, 'low_date': '2025-10-14', 'low': 514.9, 'pullback_pct': 4.04}, {'high_date': '2025-11-03', 'high': 660.0, 'low_date': '2025-11-12', 'low': 615.0, 'pullback_pct': 6.82}, {'high_date': '2025-11-14', 'high': 643.9, 'low_date': '2025-11-20', 'low': 593.5, 'pullback_pct': 7.83}, {'high_date': '2025-11-21', 'high': 619.4, 'low_date': '2025-12-10', 'low': 565.8, 'pullback_pct': 8.65}]",619.4,False,24.0,575.15,569.85,0.92,591.06,2.77,3.0,no valid VCP base
ERIS,None,None,8,3,4,False,"T1_above_ma150_200,T4_ma50_above_med,T5_above_ma50,T8_rs_rank",38.4,14.1,98.35,IMPROVING,False,40,"[{'high_date': '2025-02-07', 'high': 1470.55, 'low_date': '2025-03-03', 'low': 1180.95, 'pullback_pct': 19.69}, {'high_date': '2025-03-21', 'high': 1390.9, 'low_date': '2025-03-26', 'low': 1314.65, 'pullback_pct': 5.48}, {'high_date': '2025-03-28', 'high': 1417.35, 'low_date': '2025-04-07', 'low': 1274.65, 'pullback_pct': 10.07}, {'high_date': '2025-04-24', 'high': 1512.0, 'low_date': '2025-04-30', 'low': 1432.1, 'pullback_pct': 5.28}, {'high_date': '2025-05-05', 'high': 1507.0, 'low_date': '2025-05-12', 'low': 1404.9, 'pullback_pct': 6.78}, {'high_date': '2025-06-16', 'high': 1847.7, 'low_date': '2025-06-24', 'low': 1604.1, 'pullback_pct': 13.18}, {'high_date': '2025-07-30', 'high': 1816.6, 'low_date': '2025-08-13', 'low': 1674.8, 'pullback_pct': 7.81}, {'high_date': '2025-08-26', 'high': 1801.7, 'low_date': '2025-11-13', 'low': 1518.1, 'pullback_pct': 15.74}, {'high_date': '2025-11-24', 'high': 1684.0, 'low_date': '2025-12-08', 'low': 1533.9, 'pullback_pct': 8.91}, {'high_date': '2025-12-09', 'high': 1701.3, 'low_date': '2025-12-12', 'low': 1572.2, 'pullback_pct': 7.59}]",1701.3,False,6.0,1586.4,1565.2,1.34,1650.01,4.01,3.0,no valid VCP base
CENTRALBK,None,None,8,3,1,False,"T1_above_ma150_200,T2_ma150_above_200,T3_ma200_uptrend,T5_above_ma50,T6_25pct_above_low,T7_within_25pct_high,T8_rs_rank",9.6,37.5,97.66,LAGGING,False,40,"[{'high_date': '2025-03-07', 'high': 42.82, 'low_date': '2025-03-17', 'low': 39.53, 'pullback_pct': 7.7}, {'high_date': '2025-03-24', 'high': 45.19, 'low_date': '2025-04-09', 'low': 32.64, 'pullback_pct': 27.79}, {'high_date': '2025-04-22', 'high': 37.13, 'low_date': '2025-05-09', 'low': 32.91, 'pullback_pct': 11.34}, {'high_date': '2025-06-02', 'high': 39.01, 'low_date': '2025-06-19', 'low': 35.32, 'pullback_pct': 9.44}, {'high_date': '2025-07-01', 'high': 39.02, 'low_date': '2025-08-28', 'low': 33.59, 'pullback_pct': 13.91}, {'high_date': '2025-09-19', 'high': 37.19, 'low_date': '2025-09-26', 'low': 35.25, 'pullback_pct': 5.21}, {'high_date': '2025-10-28', 'high': 39.54, 'low_date': '2025-11-13', 'low': 36.65, 'pullback_pct': 7.3}, {'high_date': '2025-11-19', 'high': 38.59, 'low_date': '2025-12-10', 'low': 35.43, 'pullback_pct': 8.19}]",38.59,False,26.0,35.77,35.5,0.74,36.56,2.22,3.0,no valid VCP base
CHOLAFIN,None,None,8,2,7,False,T8_rs_rank,48.2,1.2,101.44,LEADING,False,40,"[{'high_date': '2025-02-04', 'high': 1391.92, 'low_date': '2025-02-11', 'low': 1308.73, 'pullback_pct': 5.98}, {'high_date': '2025-03-21', 'high': 1536.66, 'low_date': '2025-04-07', 'low': 1384.44, 'pullback_pct': 9.91}, {'high_date': '2025-04-21', 'high': 1657.81, 'low_date': '2025-04-29', 'low': 1482.72, 'pullback_pct': 10.56}, {'high_date': '2025-05-27', 'high': 1663.21, 'low_date': '2025-06-05', 'low': 1509.79, 'pullback_pct': 9.22}, {'high_date': '2025-06-09', 'high': 1642.63, 'low_date': '2025-06-19', 'low': 1542.55, 'pullback_pct': 6.09}, {'high_date': '2025-06-27', 'high': 1652.12, 'low_date': '2025-08-01', 'low': 1421.44, 'pullback_pct': 13.96}, {'high_date': '2025-08-19', 'high': 1526.76, 'low_date': '2025-08-29', 'low': 1419.64, 'pullback_pct': 7.02}, {'high_date': '2025-11-10', 'high': 1753.09, 'low_date': '2025-11-24', 'low': 1650.47, 'pullback_pct': 5.85}]",1753.09,False,35.0,1732.4,1673.42,3.4,1909.35,10.21,3.0,no valid VCP base
CHOLAHLDNG,None,None,8,3,4,False,"T1_above_ma150_200,T4_ma50_above_med,T5_above_ma50,T8_rs_rank",35.9,12.3,97.87,IMPROVING,False,40,"[{'high_date': '2025-01-30', 'high': 1530.5, 'low_date': '2025-02-10', 'low': 1453.05, 'pullback_pct': 5.06}, {'high_date': '2025-02-28', 'high': 1640.77, 'low_date': '2025-03-17', 'low': 1561.57, 'pullback_pct': 4.83}, {'high_date': '2025-03-25', 'high': 1825.04, 'low_date': '2025-04-07', 'low': 1557.78, 'pullback_pct': 14.64}, {'high_date': '2025-04-08', 'high': 1717.27, 'low_date': '2025-04-09', 'low': 1646.77, 'pullback_pct': 4.11}, {'high_date': '2025-04-25', 'high': 1978.94, 'low_date': '2025-05-02', 'low': 1794.96, 'pullback_pct': 9.3}, {'high_date': '2025-05-06', 'high': 1884.7, 'low_date': '2025-05-09', 'low': 1716.82, 'pullback_pct': 8.91}, {'high_date': '2025-05-28', 'high': 1951.85, 'low_date': '2025-06-05', 'low': 1789.87, 'pullback_pct': 8.3}, {'high_date': '2025-06-30', 'high': 2164.51, 'low_date': '2025-07-14', 'low': 2048.39, 'pullback_pct': 5.36}, {'high_date': '2025-07-17', 'high': 2138.93, 'low_date': '2025-08-06', 'low': 1794.6, 'pullback_pct': 16.1}, {'high_date': '2025-08-18', 'high': 1935.5, 'low_date': '2025-08-29', 'low': 1725.7, 'pullback_pct': 10.84}, {'high_date': '2025-09-19', 'high': 2019.5, 'low_date': '2025-09-26', 'low': 1839.6, 'pullback_pct': 8.91}, {'high_date': '2025-09-29', 'high': 1937.3, 'low_date': '2025-10-14', 'low': 1832.2, 'pullback_pct': 5.43}, {'high_date': '2025-10-24', 'high': 2012.7, 'low_date': '2025-10-31', 'low': 1912.6, 'pullback_pct': 4.97}, {'high_date': '2025-11-04', 'high': 2014.8, 'low_date': '2025-11-07', 'low': 1884.1, 'pullback_pct': 6.49}, {'high_date': '2025-11-14', 'high': 1976.5, 'low_date': '2025-11-27', 'low': 1800.7, 'pullback_pct': 8.89}]",1976.5,False,31.0,1899.1,1818.38,4.25,2141.26,12.75,3.0,no valid VCP base
MAHABANK,None,None,8,2,6,False,"T5_above_ma50,T8_rs_rank",35.6,6.1,99.19,IMPROVING,False,40,"[{'high_date': '2025-01-31', 'high': 49.02, 'low_date': '2025-02-14', 'low': 45.62, 'pullback_pct': 6.94}, {'high_date': '2025-02-20', 'high': 48.04, 'low_date': '2025-03-03', 'low': 42.66, 'pullback_pct': 11.2}, {'high_date': '2025-03-07', 'high': 45.84, 'low_date': '2025-03-17', 'low': 42.5, 'pullback_pct': 7.28}, {'high_date': '2025-03-24', 'high': 46.16, 'low_date': '2025-04-07', 'low': 41.69, 'pullback_pct': 9.69}, {'high_date': '2025-05-19', 'high': 52.31, 'low_date': '2025-05-22', 'low': 49.69, 'pullback_pct': 5.01}, {'high_date': '2025-06-02', 'high': 56.65, 'low_date': '2025-06-23', 'low': 52.64, 'pullback_pct': 7.08}, {'high_date': '2025-07-01', 'high': 57.46, 'low_date': '2025-08-29', 'low': 51.17, 'pullback_pct': 10.94}, {'high_date': '2025-09-19', 'high': 56.46, 'low_date': '2025-09-26', 'low': 53.18, 'pullback_pct': 5.81}, {'high_date': '2025-10-13', 'high': 56.72, 'low_date': '2025-10-14', 'low': 54.28, 'pullback_pct': 4.29}, {'high_date': '2025-10-21', 'high': 59.13, 'low_date': '2025-11-13', 'low': 56.11, 'pullback_pct': 5.11}, {'high_date': '2025-11-19', 'high': 60.22, 'low_date': '2025-12-08', 'low': 55.38, 'pullback_pct': 8.05}]",60.22,False,26.0,56.54,55.4,2.01,59.95,6.04,3.0,no valid VCP base
CAMS,None,None,8,3,2,False,"T1_above_ma150_200,T4_ma50_above_med,T5_above_ma50,T6_25pct_above_low,T7_within_25pct_high,T8_rs_rank",21.8,27.3,98.59,IMPROVING,False,40,"[{'high_date': '2025-01-29', 'high': 772.59, 'low_date': '2025-02-03', 'low': 665.48, 'pullback_pct': 13.86}, {'high_date': '2025-02-05', 'high': 734.17, 'low_date': '2025-02-11', 'low': 664.81, 'pullback_pct': 9.45}, {'high_date': '2025-02-12', 'high': 694.26, 'low_date': '2025-02-18', 'low': 645.06, 'pullback_pct': 7.09}, {'high_date': '2025-02-20', 'high': 676.77, 'low_date': '2025-03-03', 'low': 616.72, 'pullback_pct': 8.87}, {'high_date': '2025-03-19', 'high': 750.92, 'low_date': '2025-03-25', 'low': 719.79, 'pullback_pct': 4.15}, {'high_date': '2025-04-03', 'high': 752.37, 'low_date': '2025-04-07', 'low': 694.43, 'pullback_pct': 7.7}, {'high_date': '2025-04-23', 'high': 807.21, 'low_date': '2025-05-09', 'low': 684.73, 'pullback_pct': 15.17}, {'high_date': '2025-06-09', 'high': 840.53, 'low_date': '2025-06-13', 'low': 783.34, 'pullback_pct': 6.8}, {'high_date': '2025-06-27', 'high': 844.78, 'low_date': '2025-07-11', 'low': 800.84, 'pullback_pct': 5.2}, {'high_date': '2025-07-15', 'high': 839.89, 'low_date': '2025-08-01', 'low': 720.48, 'pullback_pct': 14.22}, {'high_date': '2025-08-22', 'high': 774.23, 'low_date': '2025-08-28', 'low': 725.2, 'pullback_pct': 6.33}, {'high_date': '2025-09-19', 'high': 813.07, 'low_date': '2025-09-30', 'low': 745.2, 'pullback_pct': 8.35}, {'high_date': '2025-10-28', 'high': 790.13, 'low_date': '2025-11-06', 'low': 741.48, 'pullback_pct': 6.16}, {'high_date': '2025-11-20', 'high': 798.93, 'low_date': '2025-12-10', 'low': 733.56, 'pullback_pct': 8.18}]",798.93,False,25.0,751.47,735.02,2.19,800.82,6.57,3.0,no valid VCP base
PRESTIGE,None,None,8,3,6,False,"T5_above_ma50,T8_rs_rank",56.3,12.2,99.14,IMPROVING,False,40,"[{'high_date': '2025-02-01', 'high': 1430.05, 'low_date': '2025-02-28', 'low': 1125.3, 'pullback_pct': 21.31}, {'high_date': '2025-03-04', 'high': 1186.58, 'low_date': '2025-03-17', 'low': 1098.24, 'pullback_pct': 7.45}, {'high_date': '2025-03-21', 'high': 1224.74, 'low_date': '2025-04-01', 'low': 1136.04, 'pullback_pct': 7.24}, {'high_date': '2025-04-03', 'high': 1187.13, 'low_date': '2025-04-07', 'low': 1059.08, 'pullback_pct': 10.79}, {'high_date': '2025-04-23', 'high': 1322.28, 'low_date': '2025-04-25', 'low': 1260.35, 'pullback_pct': 4.68}, {'high_date': '2025-05-05', 'high': 1383.91, 'low_date': '2025-05-09', 'low': 1280.13, 'pullback_pct': 7.5}, {'high_date': '2025-06-06', 'high': 1712.63, 'low_date': '2025-06-12', 'low': 1638.31, 'pullback_pct': 4.34}, {'high_date': '2025-06-25', 'high': 1746.59, 'low_date': '2025-07-03', 'low': 1598.96, 'pullback_pct': 8.45}, {'high_date': '2025-07-21', 'high': 1804.02, 'low_date': '2025-09-05', 'low': 1510.5, 'pullback_pct': 16.27}, {'high_date': '2025-09-17', 'high': 1654.3, 'low_date': '2025-09-26', 'low': 1507.4, 'pullback_pct': 8.88}, {'high_date': '2025-10-27', 'high': 1784.8, 'low_date': '2025-12-08', 'low': 1610.0, 'pullback_pct': 9.79}]",1784.8,False,49.0,1655.4,1642.02,0.81,1695.55,2.43,3.0,no valid VCP base
POLYCAB,None,None,8,2,6,False,"T5_above_ma50,T8_rs_rank",57.7,6.4,97.51,LAGGING,False,40,"[{'high_date': '2025-01-31', 'high': 6004.35, 'low_date': '2025-02-17', 'low': 5384.07, 'pullback_pct': 10.33}, {'high_date': '2025-02-24', 'high': 5808.79, 'low_date': '2025-02-27', 'low': 4653.51, 'pullback_pct': 19.89}, {'high_date': '2025-03-19', 'high': 5408.14, 'low_date': '2025-03-21', 'low': 4964.52, 'pullback_pct': 8.2}, {'high_date': '2025-04-02', 'high': 5256.34, 'low_date': '2025-04-07', 'low': 4907.14, 'pullback_pct': 6.64}, {'high_date': '2025-06-11', 'high': 6132.18, 'low_date': '2025-06-19', 'low': 5789.6, 'pullback_pct': 5.59}, {'high_date': '2025-07-21', 'high': 7042.0, 'low_date': '2025-08-01', 'low': 6698.0, 'pullback_pct': 4.88}, {'high_date': '2025-09-22', 'high': 7657.0, 'low_date': '2025-09-29', 'low': 7278.0, 'pullback_pct': 4.95}, {'high_date': '2025-10-30', 'high': 7845.0, 'low_date': '2025-12-08', 'low': 7025.0, 'pullback_pct': 10.45}]",7845.0,False,46.0,7339.5,7217.4,1.66,7705.8,4.99,3.0,no valid VCP base
BHARTIHEXA,None,None,8,2,5,False,"T1_above_ma150_200,T5_above_ma50,T8_rs_rank",37.1,13.9,98.76,IMPROVING,False,40,"[{'high_date': '2025-02-04', 'high': 1372.54, 'low_date': '2025-02-06', 'low': 1303.22, 'pullback_pct': 5.05}, {'high_date': '2025-02-07', 'high': 1457.77, 'low_date': '2025-02-25', 'low': 1239.77, 'pullback_pct': 14.95}, {'high_date': '2025-03-11', 'high': 1441.71, 'low_date': '2025-03-19', 'low': 1315.2, 'pullback_pct': 8.77}, {'high_date': '2025-03-26', 'high': 1466.82, 'low_date': '2025-04-07', 'low': 1392.43, 'pullback_pct': 5.07}, {'high_date': '2025-05-12', 'high': 1748.67, 'low_date': '2025-05-16', 'low': 1659.56, 'pullback_pct': 5.1}, {'high_date': '2025-06-03', 'high': 1876.86, 'low_date': '2025-06-17', 'low': 1729.67, 'pullback_pct': 7.84}, {'high_date': '2025-07-01', 'high': 1973.73, 'low_date': '2025-07-14', 'low': 1752.25, 'pullback_pct': 11.22}, {'high_date': '2025-08-04', 'high': 1859.0, 'low_date': '2025-08-13', 'low': 1697.6, 'pullback_pct': 8.68}, {'high_date': '2025-08-22', 'high': 1859.6, 'low_date': '2025-09-29', 'low': 1630.5, 'pullback_pct': 12.32}, {'high_date': '2025-10-29', 'high': 1914.3, 'low_date': '2025-11-07', 'low': 1761.8, 'pullback_pct': 7.97}, {'high_date': '2025-11-20', 'high': 1836.1, 'low_date': '2025-12-10', 'low': 1670.0, 'pullback_pct': 9.05}]",1836.1,False,25.0,1700.3,1689.21,0.65,1733.56,1.96,3.0,no valid VCP base
KAYNES,None,None,6,4,2,False,"T1_above_ma150_200,T4_ma50_above_med,T5_above_ma50,T6_25pct_above_low,T7_within_25pct_high,T8_rs_rank",10.3,44.8,73.92,LAGGING,False,30,"[{'high_date': '2025-01-24', 'high': 5628.5, 'low_date': '2025-01-28', 'low': 4661.35, 'pullback_pct': 17.18}, {'high_date': '2025-01-29', 'high': 4955.45, 'low_date': '2025-02-18', 'low': 3951.7, 'pullback_pct': 20.26}, {'high_date': '2025-02-21', 'high': 4367.7, 'low_date': '2025-02-27', 'low': 4031.4, 'pullback_pct': 7.7}, {'high_date': '2025-03-07', 'high': 4457.05, 'low_date': '2025-03-13', 'low': 4243.9, 'pullback_pct': 4.78}, {'high_date': '2025-03-24', 'high': 5036.4, 'low_date': '2025-03-28', 'low': 4747.35, 'pullback_pct': 5.74}, {'high_date': '2025-04-02', 'high': 5036.95, 'low_date': '2025-04-07', 'low': 4439.3, 'pullback_pct': 11.87}, {'high_date': '2025-04-22', 'high': 5979.3, 'low_date': '2025-04-25', 'low': 5573.9, 'pullback_pct': 6.78}, {'high_date': '2025-04-29', 'high': 5914.7, 'low_date': '2025-05-06', 'low': 5623.0, 'pullback_pct': 4.93}, {'high_date': '2025-05-14', 'high': 6322.5, 'low_date': '2025-06-13', 'low': 5475.5, 'pullback_pct': 13.4}, {'high_date': '2025-07-02', 'high': 6286.5, 'low_date': '2025-07-28', 'low': 5517.0, 'pullback_pct': 12.24}, {'high_date': '2025-08-01', 'high': 6371.5, 'low_date': '2025-08-12', 'low': 5808.5, 'pullback_pct': 8.84}, {'high_date': '2025-09-25', 'high': 7503.0, 'low_date': '2025-09-29', 'low': 7050.5, 'pullback_pct': 6.03}, {'high_date': '2025-10-07', 'high': 7593.0, 'low_date': '2025-11-07', 'low': 6225.0, 'pullback_pct': 18.02}, {'high_date': '2025-11-10', 'high': 6482.0, 'low_date': '2025-12-08', 'low': 3807.0, 'pullback_pct': 41.27}, {'high_date': '2025-12-09', 'high': 4331.0, 'low_date': '2025-12-10', 'low': 3890.5, 'pullback_pct': 10.17}]",4331.0,False,6.0,4197.5,3984.52,5.07,4836.44,15.22,3.0,no valid VCP base
ADANIGREEN,None,None,6,2,6,False,"T5_above_ma50,T8_rs_rank",36.3,14.0,97.07,LAGGING,False,30,"[{'high_date': '2025-02-05', 'high': 1017.8, 'low_date': '2025-03-04', 'low': 768.55, 'pullback_pct': 24.49}, {'high_date': '2025-03-21', 'high': 954.25, 'low_date': '2025-03-26', 'low': 912.1, 'pullback_pct': 4.42}, {'high_date': '2025-03-27', 'high': 959.9, 'low_date': '2025-04-09', 'low': 860.75, 'pullback_pct': 10.33}, {'high_date': '2025-04-24', 'high': 968.95, 'low_date': '2025-04-30', 'low': 900.7, 'pullback_pct': 7.04}, {'high_date': '2025-05-05', 'high': 965.7, 'low_date': '2025-05-09', 'low': 879.45, 'pullback_pct': 8.93}, {'high_date': '2025-06-10', 'high': 1060.5, 'low_date': '2025-06-19', 'low': 934.0, 'pullback_pct': 11.93}, {'high_date': '2025-07-17', 'high': 1050.1, 'low_date': '2025-07-25', 'low': 975.9, 'pullback_pct': 7.07}, {'high_date': '2025-07-29', 'high': 1015.6, 'low_date': '2025-08-08', 'low': 914.05, 'pullback_pct': 10.0}, {'high_date': '2025-08-20', 'high': 975.95, 'low_date': '2025-08-29', 'low': 913.5, 'pullback_pct': 6.4}, {'high_date': '2025-09-22', 'high': 1152.15, 'low_date': '2025-09-30', 'low': 1026.85, 'pullback_pct': 10.88}, {'high_date': '2025-10-03', 'high': 1070.3, 'low_date': '2025-10-28', 'low': 1004.2, 'pullback_pct': 6.18}, {'high_date': '2025-10-30', 'high': 1140.1, 'low_date': '2025-11-10', 'low': 1041.3, 'pullback_pct': 8.67}, {'high_date': '2025-11-17', 'high': 1088.6, 'low_date': '2025-12-10', 'low': 989.8, 'pullback_pct': 9.08}]",1088.6,False,28.0,1047.6,1006.21,3.95,1171.77,11.85,3.0,no valid VCP base
ABREL,None,None,6,4,2,False,"T1_above_ma150_200,T3_ma200_uptrend,T4_ma50_above_med,T6_25pct_above_low,T7_within_25pct_high,T8_rs_rank",9.7,37.9,99.06,IMPROVING,False,30,"[{'high_date': '2025-02-06', 'high': 2281.95, 'low_date': '2025-02-27', 'low': 1845.34, 'pullback_pct': 19.13}, {'high_date': '2025-03-04', 'high': 1999.31, 'low_date': '2025-03-17', 'low': 1758.27, 'pullback_pct': 12.06}, {'high_date': '2025-03-24', 'high': 2049.66, 'low_date': '2025-03-27', 'low': 1877.67, 'pullback_pct': 8.39}, {'high_date': '2025-04-01', 'high': 1968.38, 'low_date': '2025-04-09', 'low': 1712.36, 'pullback_pct': 13.01}, {'high_date': '2025-04-23', 'high': 2012.99, 'low_date': '2025-05-09', 'low': 1831.56, 'pullback_pct': 9.01}, {'high_date': '2025-05-29', 'high': 2259.37, 'low_date': '2025-06-03', 'low': 2134.89, 'pullback_pct': 5.51}, {'high_date': '2025-06-16', 'high': 2499.86, 'low_date': '2025-06-26', 'low': 2332.41, 'pullback_pct': 6.7}, {'high_date': '2025-06-30', 'high': 2433.62, 'low_date': '2025-08-13', 'low': 1766.1, 'pullback_pct': 27.43}, {'high_date': '2025-08-19', 'high': 1854.6, 'low_date': '2025-08-28', 'low': 1747.2, 'pullback_pct': 5.79}, {'high_date': '2025-09-17', 'high': 1931.1, 'low_date': '2025-10-06', 'low': 1568.7, 'pullback_pct': 18.77}, {'high_date': '2025-10-30', 'high': 1890.4, 'low_date': '2025-11-10', 'low': 1735.7, 'pullback_pct': 8.18}, {'high_date': '2025-11-19', 'high': 1805.3, 'low_date': '2025-12-09', 'low': 1632.1, 'pullback_pct': 9.59}]",1805.3,False,26.0,1721.5,1660.88,3.52,1903.37,10.56,3.0,no valid VCP base
AARTIIND,None,None,6,4,2,False,"T1_above_ma150_200,T3_ma200_uptrend,T4_ma50_above_med,T5_above_ma50,T6_25pct_above_low,T8_rs_rank",7.6,22.5,96.35,IMPROVING,False,30,"[{'high_date': '2025-02-06', 'high': 468.7, 'low_date': '2025-02-28', 'low': 375.0, 'pullback_pct': 19.99}, {'high_date': '2025-03-06', 'high': 409.81, 'low_date': '2025-03-13', 'low': 381.73, 'pullback_pct': 6.85}, {'high_date': '2025-03-24', 'high': 407.31, 'low_date': '2025-04-07', 'low': 354.16, 'pullback_pct': 13.05}, {'high_date': '2025-04-24', 'high': 441.17, 'low_date': '2025-04-30', 'low': 420.13, 'pullback_pct': 4.77}, {'high_date': '2025-05-19', 'high': 485.46, 'low_date': '2025-06-19', 'low': 436.24, 'pullback_pct': 10.14}, {'high_date': '2025-07-01', 'high': 483.16, 'low_date': '2025-07-22', 'low': 421.83, 'pullback_pct': 12.69}, {'high_date': '2025-07-30', 'high': 444.32, 'low_date': '2025-08-12', 'low': 371.06, 'pullback_pct': 16.49}, {'high_date': '2025-08-20', 'high': 393.9, 'low_date': '2025-08-29', 'low': 376.1, 'pullback_pct': 4.52}, {'high_date': '2025-09-19', 'high': 393.2, 'low_date': '2025-10-15', 'low': 371.8, 'pullback_pct': 5.44}, {'high_date': '2025-11-12', 'high': 397.1, 'low_date': '2025-12-09', 'low': 349.7, 'pullback_pct': 11.94}]",397.1,False,33.0,376.3,365.33,2.91,409.2,8.74,3.0,no valid VCP base
AMBUJACEM,None,None,6,4,3,False,"T1_above_ma150_200,T4_ma50_above_med,T5_above_ma50,T6_25pct_above_low,T8_rs_rank",19.5,10.8,95.91,LAGGING,False,30,"[{'high_date': '2025-01-24', 'high': 549.79, 'low_date': '2025-02-03', 'low': 493.34, 'pullback_pct': 10.27}, {'high_date': '2025-02-05', 'high': 519.9, 'low_date': '2025-02-28', 'low': 463.25, 'pullback_pct': 10.89}, {'high_date': '2025-04-21', 'high': 576.79, 'low_date': '2025-05-08', 'low': 522.49, 'pullback_pct': 9.41}, {'high_date': '2025-05-23', 'high': 568.82, 'low_date': '2025-06-19', 'low': 532.8, 'pullback_pct': 6.33}, {'high_date': '2025-07-22', 'high': 620.55, 'low_date': '2025-09-11', 'low': 560.4, 'pullback_pct': 9.69}, {'high_date': '2025-09-23', 'high': 591.6, 'low_date': '2025-10-28', 'low': 554.9, 'pullback_pct': 6.2}, {'high_date': '2025-11-03', 'high': 577.2, 'low_date': '2025-12-08', 'low': 528.95, 'pullback_pct': 8.36}]",577.2,False,42.0,553.45,538.32,2.73,598.85,8.2,3.0,no valid VCP base
JSL,None,None,6,2,7,False,T8_rs_rank,55.9,1.8,99.48,LAGGING,False,30,"[{'high_date': '2025-01-31', 'high': 649.78, 'low_date': '2025-02-03', 'low': 591.8, 'pullback_pct': 8.92}, {'high_date': '2025-02-07', 'high': 639.65, 'low_date': '2025-02-18', 'low': 580.53, 'pullback_pct': 9.24}, {'high_date': '2025-02-21', 'high': 623.21, 'low_date': '2025-02-28', 'low': 582.62, 'pullback_pct': 6.51}, {'high_date': '2025-03-19', 'high': 652.85, 'low_date': '2025-04-09', 'low': 510.64, 'pullback_pct': 21.78}, {'high_date': '2025-06-10', 'high': 723.33, 'low_date': '2025-06-19', 'low': 654.74, 'pullback_pct': 9.48}, {'high_date': '2025-07-01', 'high': 704.3, 'low_date': '2025-07-25', 'low': 653.55, 'pullback_pct': 7.21}, {'high_date': '2025-08-06', 'high': 731.2, 'low_date': '2025-08-11', 'low': 675.71, 'pullback_pct': 7.59}, {'high_date': '2025-08-28', 'high': 805.45, 'low_date': '2025-09-04', 'low': 745.98, 'pullback_pct': 7.38}, {'high_date': '2025-09-10', 'high': 777.34, 'low_date': '2025-09-12', 'low': 740.03, 'pullback_pct': 4.8}, {'high_date': '2025-09-23', 'high': 800.01, 'low_date': '2025-09-29', 'low': 736.79, 'pullback_pct': 7.9}, {'high_date': '2025-10-03', 'high': 787.28, 'low_date': '2025-10-08', 'low': 752.67, 'pullback_pct': 4.4}, {'high_date': '2025-10-27', 'high': 810.3, 'low_date': '2025-11-10', 'low': 721.86, 'pullback_pct': 10.91}]",810.3,False,49.0,796.06,767.66,3.57,881.27,10.7,3.0,no valid VCP base
LLOYDSME,None,None,6,3,5,False,"T1_above_ma150_200,T4_ma50_above_med,T8_rs_rank",32.8,18.9,95.71,IMPROVING,False,30,"[{'high_date': '2025-02-07', 'high': 1221.94, 'low_date': '2025-02-11', 'low': 1137.05, 'pullback_pct': 6.95}, {'high_date': '2025-02-13', 'high': 1191.31, 'low_date': '2025-02-17', 'low': 1128.91, 'pullback_pct': 5.24}, {'high_date': '2025-02-21', 'high': 1192.66, 'low_date': '2025-03-04', 'low': 969.88, 'pullback_pct': 18.68}, {'high_date': '2025-04-02', 'high': 1328.81, 'low_date': '2025-04-07', 'low': 1117.46, 'pullback_pct': 15.9}, {'high_date': '2025-04-24', 'high': 1325.81, 'low_date': '2025-05-09', 'low': 1174.62, 'pullback_pct': 11.4}, {'high_date': '2025-05-29', 'high': 1413.5, 'low_date': '2025-06-02', 'low': 1353.5, 'pullback_pct': 4.24}, {'high_date': '2025-06-05', 'high': 1527.6, 'low_date': '2025-06-06', 'low': 1458.9, 'pullback_pct': 4.5}, {'high_date': '2025-06-30', 'high': 1588.9, 'low_date': '2025-07-17', 'low': 1472.1, 'pullback_pct': 7.35}, {'high_date': '2025-07-24', 'high': 1533.4, 'low_date': '2025-09-30', 'low': 1225.0, 'pullback_pct': 20.11}, {'high_date': '2025-10-21', 'high': 1350.6, 'low_date': '2025-11-25', 'low': 1188.8, 'pullback_pct': 11.98}]",1350.6,False,55.0,1288.0,1242.55,3.53,1424.34,10.59,3.0,no valid VCP base
SCHNEIDER,None,None,6,3,3,False,"T1_above_ma150_200,T4_ma50_above_med,T5_above_ma50,T7_within_25pct_high,T8_rs_rank",29.7,30.8,88.73,LAGGING,False,30,"[{'high_date': '2025-01-31', 'high': 682.8, 'low_date': '2025-02-03', 'low': 637.3, 'pullback_pct': 6.66}, {'high_date': '2025-02-12', 'high': 685.55, 'low_date': '2025-02-18', 'low': 608.7, 'pullback_pct': 11.21}, {'high_date': '2025-02-25', 'high': 656.0, 'low_date': '2025-03-03', 'low': 600.25, 'pullback_pct': 8.5}, {'high_date': '2025-03-06', 'high': 637.05, 'low_date': '2025-03-11', 'low': 602.7, 'pullback_pct': 5.39}, {'high_date': '2025-03-24', 'high': 702.75, 'low_date': '2025-04-09', 'low': 563.75, 'pullback_pct': 19.78}, {'high_date': '2025-04-21', 'high': 627.7, 'low_date': '2025-05-09', 'low': 550.95, 'pullback_pct': 12.23}, {'high_date': '2025-06-06', 'high': 792.4, 'low_date': '2025-06-13', 'low': 724.7, 'pullback_pct': 8.54}, {'high_date': '2025-07-23', 'high': 937.95, 'low_date': '2025-07-28', 'low': 891.85, 'pullback_pct': 4.91}, {'high_date': '2025-08-05', 'high': 1032.4, 'low_date': '2025-08-12', 'low': 844.1, 'pullback_pct': 18.24}, {'high_date': '2025-08-13', 'high': 886.3, 'low_date': '2025-08-20', 'low': 839.3, 'pullback_pct': 5.3}, {'high_date': '2025-09-17', 'high': 912.9, 'low_date': '2025-09-30', 'low': 820.6, 'pullback_pct': 10.11}, {'high_date': '2025-10-03', 'high': 855.7, 'low_date': '2025-10-23', 'low': 811.4, 'pullback_pct': 5.18}, {'high_date': '2025-11-04', 'high': 889.95, 'low_date': '2025-11-25', 'low': 714.05, 'pullback_pct': 19.77}, {'high_date': '2025-12-03', 'high': 773.8, 'low_date': '2025-12-11', 'low': 709.2, 'pullback_pct': 8.35}]",773.8,False,12.0,714.8,711.9,0.41,723.51,1.22,3.0,no valid VCP base
NYKAA,None,None,6,2,6,False,"T5_above_ma50,T8_rs_rank",58.4,7.2,101.08,WEAKENING,False,30,"[{'high_date': '2025-02-04', 'high': 178.98, 'low_date': '2025-02-28', 'low': 158.8, 'pullback_pct': 11.27}, {'high_date': '2025-04-02', 'high': 179.89, 'low_date': '2025-04-07', 'low': 171.3, 'pullback_pct': 4.78}, {'high_date': '2025-05-29', 'high': 204.51, 'low_date': '2025-06-19', 'low': 193.99, 'pullback_pct': 5.14}, {'high_date': '2025-07-02', 'high': 211.59, 'low_date': '2025-07-04', 'low': 198.23, 'pullback_pct': 6.31}, {'high_date': '2025-07-14', 'high': 220.03, 'low_date': '2025-08-08', 'low': 202.13, 'pullback_pct': 8.14}, {'high_date': '2025-09-08', 'high': 247.28, 'low_date': '2025-09-26', 'low': 230.62, 'pullback_pct': 6.74}, {'high_date': '2025-10-10', 'high': 265.19, 'low_date': '2025-11-07', 'low': 245.87, 'pullback_pct': 7.29}, {'high_date': '2025-11-24', 'high': 271.16, 'low_date': '2025-12-10', 'low': 247.05, 'pullback_pct': 8.89}]",271.16,False,21.0,251.6,249.47,0.85,258.0,2.54,3.0,no valid VCP base
CAPLIPOINT,None,None,6,4,2,False,"T1_above_ma150_200,T3_ma200_uptrend,T4_ma50_above_med,T5_above_ma50,T6_25pct_above_low,T8_rs_rank",14.4,24.6,95.33,LAGGING,False,30,"[{'high_date': '2025-02-07', 'high': 2211.21, 'low_date': '2025-02-14', 'low': 1910.73, 'pullback_pct': 13.59}, {'high_date': '2025-02-20', 'high': 2044.06, 'low_date': '2025-03-03', 'low': 1718.3, 'pullback_pct': 15.94}, {'high_date': '2025-03-07', 'high': 1937.45, 'low_date': '2025-03-13', 'low': 1836.93, 'pullback_pct': 5.19}, {'high_date': '2025-03-25', 'high': 2050.69, 'low_date': '2025-04-09', 'low': 1709.13, 'pullback_pct': 16.66}, {'high_date': '2025-04-16', 'high': 1966.42, 'low_date': '2025-04-25', 'low': 1801.77, 'pullback_pct': 8.37}, {'high_date': '2025-05-22', 'high': 2282.26, 'low_date': '2025-06-10', 'low': 2028.58, 'pullback_pct': 11.12}, {'high_date': '2025-06-13', 'high': 2137.43, 'low_date': '2025-06-23', 'low': 2019.79, 'pullback_pct': 5.5}, {'high_date': '2025-06-30', 'high': 2114.76, 'low_date': '2025-07-02', 'low': 1979.64, 'pullback_pct': 6.39}, {'high_date': '2025-07-30', 'high': 2142.92, 'low_date': '2025-08-06', 'low': 1927.01, 'pullback_pct': 10.08}, {'high_date': '2025-08-21', 'high': 2208.14, 'low_date': '2025-08-26', 'low': 2081.71, 'pullback_pct': 5.73}, {'high_date': '2025-09-19', 'high': 2343.0, 'low_date': '2025-09-30', 'low': 1966.1, 'pullback_pct': 16.09}, {'high_date': '2025-10-01', 'high': 2058.5, 'low_date': '2025-12-03', 'low': 1888.2, 'pullback_pct': 8.27}]",2058.5,False,75.0,1955.6,1893.82,3.16,2140.94,9.48,3.0,no valid VCP base
BALRAMCHIN,None,None,6,4,1,False,"T1_above_ma150_200,T3_ma200_uptrend,T4_ma50_above_med,T5_above_ma50,T6_25pct_above_low,T7_within_25pct_high,T8_rs_rank",7.4,27.7,95.27,IMPROVING,False,30,"[{'high_date': '2025-01-29', 'high': 492.12, 'low_date': '2025-02-14', 'low': 426.02, 'pullback_pct': 13.43}, {'high_date': '2025-02-21', 'high': 476.69, 'low_date': '2025-03-04', 'low': 437.58, 'pullback_pct': 8.2}, {'high_date': '2025-04-03', 'high': 563.78, 'low_date': '2025-04-09', 'low': 516.74, 'pullback_pct': 8.34}, {'high_date': '2025-04-24', 'high': 596.08, 'low_date': '2025-05-09', 'low': 521.5, 'pullback_pct': 12.51}, {'high_date': '2025-06-11', 'high': 616.53, 'low_date': '2025-07-01', 'low': 581.59, 'pullback_pct': 5.67}, {'high_date': '2025-07-15', 'high': 618.12, 'low_date': '2025-08-08', 'low': 541.1, 'pullback_pct': 12.46}, {'high_date': '2025-08-25', 'high': 585.81, 'low_date': '2025-08-29', 'low': 532.17, 'pullback_pct': 9.16}, {'high_date': '2025-09-02', 'high': 562.59, 'low_date': '2025-09-29', 'low': 448.11, 'pullback_pct': 20.35}, {'high_date': '2025-10-07', 'high': 477.73, 'low_date': '2025-11-07', 'low': 429.3, 'pullback_pct': 10.14}, {'high_date': '2025-11-17', 'high': 471.9, 'low_date': '2025-12-09', 'low': 416.35, 'pullback_pct': 11.77}]",471.9,False,28.0,447.05,434.15,2.89,485.76,8.66,3.0,no valid VCP base
MSUMI,None,None,6,2,6,False,"T5_above_ma50,T8_rs_rank",49.0,8.2,98.66,LAGGING,False,30,"[{'high_date': '2025-02-04', 'high': 37.42, 'low_date': '2025-02-28', 'low': 30.86, 'pullback_pct': 17.53}, {'high_date': '2025-03-24', 'high': 36.74, 'low_date': '2025-04-07', 'low': 33.3, 'pullback_pct': 9.35}, {'high_date': '2025-06-10', 'high': 41.4, 'low_date': '2025-06-19', 'low': 39.23, 'pullback_pct': 5.25}, {'high_date': '2025-07-21', 'high': 43.81, 'low_date': '2025-07-31', 'low': 37.1, 'pullback_pct': 15.32}, {'high_date': '2025-08-05', 'high': 39.35, 'low_date': '2025-08-13', 'low': 37.66, 'pullback_pct': 4.29}, {'high_date': '2025-09-12', 'high': 50.09, 'low_date': '2025-10-14', 'low': 44.05, 'pullback_pct': 12.06}, {'high_date': '2025-10-29', 'high': 47.82, 'low_date': '2025-11-10', 'low': 45.87, 'pullback_pct': 4.08}, {'high_date': '2025-11-20', 'high': 49.05, 'low_date': '2025-12-10', 'low': 44.51, 'pullback_pct': 9.26}]",49.05,False,25.0,45.97,45.13,1.84,48.5,5.51,3.0,no valid VCP base
NATCOPHARM,None,None,6,2,4,False,"T3_ma200_uptrend,T4_ma50_above_med,T6_25pct_above_low,T7_within_25pct_high",21.8,38.3,105.48,LEADING,False,30,"[{'high_date': '2025-02-06', 'high': 1318.05, 'low_date': '2025-02-28', 'low': 766.25, 'pullback_pct': 41.87}, {'high_date': '2025-03-07', 'high': 820.23, 'low_date': '2025-03-13', 'low': 776.34, 'pullback_pct': 5.35}, {'high_date': '2025-04-03', 'high': 831.72, 'low_date': '2025-04-09', 'low': 742.19, 'pullback_pct': 10.76}, {'high_date': '2025-04-24', 'high': 897.63, 'low_date': '2025-05-08', 'low': 797.86, 'pullback_pct': 11.11}, {'high_date': '2025-06-11', 'high': 928.7, 'low_date': '2025-06-23', 'low': 864.18, 'pullback_pct': 6.95}, {'high_date': '2025-07-09', 'high': 1011.87, 'low_date': '2025-07-11', 'low': 956.24, 'pullback_pct': 5.5}, {'high_date': '2025-07-18', 'high': 1029.12, 'low_date': '2025-09-09', 'low': 838.31, 'pullback_pct': 18.54}, {'high_date': '2025-09-18', 'high': 881.21, 'low_date': '2025-09-29', 'low': 792.62, 'pullback_pct': 10.05}, {'high_date': '2025-10-10', 'high': 842.84, 'low_date': '2025-11-11', 'low': 790.18, 'pullback_pct': 6.25}, {'high_date': '2025-11-20', 'high': 867.83, 'low_date': '2025-11-25', 'low': 832.59, 'pullback_pct': 4.06}, {'high_date': '2025-11-26', 'high': 925.83, 'low_date': '2025-11-28', 'low': 875.76, 'pullback_pct': 5.41}, {'high_date': '2025-12-04', 'high': 947.64, 'low_date': '2025-12-10', 'low': 866.03, 'pullback_pct': 8.61}]",947.64,False,11.0,903.67,871.83,3.52,999.17,10.57,3.0,no valid VCP base
OIL,None,None,6,3,3,False,"T1_above_ma150_200,T4_ma50_above_med,T5_above_ma50,T6_25pct_above_low,T8_rs_rank",19.5,15.5,97.85,IMPROVING,False,30,"[{'high_date': '2025-01-31', 'high': 402.04, 'low_date': '2025-02-03', 'low': 377.51, 'pullback_pct': 6.1}, {'high_date': '2025-02-05', 'high': 412.7, 'low_date': '2025-02-14', 'low': 378.99, 'pullback_pct': 8.17}, {'high_date': '2025-02-20', 'high': 394.86, 'low_date': '2025-03-03', 'low': 332.56, 'pullback_pct': 15.78}, {'high_date': '2025-03-24', 'high': 387.51, 'low_date': '2025-04-07', 'low': 334.12, 'pullback_pct': 13.78}, {'high_date': '2025-05-29', 'high': 432.43, 'low_date': '2025-06-03', 'low': 407.02, 'pullback_pct': 5.88}, {'high_date': '2025-06-16', 'high': 468.06, 'low_date': '2025-06-27', 'low': 421.87, 'pullback_pct': 9.87}, {'high_date': '2025-07-03', 'high': 440.9, 'low_date': '2025-07-11', 'low': 420.8, 'pullback_pct': 4.56}, {'high_date': '2025-07-23', 'high': 441.34, 'low_date': '2025-07-28', 'low': 414.96, 'pullback_pct': 5.98}, {'high_date': '2025-07-30', 'high': 432.97, 'low_date': '2025-08-29', 'low': 379.92, 'pullback_pct': 12.25}, {'high_date': '2025-11-12', 'high': 431.02, 'low_date': '2025-12-10', 'low': 393.83, 'pullback_pct': 8.63}]",431.02,False,33.0,397.47,396.54,0.23,400.27,0.7,3.0,no valid VCP base
GRASIM,None,None,6,2,6,False,"T6_25pct_above_low,T8_rs_rank",23.7,4.7,98.08,LAGGING,False,30,"[{'high_date': '2025-01-31', 'high': 2499.76, 'low_date': '2025-02-28', 'low': 2298.29, 'pullback_pct': 8.06}, {'high_date': '2025-04-03', 'high': 2642.29, 'low_date': '2025-04-07', 'low': 2500.01, 'pullback_pct': 5.38}, {'high_date': '2025-04-17', 'high': 2750.69, 'low_date': '2025-05-09', 'low': 2625.25, 'pullback_pct': 4.56}, {'high_date': '2025-05-15', 'high': 2814.56, 'low_date': '2025-06-02', 'low': 2514.95, 'pullback_pct': 10.65}, {'high_date': '2025-06-26', 'high': 2872.85, 'low_date': '2025-08-08', 'low': 2681.84, 'pullback_pct': 6.65}, {'high_date': '2025-08-21', 'high': 2881.2, 'low_date': '2025-09-26', 'low': 2746.8, 'pullback_pct': 4.66}, {'high_date': '2025-10-29', 'high': 2958.7, 'low_date': '2025-11-25', 'low': 2686.8, 'pullback_pct': 9.19}]",2958.7,False,47.0,2821.0,2759.92,2.17,3004.25,6.5,3.0,no valid VCP base
NBCC,None,None,6,2,7,False,T8_rs_rank,59.2,9.9,99.57,IMPROVING,False,30,"[{'high_date': '2025-01-31', 'high': 98.54, 'low_date': '2025-02-03', 'low': 89.59, 'pullback_pct': 9.09}, {'high_date': '2025-02-05', 'high': 93.87, 'low_date': '2025-02-18', 'low': 77.29, 'pullback_pct': 17.67}, {'high_date': '2025-02-20', 'high': 82.18, 'low_date': '2025-02-28', 'low': 72.39, 'pullback_pct': 11.91}, {'high_date': '2025-03-24', 'high': 84.81, 'low_date': '2025-03-26', 'low': 80.55, 'pullback_pct': 5.03}, {'high_date': '2025-04-03', 'high': 83.86, 'low_date': '2025-04-07', 'low': 78.95, 'pullback_pct': 5.86}, {'high_date': '2025-04-23', 'high': 100.16, 'low_date': '2025-05-09', 'low': 91.62, 'pullback_pct': 8.52}, {'high_date': '2025-05-19', 'high': 115.18, 'low_date': '2025-05-20', 'low': 110.17, 'pullback_pct': 4.35}, {'high_date': '2025-06-09', 'high': 127.87, 'low_date': '2025-06-19', 'low': 113.55, 'pullback_pct': 11.2}, {'high_date': '2025-06-25', 'high': 124.09, 'low_date': '2025-08-29', 'low': 97.96, 'pullback_pct': 21.06}, {'high_date': '2025-09-22', 'high': 114.59, 'low_date': '2025-09-26', 'low': 104.85, 'pullback_pct': 8.5}, {'high_date': '2025-10-30', 'high': 118.0, 'low_date': '2025-11-13', 'low': 108.64, 'pullback_pct': 7.93}, {'high_date': '2025-11-26', 'high': 118.36, 'low_date': '2025-12-10', 'low': 106.55, 'pullback_pct': 9.97}]",118.36,False,19.0,115.24,110.47,4.14,129.56,12.42,3.0,no valid VCP base
KALYANKJIL,None,None,6,4,1,False,"T1_above_ma150_200,T3_ma200_uptrend,T4_ma50_above_med,T5_above_ma50,T6_25pct_above_low,T7_within_25pct_high,T8_rs_rank",18.2,38.9,98.24,IMPROVING,False,30,"[{'high_date': '2025-02-05', 'high': 566.19, 'low_date': '2025-03-03', 'low': 439.16, 'pullback_pct': 22.44}, {'high_date': '2025-03-05', 'high': 466.09, 'low_date': '2025-03-10', 'low': 406.31, 'pullback_pct': 12.82}, {'high_date': '2025-03-24', 'high': 488.42, 'low_date': '2025-04-01', 'low': 456.71, 'pullback_pct': 6.49}, {'high_date': '2025-04-02', 'high': 509.61, 'low_date': '2025-04-07', 'low': 484.88, 'pullback_pct': 4.85}, {'high_date': '2025-04-23', 'high': 536.43, 'low_date': '2025-04-25', 'low': 499.79, 'pullback_pct': 6.83}, {'high_date': '2025-05-05', 'high': 529.25, 'low_date': '2025-05-06', 'low': 500.78, 'pullback_pct': 5.38}, {'high_date': '2025-05-28', 'high': 568.94, 'low_date': '2025-06-19', 'low': 509.56, 'pullback_pct': 10.44}, {'high_date': '2025-07-24', 'high': 611.21, 'low_date': '2025-08-26', 'low': 496.95, 'pullback_pct': 18.69}, {'high_date': '2025-09-17', 'high': 522.8, 'low_date': '2025-09-29', 'low': 448.3, 'pullback_pct': 14.25}, {'high_date': '2025-10-03', 'high': 492.15, 'low_date': '2025-10-14', 'low': 469.45, 'pullback_pct': 4.61}, {'high_date': '2025-11-04', 'high': 522.6, 'low_date': '2025-11-25', 'low': 482.8, 'pullback_pct': 7.62}, {'high_date': '2025-12-01', 'high': 506.95, 'low_date': '2025-12-10', 'low': 460.7, 'pullback_pct': 9.12}]",506.95,False,14.0,480.1,466.39,2.85,521.22,8.56,3.0,no valid VCP base
TATAPOWER,None,None,6,4,3,False,"T1_above_ma150_200,T4_ma50_above_med,T5_above_ma50,T6_25pct_above_low,T8_rs_rank",13.9,11.7,97.1,LAGGING,False,30,"[{'high_date': '2025-02-01', 'high': 366.24, 'low_date': '2025-02-14', 'low': 335.18, 'pullback_pct': 8.48}, {'high_date': '2025-02-20', 'high': 355.86, 'low_date': '2025-02-28', 'low': 337.22, 'pullback_pct': 5.24}, {'high_date': '2025-04-03', 'high': 383.39, 'low_date': '2025-04-07', 'low': 352.77, 'pullback_pct': 7.99}, {'high_date': '2025-04-24', 'high': 393.53, 'low_date': '2025-05-08', 'low': 367.98, 'pullback_pct': 6.49}, {'high_date': '2025-05-19', 'high': 405.71, 'low_date': '2025-06-03', 'low': 389.21, 'pullback_pct': 4.07}, {'high_date': '2025-06-10', 'high': 410.78, 'low_date': '2025-06-19', 'low': 382.3, 'pullback_pct': 6.93}, {'high_date': '2025-07-16', 'high': 414.7, 'low_date': '2025-08-28', 'low': 371.1, 'pullback_pct': 10.51}, {'high_date': '2025-10-29', 'high': 410.7, 'low_date': '2025-12-08', 'low': 374.15, 'pullback_pct': 8.9}]",410.7,False,47.0,381.65,377.84,1.0,393.07,2.99,3.0,no valid VCP base
GLAXO,None,None,6,4,3,False,"T1_above_ma150_200,T4_ma50_above_med,T5_above_ma50,T7_within_25pct_high,T8_rs_rank",33.5,25.6,95.14,IMPROVING,False,30,"[{'high_date': '2025-02-06', 'high': 2231.56, 'low_date': '2025-02-13', 'low': 1973.08, 'pullback_pct': 11.58}, {'high_date': '2025-02-24', 'high': 2604.2, 'low_date': '2025-02-28', 'low': 2443.49, 'pullback_pct': 6.17}, {'high_date': '2025-03-21', 'high': 2897.87, 'low_date': '2025-04-07', 'low': 2541.17, 'pullback_pct': 12.31}, {'high_date': '2025-04-16', 'high': 2889.23, 'low_date': '2025-04-25', 'low': 2766.63, 'pullback_pct': 4.24}, {'high_date': '2025-04-30', 'high': 2926.45, 'low_date': '2025-05-12', 'low': 2686.47, 'pullback_pct': 8.2}, {'high_date': '2025-06-05', 'high': 3466.2, 'low_date': '2025-06-23', 'low': 3171.4, 'pullback_pct': 8.5}, {'high_date': '2025-06-27', 'high': 3439.6, 'low_date': '2025-08-12', 'low': 2588.7, 'pullback_pct': 24.74}, {'high_date': '2025-09-11', 'high': 2863.8, 'low_date': '2025-09-30', 'low': 2659.7, 'pullback_pct': 7.13}, {'high_date': '2025-10-10', 'high': 2767.4, 'low_date': '2025-11-11', 'low': 2476.3, 'pullback_pct': 10.52}]",2767.4,False,66.0,2578.1,2546.01,1.24,2674.38,3.73,3.0,no valid VCP base
FLUOROCHEM,None,None,6,3,1,False,"T1_above_ma150_200,T2_ma150_above_200,T3_ma200_uptrend,T4_ma50_above_med,T5_above_ma50,T6_25pct_above_low,T8_rs_rank",6.3,21.3,94.72,LAGGING,False,30,"[{'high_date': '2025-02-12', 'high': 3838.12, 'low_date': '2025-03-03', 'low': 3440.28, 'pullback_pct': 10.37}, {'high_date': '2025-03-28', 'high': 4019.68, 'low_date': '2025-04-07', 'low': 3668.15, 'pullback_pct': 8.75}, {'high_date': '2025-04-25', 'high': 3974.76, 'low_date': '2025-05-09', 'low': 3784.21, 'pullback_pct': 4.79}, {'high_date': '2025-05-22', 'high': 4029.72, 'low_date': '2025-05-30', 'low': 3550.5, 'pullback_pct': 11.89}, {'high_date': '2025-06-11', 'high': 3749.54, 'low_date': '2025-06-23', 'low': 3370.74, 'pullback_pct': 10.1}, {'high_date': '2025-06-30', 'high': 3627.93, 'low_date': '2025-07-11', 'low': 3380.73, 'pullback_pct': 6.81}, {'high_date': '2025-08-06', 'high': 3631.53, 'low_date': '2025-09-05', 'low': 3351.05, 'pullback_pct': 7.72}, {'high_date': '2025-09-22', 'high': 3888.7, 'low_date': '2025-10-06', 'low': 3643.3, 'pullback_pct': 6.31}, {'high_date': '2025-10-09', 'high': 3790.1, 'low_date': '2025-10-28', 'low': 3593.6, 'pullback_pct': 5.18}, {'high_date': '2025-10-31', 'high': 3743.6, 'low_date': '2025-11-11', 'low': 3488.2, 'pullback_pct': 6.82}, {'high_date': '2025-11-12', 'high': 3699.5, 'low_date': '2025-12-08', 'low': 3317.9, 'pullback_pct': 10.31}]",3699.5,False,33.0,3527.1,3403.54,3.5,3897.78,10.51,3.0,no valid VCP base
AXISBANK,None,None,5,2,7,False,T8_rs_rank,35.6,0.4,103.41,LEADING,False,25,"[{'high_date': '2025-03-25', 'high': 1117.59, 'low_date': '2025-04-07', 'low': 1047.06, 'pullback_pct': 6.31}, {'high_date': '2025-04-21', 'high': 1221.96, 'low_date': '2025-05-09', 'low': 1150.12, 'pullback_pct': 5.88}, {'high_date': '2025-05-26', 'high': 1214.16, 'low_date': '2025-06-05', 'low': 1158.01, 'pullback_pct': 4.62}, {'high_date': '2025-06-26', 'high': 1232.45, 'low_date': '2025-08-29', 'low': 1045.2, 'pullback_pct': 15.19}]",1232.45,True,172.0,1284.8,1257.35,2.14,1367.15,6.41,3.0,no valid VCP base
TATASTEEL,None,None,3,2,6,False,"T5_above_ma50,T8_rs_rank",43.9,6.7,96.44,LAGGING,False,15,"[{'high_date': '2025-02-07', 'high': 135.16, 'low_date': '2025-02-11', 'low': 127.14, 'pullback_pct': 5.93}, {'high_date': '2025-03-20', 'high': 155.42, 'low_date': '2025-04-09', 'low': 124.28, 'pullback_pct': 20.03}, {'high_date': '2025-05-29', 'high': 159.4, 'low_date': '2025-06-19', 'low': 151.0, 'pullback_pct': 5.27}, {'high_date': '2025-07-03', 'high': 165.91, 'low_date': '2025-08-01', 'low': 153.01, 'pullback_pct': 7.78}, {'high_date': '2025-08-20', 'high': 161.92, 'low_date': '2025-08-28', 'low': 153.63, 'pullback_pct': 5.12}, {'high_date': '2025-10-29', 'high': 185.19, 'low_date': '2025-12-09', 'low': 160.67, 'pullback_pct': 13.24}]",185.19,False,47.0,172.87,170.37,1.44,180.36,4.33,3.0,no valid VCP base
IRCON,None,None,3,4,1,False,"T1_above_ma150_200,T3_ma200_uptrend,T4_ma50_above_med,T5_above_ma50,T6_25pct_above_low,T7_within_25pct_high,T8_rs_rank",14.2,32.5,92.56,LAGGING,False,15,"[{'high_date': '2025-01-31', 'high': 216.14, 'low_date': '2025-02-18', 'low': 149.05, 'pullback_pct': 31.04}, {'high_date': '2025-02-19', 'high': 158.97, 'low_date': '2025-03-03', 'low': 138.65, 'pullback_pct': 12.78}, {'high_date': '2025-03-07', 'high': 149.88, 'low_date': '2025-03-17', 'low': 136.29, 'pullback_pct': 9.06}, {'high_date': '2025-03-24', 'high': 164.62, 'low_date': '2025-04-07', 'low': 142.15, 'pullback_pct': 13.65}, {'high_date': '2025-04-23', 'high': 163.84, 'low_date': '2025-05-09', 'low': 145.51, 'pullback_pct': 11.19}, {'high_date': '2025-05-19', 'high': 194.67, 'low_date': '2025-05-23', 'low': 181.46, 'pullback_pct': 6.78}, {'high_date': '2025-06-04', 'high': 217.47, 'low_date': '2025-06-19', 'low': 187.93, 'pullback_pct': 13.58}, {'high_date': '2025-06-27', 'high': 201.61, 'low_date': '2025-08-08', 'low': 162.44, 'pullback_pct': 19.43}, {'high_date': '2025-08-19', 'high': 169.69, 'low_date': '2025-08-29', 'low': 158.14, 'pullback_pct': 6.81}, {'high_date': '2025-09-02', 'high': 173.0, 'low_date': '2025-09-04', 'low': 164.45, 'pullback_pct': 4.94}, {'high_date': '2025-09-17', 'high': 185.55, 'low_date': '2025-09-29', 'low': 167.78, 'pullback_pct': 9.58}, {'high_date': '2025-10-07', 'high': 181.17, 'low_date': '2025-11-13', 'low': 159.87, 'pullback_pct': 11.76}, {'high_date': '2025-11-17', 'high': 167.17, 'low_date': '2025-12-08', 'low': 145.7, 'pullback_pct': 12.84}]",167.17,False,28.0,155.69,153.8,1.22,161.37,3.65,3.0,no valid VCP base
RAILTEL,None,None,3,4,1,False,"T1_above_ma150_200,T3_ma200_uptrend,T4_ma50_above_med,T5_above_ma50,T6_25pct_above_low,T7_within_25pct_high,T8_rs_rank",22.9,26.8,91.49,LAGGING,False,15,"[{'high_date': '2025-01-31', 'high': 401.76, 'low_date': '2025-02-18', 'low': 288.72, 'pullback_pct': 28.14}, {'high_date': '2025-02-19', 'high': 310.66, 'low_date': '2025-03-03', 'low': 273.95, 'pullback_pct': 11.82}, {'high_date': '2025-03-07', 'high': 295.14, 'low_date': '2025-03-17', 'low': 272.32, 'pullback_pct': 7.73}, {'high_date': '2025-03-24', 'high': 323.6, 'low_date': '2025-04-07', 'low': 279.12, 'pullback_pct': 13.74}, {'high_date': '2025-04-23', 'high': 316.75, 'low_date': '2025-04-30', 'low': 293.5, 'pullback_pct': 7.34}, {'high_date': '2025-05-05', 'high': 320.07, 'low_date': '2025-05-08', 'low': 297.96, 'pullback_pct': 6.91}, {'high_date': '2025-05-19', 'high': 393.93, 'low_date': '2025-05-23', 'low': 372.96, 'pullback_pct': 5.32}, {'high_date': '2025-06-05', 'high': 457.18, 'low_date': '2025-06-19', 'low': 403.94, 'pullback_pct': 11.64}, {'high_date': '2025-06-30', 'high': 424.71, 'low_date': '2025-08-01', 'low': 350.95, 'pullback_pct': 17.37}, {'high_date': '2025-08-04', 'high': 365.28, 'low_date': '2025-08-08', 'low': 342.62, 'pullback_pct': 6.2}, {'high_date': '2025-08-21', 'high': 359.91, 'low_date': '2025-08-29', 'low': 326.17, 'pullback_pct': 9.37}, {'high_date': '2025-09-17', 'high': 398.42, 'low_date': '2025-09-30', 'low': 369.9, 'pullback_pct': 7.16}, {'high_date': '2025-10-07', 'high': 395.19, 'low_date': '2025-11-10', 'low': 348.03, 'pullback_pct': 11.93}, {'high_date': '2025-11-17', 'high': 363.08, 'low_date': '2025-12-08', 'low': 315.9, 'pullback_pct': 13.0}]",363.08,False,28.0,334.73,334.03,0.21,336.82,0.62,3.0,no valid VCP base
SRF,None,None,3,2,6,False,"T4_ma50_above_med,T8_rs_rank",36.1,8.6,99.06,IMPROVING,False,15,"[{'high_date': '2025-02-04', 'high': 2960.9, 'low_date': '2025-02-19', 'low': 2719.41, 'pullback_pct': 8.16}, {'high_date': '2025-03-21', 'high': 3014.83, 'low_date': '2025-04-07', 'low': 2706.65, 'pullback_pct': 10.22}, {'high_date': '2025-05-07', 'high': 3046.08, 'low_date': '2025-05-30', 'low': 2851.99, 'pullback_pct': 6.37}, {'high_date': '2025-07-08', 'high': 3276.15, 'low_date': '2025-08-29', 'low': 2831.17, 'pullback_pct': 13.58}, {'high_date': '2025-09-11', 'high': 2980.0, 'low_date': '2025-09-29', 'low': 2792.84, 'pullback_pct': 6.28}, {'high_date': '2025-10-16', 'high': 3184.12, 'low_date': '2025-11-19', 'low': 2781.27, 'pullback_pct': 12.65}]",3184.12,False,60.0,2995.47,2929.39,2.21,3193.71,6.62,3.0,no valid VCP base
SAREGAMA,None,None,3,4,0,False,"T1_above_ma150_200,T2_ma150_above_200,T3_ma200_uptrend,T4_ma50_above_med,T5_above_ma50,T6_25pct_above_low,T7_within_25pct_high,T8_rs_rank",8.1,34.4,85.41,LAGGING,False,15,"[{'high_date': '2025-02-03', 'high': 531.28, 'low_date': '2025-02-18', 'low': 466.49, 'pullback_pct': 12.2}, {'high_date': '2025-02-20', 'high': 496.26, 'low_date': '2025-02-28', 'low': 438.98, 'pullback_pct': 11.54}, {'high_date': '2025-03-25', 'high': 515.06, 'low_date': '2025-04-07', 'low': 484.93, 'pullback_pct': 5.85}, {'high_date': '2025-04-23', 'high': 559.48, 'low_date': '2025-04-30', 'low': 518.42, 'pullback_pct': 7.34}, {'high_date': '2025-05-15', 'high': 549.43, 'low_date': '2025-05-19', 'low': 525.2, 'pullback_pct': 4.41}, {'high_date': '2025-06-05', 'high': 573.67, 'low_date': '2025-07-16', 'low': 475.44, 'pullback_pct': 17.12}, {'high_date': '2025-07-18', 'high': 504.03, 'low_date': '2025-08-04', 'low': 466.09, 'pullback_pct': 7.53}, {'high_date': '2025-09-08', 'high': 496.66, 'low_date': '2025-11-24', 'low': 370.55, 'pullback_pct': 25.39}, {'high_date': '2025-11-27', 'high': 399.75, 'low_date': '2025-12-08', 'low': 347.9, 'pullback_pct': 12.97}]",399.75,False,18.0,376.25,367.77,2.25,401.69,6.76,3.0,no valid VCP base
BIKAJI,None,None,3,2,5,False,"T1_above_ma150_200,T4_ma50_above_med,T8_rs_rank",30.5,12.8,98.06,LAGGING,False,15,"[{'high_date': '2025-02-06', 'high': 732.83, 'low_date': '2025-02-18', 'low': 567.93, 'pullback_pct': 22.5}, {'high_date': '2025-02-21', 'high': 674.45, 'low_date': '2025-02-27', 'low': 627.36, 'pullback_pct': 6.98}, {'high_date': '2025-03-04', 'high': 675.5, 'low_date': '2025-03-10', 'low': 641.74, 'pullback_pct': 5.0}, {'high_date': '2025-03-19', 'high': 702.32, 'low_date': '2025-03-27', 'low': 656.22, 'pullback_pct': 6.56}, {'high_date': '2025-04-24', 'high': 749.06, 'low_date': '2025-05-09', 'low': 673.5, 'pullback_pct': 10.09}, {'high_date': '2025-05-29', 'high': 767.73, 'low_date': '2025-06-23', 'low': 704.86, 'pullback_pct': 8.19}, {'high_date': '2025-06-27', 'high': 753.85, 'low_date': '2025-07-14', 'low': 719.74, 'pullback_pct': 4.52}, {'high_date': '2025-07-23', 'high': 787.66, 'low_date': '2025-08-13', 'low': 716.0, 'pullback_pct': 9.1}, {'high_date': '2025-09-04', 'high': 801.35, 'low_date': '2025-12-03', 'low': 697.8, 'pullback_pct': 12.92}]",801.35,False,102.0,741.0,737.24,0.51,752.27,1.52,3.0,no valid VCP base
PGEL,None,None,3,4,0,False,"T1_above_ma150_200,T2_ma150_above_200,T3_ma200_uptrend,T4_ma50_above_med,T5_above_ma50,T6_25pct_above_low,T7_within_25pct_high,T8_rs_rank",16.2,44.8,101.09,LEADING,False,15,"[{'high_date': '2025-02-07', 'high': 863.22, 'low_date': '2025-02-18', 'low': 742.17, 'pullback_pct': 14.02}, {'high_date': '2025-03-10', 'high': 898.65, 'low_date': '2025-03-13', 'low': 834.63, 'pullback_pct': 7.12}, {'high_date': '2025-03-21', 'high': 945.78, 'low_date': '2025-03-26', 'low': 869.77, 'pullback_pct': 8.04}, {'high_date': '2025-04-03', 'high': 936.49, 'low_date': '2025-04-07', 'low': 812.64, 'pullback_pct': 13.22}, {'high_date': '2025-04-22', 'high': 968.02, 'low_date': '2025-05-06', 'low': 794.35, 'pullback_pct': 17.94}, {'high_date': '2025-05-07', 'high': 845.33, 'low_date': '2025-05-09', 'low': 798.1, 'pullback_pct': 5.59}, {'high_date': '2025-05-12', 'high': 881.06, 'low_date': '2025-05-19', 'low': 787.1, 'pullback_pct': 10.66}, {'high_date': '2025-05-20', 'high': 821.89, 'low_date': '2025-05-22', 'low': 755.77, 'pullback_pct': 8.04}, {'high_date': '2025-06-02', 'high': 789.9, 'low_date': '2025-07-01', 'low': 722.68, 'pullback_pct': 8.51}, {'high_date': '2025-07-16', 'high': 827.64, 'low_date': '2025-08-13', 'low': 485.89, 'pullback_pct': 41.29}, {'high_date': '2025-08-25', 'high': 583.74, 'low_date': '2025-08-29', 'low': 532.87, 'pullback_pct': 8.72}, {'high_date': '2025-09-15', 'high': 572.95, 'low_date': '2025-09-30', 'low': 502.3, 'pullback_pct': 12.33}, {'high_date': '2025-10-17', 'high': 588.25, 'low_date': '2025-11-12', 'low': 528.0, 'pullback_pct': 10.24}, {'high_date': '2025-11-26', 'high': 604.2, 'low_date': '2025-12-08', 'low': 529.6, 'pullback_pct': 12.35}]",604.2,False,19.0,564.75,555.86,1.57,591.41,4.72,3.0,no valid VCP base
CHOICEIN,None,None,3,2,6,False,"T5_above_ma50,T8_rs_rank",65.8,7.7,96.14,LAGGING,False,15,"[{'high_date': '2025-02-07', 'high': 534.75, 'low_date': '2025-02-28', 'low': 465.65, 'pullback_pct': 12.92}, {'high_date': '2025-04-03', 'high': 518.7, 'low_date': '2025-04-07', 'low': 483.95, 'pullback_pct': 6.7}, {'high_date': '2025-07-04', 'high': 734.4, 'low_date': '2025-07-14', 'low': 690.75, 'pullback_pct': 5.94}, {'high_date': '2025-08-19', 'high': 819.1, 'low_date': '2025-09-04', 'low': 780.75, 'pullback_pct': 4.68}, {'high_date': '2025-09-24', 'high': 826.3, 'low_date': '2025-10-01', 'low': 766.2, 'pullback_pct': 7.27}, {'high_date': '2025-10-31', 'high': 836.6, 'low_date': '2025-11-21', 'low': 779.65, 'pullback_pct': 6.81}, {'high_date': '2025-11-27', 'high': 813.3, 'low_date': '2025-12-11', 'low': 704.95, 'pullback_pct': 13.32}]",813.3,False,18.0,772.2,748.24,3.1,844.09,9.31,3.0,no valid VCP base
FACT,None,None,3,3,4,False,"T1_above_ma150_200,T4_ma50_above_med,T5_above_ma50,T8_rs_rank",46.6,19.3,94.23,LAGGING,False,15,"[{'high_date': '2025-02-01', 'high': 922.14, 'low_date': '2025-02-21', 'low': 706.12, 'pullback_pct': 23.43}, {'high_date': '2025-02-27', 'high': 747.51, 'low_date': '2025-03-17', 'low': 596.41, 'pullback_pct': 20.21}, {'high_date': '2025-03-24', 'high': 676.43, 'low_date': '2025-04-07', 'low': 584.82, 'pullback_pct': 13.54}, {'high_date': '2025-04-21', 'high': 774.44, 'low_date': '2025-04-25', 'low': 738.76, 'pullback_pct': 4.61}, {'high_date': '2025-05-26', 'high': 925.33, 'low_date': '2025-05-30', 'low': 882.6, 'pullback_pct': 4.62}, {'high_date': '2025-06-10', 'high': 1062.63, 'low_date': '2025-06-19', 'low': 992.41, 'pullback_pct': 6.61}, {'high_date': '2025-06-25', 'high': 1037.54, 'low_date': '2025-07-14', 'low': 903.89, 'pullback_pct': 12.88}, {'high_date': '2025-07-24', 'high': 976.31, 'low_date': '2025-08-11', 'low': 914.39, 'pullback_pct': 6.34}, {'high_date': '2025-08-25', 'high': 1015.5, 'low_date': '2025-08-29', 'low': 924.54, 'pullback_pct': 8.96}, {'high_date': '2025-09-03', 'high': 1006.75, 'low_date': '2025-10-14', 'low': 871.9, 'pullback_pct': 13.39}, {'high_date': '2025-11-14', 'high': 914.55, 'low_date': '2025-12-08', 'low': 795.55, 'pullback_pct': 13.01}]",914.55,False,31.0,857.4,841.39,1.87,905.44,5.6,3.0,no valid VCP base
TORNTPHARM,None,None,0,2,7,False,T8_rs_rank,29.3,1.3,102.32,LEADING,False,0,[],,False,,3756.84,3671.85,2.26,4011.82,6.79,3.0,no valid VCP base
MRF,None,None,0,2,6,False,"T5_above_ma50,T8_rs_rank",49.4,5.6,97.84,LAGGING,False,0,[],,False,,153151.95,149785.59,2.2,163251.04,6.59,3.0,no valid VCP base
ABBOTINDIA,None,None,0,4,3,False,"T1_above_ma150_200,T4_ma50_above_med,T5_above_ma50,T6_25pct_above_low,T8_rs_rank",10.9,20.8,96.52,IMPROVING,False,0,[],,False,,27885.0,27004.82,3.16,30525.54,9.47,3.0,no valid VCP base
TCS,None,None,0,3,1,False,"T1_above_ma150_200,T2_ma150_above_200,T3_ma200_uptrend,T4_ma50_above_med,T6_25pct_above_low,T7_within_25pct_high,T8_rs_rank",12.3,25.3,103.69,LEADING,False,0,[],,False,,3172.53,3101.38,2.24,3385.96,6.73,3.0,no valid VCP base
NTPC,None,None,0,4,2,False,"T1_above_ma150_200,T2_ma150_above_200,T4_ma50_above_med,T5_above_ma50,T6_25pct_above_low,T8_rs_rank",11.5,10.1,96.68,LAGGING,False,0,[],,False,,321.52,315.28,1.94,340.26,5.83,3.0,no valid VCP base
PIDILITIND,None,None,0,4,3,False,"T1_above_ma150_200,T4_ma50_above_med,T5_above_ma50,T6_25pct_above_low,T8_rs_rank",12.1,6.7,97.75,LAGGING,False,0,[],,False,,1479.4,1450.36,1.96,1566.51,5.89,3.0,no valid VCP base
HDFCBANK,None,None,0,2,6,False,"T6_25pct_above_low,T8_rs_rank",23.9,1.7,100.28,LEADING,False,0,[],,False,,996.1,975.51,2.07,1057.88,6.2,3.0,no valid VCP base
ICICIBANK,None,None,0,4,3,False,"T1_above_ma150_200,T4_ma50_above_med,T5_above_ma50,T6_25pct_above_low,T8_rs_rank",15.0,7.6,98.61,IMPROVING,False,0,[],,False,,1365.2,1340.97,1.77,1437.87,5.32,3.0,no valid VCP base
SHREECEM,None,None,0,4,2,False,"T1_above_ma150_200,T3_ma200_uptrend,T4_ma50_above_med,T5_above_ma50,T6_25pct_above_low,T8_rs_rank",7.7,17.5,92.21,LAGGING,False,0,[],,False,,26625.0,25924.29,2.63,28727.14,7.9,3.0,no valid VCP base
